t_s,route,status,latency_ms,backend,ok
0.001,message,201,28.750,backend-2,true
0.001,message,201,28.830,backend-2,true
0.000,message,201,29.230,backend-2,true
0.000,message,201,30.110,backend-3,true
0.000,message,201,29.520,backend-3,true
0.000,message,201,29.500,backend-2,true
0.000,message,201,29.910,backend-2,true
0.000,message,201,30.500,backend-2,true
0.001,message,201,33.040,backend-3,true
0.000,message,201,33.740,backend-1,true
0.000,message,201,33.970,backend-1,true
0.001,message,201,33.960,backend-3,true
0.004,message,201,30.950,backend-3,true
0.000,message,201,34.410,backend-3,true
0.001,message,201,34.170,backend-3,true
0.001,message,201,34.180,backend-3,true
0.001,message,201,33.720,backend-3,true
0.001,message,201,33.490,backend-3,true
0.001,message,201,39.620,backend-1,true
0.004,message,201,36.490,backend-1,true
0.001,message,201,39.800,backend-3,true
0.004,message,201,36.620,backend-3,true
0.011,message,201,29.230,backend-3,true
0.000,message,201,41.060,backend-2,true
0.001,message,201,39.830,backend-2,true
0.004,message,201,36.690,backend-2,true
0.002,message,201,38.450,backend-2,true
0.001,message,201,39.930,backend-3,true
0.000,message,201,40.830,backend-1,true
0.001,message,201,40.140,backend-3,true
0.004,message,201,36.990,backend-3,true
0.003,message,201,37.860,backend-3,true
0.000,message,201,41.300,backend-3,true
0.001,message,201,40.020,backend-3,true
0.002,message,201,39.080,backend-1,true
0.001,message,201,39.880,backend-1,true
0.003,message,201,38.450,backend-1,true
0.002,message,201,39.380,backend-1,true
0.004,message,201,37.200,backend-1,true
0.001,message,201,39.850,backend-1,true
0.000,message,201,43.910,backend-1,true
0.000,message,201,43.380,backend-1,true
0.001,message,201,42.980,backend-1,true
0.001,message,201,43.650,backend-1,true
0.001,message,201,43.740,backend-1,true
0.001,message,201,43.650,backend-1,true
0.001,message,201,43.870,backend-1,true
0.001,message,201,43.900,backend-2,true
0.000,message,201,44.450,backend-1,true
0.003,message,201,41.980,backend-2,true
0.007,message,201,44.190,backend-3,true
0.007,message,201,44.060,backend-3,true
0.001,message,201,50.050,backend-3,true
0.008,message,201,43.960,backend-3,true
0.010,message,201,41.880,backend-3,true
0.002,message,201,49.650,backend-3,true
0.009,message,201,42.070,backend-3,true
0.006,message,201,45.120,backend-3,true
0.010,message,201,41.590,backend-3,true
0.010,message,201,41.880,backend-3,true
0.003,message,201,49.060,backend-3,true
0.045,message,201,6.770,backend-3,true
0.007,message,201,44.260,backend-3,true
0.010,message,201,41.750,backend-3,true
0.006,message,201,45.300,backend-3,true
0.003,message,201,49.220,backend-2,true
0.002,message,201,50.240,backend-2,true
0.002,message,201,49.360,backend-3,true
0.035,message,201,17.190,backend-3,true
0.035,message,201,17.180,backend-3,true
0.002,message,201,49.600,backend-3,true
0.035,message,201,17.290,backend-3,true
0.003,message,201,48.920,backend-3,true
0.004,message,201,47.700,backend-3,true
0.002,message,201,49.510,backend-3,true
0.001,message,201,50.790,backend-3,true
0.010,message,201,41.760,backend-1,true
0.030,message,201,22.170,backend-3,true
0.003,message,201,49.260,backend-3,true
0.015,message,201,36.770,backend-3,true
0.002,message,201,50.100,backend-3,true
0.030,message,201,22.350,backend-3,true
0.012,message,201,40.580,backend-3,true
0.001,message,201,57.110,backend-2,true
0.003,message,201,55.580,backend-2,true
0.000,message,201,58.840,backend-2,true
0.001,message,201,57.270,backend-2,true
0.044,message,201,14.490,backend-3,true
0.043,message,201,18.800,backend-3,true
0.045,message,201,17.430,backend-3,true
0.010,message,201,51.970,backend-3,true
0.008,message,201,54.670,backend-3,true
0.002,message,201,60.020,backend-3,true
0.010,message,201,52.020,backend-3,true
0.008,message,201,54.710,backend-3,true
0.002,message,201,60.060,backend-3,true
0.011,message,201,51.940,backend-3,true
0.011,message,201,51.970,backend-3,true
0.000,message,201,62.180,backend-3,true
0.011,message,201,51.450,backend-3,true
0.011,message,201,52.050,backend-3,true
0.011,message,201,51.450,backend-3,true
0.007,message,201,55.250,backend-3,true
0.010,message,201,52.340,backend-3,true
0.006,message,201,56.220,backend-3,true
0.011,message,201,51.530,backend-3,true
0.007,message,201,56.220,backend-3,true
0.003,message,201,59.670,backend-2,true
0.007,message,201,60.540,backend-3,true
0.003,message,201,64.900,backend-1,true
0.002,message,201,65.970,backend-2,true
0.011,message,201,57.070,backend-1,true
0.002,message,201,65.410,backend-1,true
0.002,message,201,65.620,backend-2,true
0.002,message,201,65.770,backend-2,true
0.003,message,201,65.340,backend-1,true
0.002,message,201,66.300,backend-1,true
0.045,message,201,23.030,backend-3,true
0.011,message,201,57.270,backend-1,true
0.009,message,201,58.570,backend-3,true
0.052,message,201,15.840,backend-1,true
0.011,message,201,56.760,backend-1,true
0.007,message,201,61.450,backend-1,true
0.006,message,201,61.500,backend-1,true
0.052,message,201,16.360,backend-1,true
0.004,message,201,63.810,backend-1,true
0.003,message,201,65.310,backend-1,true
0.052,message,201,16.110,backend-3,true
0.002,message,201,65.720,backend-2,true
0.052,message,201,16.470,backend-3,true
0.002,message,201,66.580,backend-1,true
0.007,message,201,60.660,backend-1,true
0.002,message,201,66.530,backend-3,true
0.010,message,201,58.140,backend-2,true
0.008,message,201,60.310,backend-1,true
0.004,message,201,64.700,backend-3,true
0.010,message,201,58.120,backend-2,true
0.015,message,201,53.110,backend-2,true
0.008,message,201,60.680,backend-2,true
0.003,message,201,65.390,backend-2,true
0.015,message,201,53.670,backend-2,true
0.011,message,201,57.140,backend-1,true
0.008,message,201,60.680,backend-2,true
0.029,message,201,38.990,backend-2,true
0.030,message,201,38.810,backend-2,true
0.006,message,201,61.890,backend-1,true
0.006,message,201,61.960,backend-2,true
0.015,message,201,53.610,backend-2,true
0.006,message,201,62.120,backend-2,true
0.002,message,201,66.320,backend-1,true
0.007,message,201,61.040,backend-2,true
0.007,message,201,61.190,backend-2,true
0.002,message,201,66.080,backend-2,true
0.001,message,201,67.500,backend-2,true
0.007,message,201,61.780,backend-1,true
0.000,message,201,68.420,backend-3,true
0.008,message,201,61.080,backend-2,true
0.010,message,201,58.780,backend-2,true
0.052,message,201,16.570,backend-1,true
0.003,message,201,65.620,backend-3,true
0.007,message,201,61.180,backend-2,true
0.007,message,201,61.400,backend-1,true
0.003,message,201,66.130,backend-3,true
0.003,message,201,65.650,backend-3,true
0.052,message,201,16.630,backend-3,true
0.004,message,201,64.610,backend-3,true
0.003,message,201,65.890,backend-3,true
0.004,message,201,64.620,backend-3,true
0.000,message,201,68.360,backend-2,true
0.035,message,201,34.010,backend-1,true
0.011,message,201,57.430,backend-3,true
0.008,message,201,61.140,backend-1,true
0.052,message,201,16.930,backend-1,true
0.035,message,201,34.110,backend-1,true
0.001,message,201,67.460,backend-1,true
0.045,message,201,24.100,backend-1,true
0.002,message,201,69.360,backend-2,true
0.043,message,201,28.240,backend-1,true
0.002,message,201,70.100,backend-1,true
0.004,message,201,68.180,backend-1,true
0.044,message,201,27.320,backend-1,true
0.001,message,201,70.400,backend-1,true
0.052,message,201,20.280,backend-1,true
0.011,message,201,60.430,backend-1,true
0.011,message,201,60.460,backend-1,true
0.011,message,201,60.570,backend-2,true
0.000,message,201,72.100,backend-2,true
0.002,message,201,69.920,backend-2,true
0.002,message,201,69.940,backend-1,true
0.052,message,201,20.150,backend-1,true
0.002,message,201,69.720,backend-1,true
0.011,message,201,61.370,backend-1,true
0.052,message,201,26.280,backend-3,true
0.019,message,201,59.680,backend-1,true
0.035,message,201,43.790,backend-1,true
0.052,message,201,26.540,backend-3,true
0.007,message,201,71.430,backend-1,true
0.002,message,201,76.520,backend-3,true
0.002,message,201,76.660,backend-3,true
0.003,message,201,76.100,backend-3,true
0.002,message,201,76.760,backend-3,true
0.011,message,201,67.580,backend-3,true
0.009,message,201,69.570,backend-3,true
0.007,message,201,72.300,backend-3,true
0.008,message,201,70.980,backend-3,true
0.002,message,201,76.980,backend-3,true
0.002,message,201,77.420,backend-2,true
0.017,message,201,61.670,backend-1,true
0.059,message,201,20.210,backend-3,true
0.007,message,201,72.270,backend-3,true
0.051,message,201,27.570,backend-2,true
0.011,message,201,67.850,backend-3,true
0.059,message,201,20.440,backend-3,true
0.002,message,201,76.950,backend-3,true
0.052,message,201,27.460,backend-3,true
0.011,message,201,67.720,backend-3,true
0.007,message,201,71.880,backend-3,true
0.011,message,201,68.030,backend-2,true
0.059,message,201,20.480,backend-3,true
0.014,message,201,64.920,backend-3,true
0.052,message,201,27.570,backend-3,true
0.052,message,201,27.690,backend-3,true
0.051,message,201,27.900,backend-3,true
0.001,message,201,78.580,backend-2,true
0.001,message,201,78.220,backend-2,true
0.001,message,201,78.440,backend-2,true
0.003,message,201,76.550,backend-2,true
0.007,message,201,72.080,backend-2,true
0.002,message,201,77.550,backend-1,true
0.011,message,201,68.160,backend-1,true
0.052,message,201,27.600,backend-3,true
0.010,message,201,69.340,backend-1,true
0.030,message,201,49.890,backend-1,true
0.008,message,201,71.980,backend-1,true
0.035,message,201,44.960,backend-1,true
0.010,message,201,69.940,backend-1,true
0.008,message,201,71.820,backend-2,true
0.041,message,201,38.550,backend-1,true
0.052,message,201,27.860,backend-3,true
0.009,message,201,70.520,backend-1,true
0.008,message,201,71.870,backend-3,true
0.041,message,201,38.650,backend-1,true
0.017,message,201,62.750,backend-1,true
0.008,message,201,71.900,backend-3,true
0.041,message,201,38.670,backend-1,true
0.052,message,201,28.020,backend-3,true
0.052,message,201,27.800,backend-3,true
0.003,message,201,77.130,backend-3,true
0.002,message,201,77.940,backend-3,true
0.007,message,201,73.180,backend-3,true
0.008,message,201,72.210,backend-1,true
0.007,message,201,73.240,backend-3,true
0.052,message,201,28.200,backend-2,true
0.009,message,201,75.090,backend-3,true
0.007,message,201,76.770,backend-3,true
0.007,message,201,77.330,backend-3,true
0.007,message,201,77.160,backend-3,true
0.007,message,201,77.160,backend-3,true
0.007,message,201,77.160,backend-3,true
0.052,message,201,31.930,backend-2,true
0.011,message,201,73.020,backend-3,true
0.008,message,201,76.160,backend-3,true
0.007,message,201,77.120,backend-3,true
0.008,message,201,76.540,backend-3,true
0.009,message,201,75.310,backend-2,true
0.009,message,201,75.390,backend-2,true
0.017,message,201,67.190,backend-2,true
0.019,message,201,65.500,backend-2,true
0.051,message,201,32.960,backend-3,true
0.004,message,201,80.610,backend-2,true
0.007,message,201,77.260,backend-2,true
0.002,message,201,82.350,backend-2,true
0.044,message,201,40.150,backend-2,true
0.009,message,201,75.680,backend-2,true
0.009,message,201,75.340,backend-2,true
0.003,message,201,82.060,backend-2,true
0.002,message,201,82.530,backend-2,true
0.002,message,201,82.340,backend-2,true
0.011,message,201,73.490,backend-2,true
0.008,message,201,76.910,backend-2,true
0.052,message,201,32.860,backend-2,true
0.052,message,201,32.980,backend-2,true
0.007,message,201,78.100,backend-3,true
0.009,message,201,75.980,backend-3,true
0.017,message,201,67.800,backend-3,true
0.052,message,201,32.990,backend-3,true
0.018,message,201,67.230,backend-3,true
0.052,message,201,32.840,backend-2,true
0.052,message,201,33.170,backend-2,true
0.001,message,201,83.660,backend-1,true
0.052,message,201,33.390,backend-3,true
0.010,message,201,74.660,backend-1,true
0.044,message,201,41.460,backend-3,true
0.052,message,201,32.820,backend-3,true
0.002,message,201,82.840,backend-1,true
0.051,message,201,33.580,backend-3,true
0.017,message,201,67.610,backend-3,true
0.051,message,201,33.700,backend-3,true
0.052,message,201,33.550,backend-3,true
0.001,message,201,83.840,backend-3,true
0.003,message,201,82.740,backend-3,true
0.003,message,201,82.510,backend-1,true
0.011,message,201,74.160,backend-1,true
0.008,message,201,78.050,backend-3,true
0.008,message,201,77.660,backend-3,true
0.069,message,201,21.000,backend-1,true
0.016,message,201,73.590,backend-1,true
0.068,message,201,21.290,backend-1,true
0.007,message,201,82.750,backend-3,true
0.019,message,201,70.880,backend-3,true
0.068,message,201,21.450,backend-1,true
0.069,message,201,21.360,backend-1,true
0.062,message,201,27.520,backend-3,true
0.041,message,201,49.320,backend-1,true
0.062,message,201,27.670,backend-3,true
0.041,message,201,49.130,backend-1,true
0.062,message,201,27.830,backend-3,true
0.069,message,201,21.560,backend-1,true
0.069,message,201,21.560,backend-1,true
0.062,message,201,27.900,backend-3,true
0.041,message,201,49.270,backend-1,true
0.069,message,201,21.640,backend-1,true
0.063,message,201,27.540,backend-3,true
0.069,message,201,21.700,backend-1,true
0.069,message,201,21.760,backend-1,true
0.063,message,201,27.560,backend-3,true
0.015,message,201,75.070,backend-3,true
0.014,message,201,76.250,backend-3,true
0.030,message,201,60.160,backend-3,true
0.068,message,201,22.440,backend-1,true
0.068,message,201,22.490,backend-1,true
0.041,message,201,50.410,backend-3,true
0.069,message,201,22.420,backend-1,true
0.034,message,201,56.670,backend-3,true
0.068,message,201,22.650,backend-1,true
0.063,message,201,28.380,backend-3,true
0.063,message,201,28.470,backend-3,true
0.068,message,201,22.900,backend-1,true
0.063,message,201,28.480,backend-3,true
0.063,message,201,28.610,backend-3,true
0.063,message,201,28.600,backend-3,true
0.007,message,201,84.170,backend-3,true
0.016,message,201,74.900,backend-3,true
0.063,message,201,28.580,backend-3,true
0.011,message,201,79.950,backend-3,true
0.041,message,201,50.340,backend-3,true
0.016,message,201,75.540,backend-3,true
0.034,message,201,57.300,backend-3,true
0.041,message,201,50.660,backend-3,true
0.041,message,201,51.030,backend-3,true
0.068,message,201,23.340,backend-1,true
0.016,message,201,75.470,backend-3,true
0.019,message,201,72.820,backend-3,true
0.017,message,201,74.900,backend-1,true
0.017,message,201,75.140,backend-3,true
0.018,message,201,73.420,backend-3,true
0.019,message,201,73.220,backend-3,true
0.008,message,201,83.990,backend-3,true
0.019,message,201,73.580,backend-1,true
0.062,message,201,30.270,backend-3,true
0.068,message,201,24.910,backend-1,true
0.068,message,201,25.210,backend-1,true
0.068,message,201,25.230,backend-1,true
0.007,message,201,86.020,backend-1,true
0.062,message,201,30.660,backend-3,true
0.068,message,201,25.180,backend-1,true
0.018,message,201,75.360,backend-3,true
0.014,message,201,78.900,backend-3,true
0.068,message,201,24.840,backend-1,true
0.068,message,201,25.250,backend-1,true
0.068,message,201,24.810,backend-1,true
0.072,message,201,21.350,backend-1,true
0.063,message,201,30.650,backend-3,true
0.072,message,201,21.430,backend-1,true
0.019,message,201,74.570,backend-3,true
0.072,message,201,21.470,backend-1,true
0.017,message,201,76.530,backend-3,true
0.072,message,201,21.580,backend-1,true
0.007,message,201,86.140,backend-1,true
0.041,message,201,52.710,backend-2,true
0.069,message,201,24.600,backend-1,true
0.068,message,201,25.620,backend-2,true
0.034,message,201,59.210,backend-3,true
0.014,message,201,78.960,backend-1,true
0.068,message,201,25.850,backend-1,true
0.068,message,201,25.440,backend-1,true
0.068,message,201,25.500,backend-1,true
0.068,message,201,25.500,backend-1,true
0.072,message,201,21.830,backend-1,true
0.068,message,201,25.240,backend-1,true
0.068,message,201,25.790,backend-1,true
0.068,message,201,25.820,backend-1,true
0.063,message,201,31.300,backend-3,true
0.068,message,201,26.240,backend-1,true
0.006,message,201,88.160,backend-3,true
0.068,message,201,26.960,backend-2,true
0.068,message,201,27.180,backend-2,true
0.017,message,201,78.470,backend-2,true
0.041,message,201,54.530,backend-2,true
0.068,message,201,27.200,backend-2,true
0.068,message,201,27.250,backend-2,true
0.068,message,201,27.070,backend-2,true
0.069,message,201,26.840,backend-2,true
0.068,message,201,27.360,backend-2,true
0.068,message,201,27.370,backend-2,true
0.068,message,201,27.560,backend-2,true
0.016,message,201,79.670,backend-2,true
0.068,message,201,27.810,backend-2,true
0.068,message,201,27.620,backend-1,true
0.068,message,201,27.590,backend-1,true
0.068,message,201,27.710,backend-1,true
0.072,message,201,23.820,backend-1,true
0.072,message,201,23.910,backend-1,true
0.041,message,201,55.210,backend-1,true
0.072,message,201,23.880,backend-1,true
0.068,message,201,28.150,backend-2,true
0.069,message,201,27.010,backend-1,true
0.068,message,201,28.210,backend-2,true
0.069,message,201,27.090,backend-1,true
0.068,message,201,27.780,backend-1,true
0.068,message,201,27.740,backend-1,true
0.069,message,201,27.240,backend-2,true
0.072,message,201,24.180,backend-1,true
0.069,message,201,27.200,backend-2,true
0.068,message,201,28.320,backend-2,true
0.069,message,201,27.430,backend-2,true
0.069,message,201,27.250,backend-1,true
0.069,message,201,27.390,backend-1,true
0.069,message,201,27.470,backend-2,true
0.069,message,201,27.490,backend-1,true
0.016,message,201,79.810,backend-2,true
0.068,message,201,28.440,backend-2,true
0.069,message,201,27.570,backend-1,true
0.069,message,201,27.630,backend-1,true
0.068,message,201,28.230,backend-1,true
0.069,message,201,27.520,backend-1,true
0.068,message,201,28.020,backend-2,true
0.068,message,201,27.910,backend-2,true
0.041,message,201,55.540,backend-2,true
0.072,message,201,24.630,backend-2,true
0.072,message,201,24.450,backend-2,true
0.072,message,201,24.500,backend-2,true
0.072,message,201,24.770,backend-2,true
0.072,message,201,24.920,backend-2,true
0.072,message,201,24.640,backend-2,true
0.072,message,201,24.730,backend-2,true
0.069,message,201,28.010,backend-2,true
0.017,message,201,82.330,backend-3,true
0.030,message,201,69.240,backend-3,true
0.005,message,201,94.420,backend-3,true
0.030,message,201,69.080,backend-3,true
0.017,message,201,82.730,backend-3,true
0.014,message,201,85.200,backend-3,true
0.009,message,201,90.210,backend-3,true
0.007,message,201,92.250,backend-3,true
0.040,message,201,58.830,backend-3,true
0.007,message,201,92.170,backend-3,true
0.063,message,201,36.550,backend-3,true
0.008,message,201,91.650,backend-3,true
0.014,message,201,85.360,backend-3,true
0.006,message,201,93.110,backend-3,true
0.069,message,201,30.510,backend-2,true
0.062,message,201,36.970,backend-3,true
0.007,message,201,92.760,backend-3,true
0.014,message,201,85.170,backend-2,true
0.009,message,201,90.330,backend-3,true
0.041,message,201,58.460,backend-2,true
0.063,message,201,36.890,backend-3,true
0.008,message,201,91.730,backend-3,true
0.015,message,201,84.000,backend-2,true
0.007,message,201,92.520,backend-2,true
0.007,message,201,92.280,backend-2,true
0.007,message,201,92.230,backend-2,true
0.079,message,201,22.340,backend-2,true
0.079,message,201,22.390,backend-2,true
0.009,message,201,92.270,backend-3,true
0.063,message,201,39.020,backend-3,true
0.079,message,201,22.490,backend-2,true
0.041,message,201,60.780,backend-3,true
0.008,message,201,93.970,backend-3,true
0.079,message,201,22.590,backend-2,true
0.079,message,201,22.360,backend-3,true
0.079,message,201,22.530,backend-2,true
0.079,message,201,22.720,backend-2,true
0.079,message,201,22.570,backend-2,true
0.079,message,201,22.830,backend-2,true
0.079,message,201,22.560,backend-2,true
0.079,message,201,22.650,backend-2,true
0.079,message,201,22.990,backend-2,true
0.059,message,201,43.380,backend-3,true
0.014,message,201,87.790,backend-3,true
0.079,message,201,23.410,backend-2,true
0.079,message,201,22.860,backend-2,true
0.079,message,201,23.450,backend-2,true
0.079,message,201,23.090,backend-3,true
0.059,message,201,43.570,backend-3,true
0.079,message,201,23.750,backend-2,true
0.079,message,201,23.390,backend-2,true
0.041,message,201,61.600,backend-3,true
0.007,message,201,95.040,backend-3,true
0.079,message,201,23.600,backend-2,true
0.079,message,201,23.420,backend-2,true
0.079,message,201,23.570,backend-2,true
0.079,message,201,23.180,backend-2,true
0.079,message,201,23.150,backend-2,true
0.011,message,201,91.190,backend-3,true
0.085,message,201,21.370,backend-1,true
0.085,message,201,21.370,backend-1,true
0.084,message,201,21.940,backend-1,true
0.084,message,201,22.100,backend-1,true
0.079,message,201,27.590,backend-2,true
0.085,message,201,21.560,backend-1,true
0.085,message,201,21.130,backend-1,true
0.085,message,201,21.810,backend-1,true
0.084,message,201,22.420,backend-1,true
0.084,message,201,22.580,backend-1,true
0.085,message,201,22.070,backend-1,true
0.085,message,201,22.120,backend-1,true
0.079,message,201,27.570,backend-3,true
0.079,message,201,27.820,backend-3,true
0.011,message,201,95.630,backend-1,true
0.079,message,201,27.590,backend-1,true
0.085,message,201,22.100,backend-1,true
0.085,message,201,22.070,backend-1,true
0.080,message,201,27.360,backend-1,true
0.080,message,201,27.420,backend-3,true
0.079,message,201,28.560,backend-3,true
0.079,message,201,28.090,backend-3,true
0.080,message,201,27.560,backend-3,true
0.085,message,201,22.100,backend-1,true
0.079,message,201,27.600,backend-3,true
0.079,message,201,28.350,backend-2,true
0.080,message,201,27.380,backend-3,true
0.080,message,201,27.480,backend-3,true
0.079,message,201,28.470,backend-2,true
0.079,message,201,28.310,backend-3,true
0.080,message,201,27.480,backend-3,true
0.080,message,201,27.630,backend-3,true
0.079,message,201,27.830,backend-3,true
0.080,message,201,27.620,backend-3,true
0.084,message,201,23.340,backend-1,true
0.084,message,201,23.260,backend-1,true
0.085,message,201,22.800,backend-1,true
0.085,message,201,22.900,backend-1,true
0.084,message,201,24.350,backend-1,true
0.090,message,201,18.610,backend-1,true
0.090,message,201,18.750,backend-1,true
0.084,message,201,25.130,backend-1,true
0.090,message,201,19.330,backend-1,true
0.090,message,201,18.500,backend-1,true
0.090,message,201,18.620,backend-1,true
0.090,message,201,18.550,backend-1,true
0.090,message,201,18.670,backend-1,true
0.090,message,201,18.600,backend-1,true
0.090,message,201,18.720,backend-1,true
0.090,message,201,18.660,backend-1,true
0.090,message,201,18.690,backend-1,true
0.084,message,201,24.860,backend-1,true
0.084,message,201,24.920,backend-1,true
0.084,message,201,24.960,backend-1,true
0.084,message,201,24.910,backend-1,true
0.084,message,201,25.100,backend-1,true
0.084,message,201,25.110,backend-1,true
0.085,message,201,24.250,backend-1,true
0.079,message,201,30.220,backend-2,true
0.084,message,201,25.350,backend-1,true
0.085,message,201,24.450,backend-1,true
0.085,message,201,24.420,backend-1,true
0.085,message,201,24.540,backend-1,true
0.085,message,201,26.460,backend-1,true
0.084,message,201,26.940,backend-1,true
0.090,message,201,21.690,backend-1,true
0.090,message,201,21.740,backend-1,true
0.090,message,201,22.110,backend-1,true
0.090,message,201,22.210,backend-1,true
0.080,message,201,32.450,backend-1,true
0.015,message,201,97.070,backend-1,true
0.085,message,201,27.530,backend-1,true
0.090,message,201,22.710,backend-1,true
0.079,message,201,33.880,backend-2,true
0.092,message,201,25.700,backend-1,true
0.086,message,201,31.710,backend-3,true
0.085,message,201,32.070,backend-3,true
0.085,message,201,31.940,backend-3,true
0.090,message,201,27.020,backend-2,true
0.092,message,201,25.740,backend-2,true
0.095,message,201,21.990,backend-2,true
0.093,message,201,24.230,backend-2,true
0.090,message,201,27.610,backend-1,true
0.086,message,201,31.900,backend-3,true
0.091,message,201,26.290,backend-2,true
0.090,message,201,27.730,backend-1,true
0.095,message,201,22.170,backend-2,true
0.091,message,201,26.180,backend-1,true
0.091,message,201,26.290,backend-1,true
0.091,message,201,26.800,backend-2,true
0.091,message,201,26.800,backend-1,true
0.095,message,201,22.330,backend-2,true
0.093,message,201,24.300,backend-1,true
0.091,message,201,26.420,backend-1,true
0.091,message,201,26.810,backend-2,true
0.093,message,201,24.370,backend-1,true
0.093,message,201,24.400,backend-1,true
0.095,message,201,22.460,backend-2,true
0.094,message,201,24.380,backend-1,true
0.093,message,201,24.480,backend-1,true
0.095,message,201,22.560,backend-2,true
0.093,message,201,24.750,backend-2,true
0.093,message,201,24.540,backend-1,true
0.093,message,201,25.340,backend-2,true
0.093,message,201,24.820,backend-2,true
0.095,message,201,22.630,backend-2,true
0.091,message,201,26.980,backend-1,true
0.093,message,201,25.520,backend-2,true
0.093,message,201,24.820,backend-1,true
0.093,message,201,24.970,backend-1,true
0.093,message,201,25.200,backend-2,true
0.096,message,201,22.120,backend-2,true
0.093,message,201,25.170,backend-1,true
0.091,message,201,27.470,backend-2,true
0.096,message,201,22.280,backend-2,true
0.091,message,201,27.300,backend-1,true
0.091,message,201,27.500,backend-1,true
0.096,message,201,22.720,backend-2,true
0.093,message,201,25.400,backend-2,true
0.096,message,201,22.790,backend-2,true
0.093,message,201,25.380,backend-1,true
0.096,message,201,22.860,backend-2,true
0.096,message,201,22.880,backend-2,true
0.093,message,201,25.520,backend-2,true
0.096,message,201,22.380,backend-2,true
0.096,message,201,22.640,backend-2,true
0.096,message,201,22.440,backend-2,true
0.097,message,201,22.180,backend-2,true
0.096,message,201,22.720,backend-2,true
0.092,message,201,27.150,backend-2,true
0.096,message,201,22.780,backend-2,true
0.095,message,201,24.410,backend-2,true
0.102,message,201,17.390,backend-2,true
0.093,message,201,26.040,backend-2,true
0.096,message,201,22.980,backend-2,true
0.096,message,201,22.850,backend-2,true
0.078,message,201,40.820,backend-2,true
0.096,message,201,23.120,backend-2,true
0.078,message,201,40.820,backend-2,true
0.080,message,201,39.470,backend-2,true
0.091,message,201,28.460,backend-2,true
0.094,message,201,25.690,backend-1,true
0.093,message,201,26.410,backend-2,true
0.096,message,201,23.440,backend-2,true
0.080,message,201,39.840,backend-2,true
0.094,message,201,25.790,backend-1,true
0.085,message,201,34.670,backend-3,true
0.085,message,201,34.210,backend-3,true
0.094,message,201,25.830,backend-1,true
0.091,message,201,28.430,backend-2,true
0.091,message,201,28.790,backend-2,true
0.091,message,201,28.500,backend-2,true
0.093,message,201,26.490,backend-1,true
0.080,message,201,40.190,backend-2,true
0.093,message,201,26.650,backend-2,true
0.091,message,201,28.590,backend-2,true
0.041,message,201,79.170,backend-1,true
0.094,message,201,26.300,backend-1,true
0.093,message,201,26.470,backend-2,true
0.007,message,201,112.630,backend-1,true
0.094,message,201,26.370,backend-2,true
0.092,message,201,28.250,backend-2,true
0.091,message,201,28.690,backend-1,true
0.093,message,201,26.820,backend-2,true
0.041,message,201,79.190,backend-1,true
0.091,message,201,28.640,backend-2,true
0.093,message,201,26.760,backend-2,true
0.091,message,201,28.680,backend-2,true
0.041,message,201,79.460,backend-1,true
0.085,message,201,35.000,backend-3,true
0.091,message,201,28.770,backend-2,true
0.099,message,201,21.250,backend-3,true
0.085,message,201,35.520,backend-3,true
0.096,message,201,25.160,backend-3,true
0.097,message,201,24.060,backend-3,true
0.096,message,201,25.210,backend-3,true
0.099,message,201,21.470,backend-3,true
0.084,message,201,38.090,backend-3,true
0.085,message,201,37.840,backend-2,true
0.092,message,201,30.650,backend-3,true
0.096,message,201,26.640,backend-2,true
0.095,message,201,27.070,backend-3,true
0.080,message,201,42.690,backend-2,true
0.096,message,201,26.610,backend-3,true
0.096,message,201,26.700,backend-3,true
0.085,message,201,37.590,backend-3,true
0.085,message,201,37.910,backend-3,true
0.094,message,201,29.230,backend-3,true
0.093,message,201,29.600,backend-3,true
0.094,message,201,28.900,backend-3,true
0.092,message,201,30.890,backend-3,true
0.093,message,201,29.780,backend-3,true
0.085,message,201,38.030,backend-3,true
0.085,message,201,38.020,backend-3,true
0.080,message,201,43.550,backend-2,true
0.080,message,201,43.530,backend-2,true
0.080,message,201,43.570,backend-2,true
0.080,message,201,43.610,backend-2,true
0.080,message,201,43.630,backend-2,true
0.079,message,201,43.960,backend-2,true
0.096,message,201,27.030,backend-3,true
0.085,message,201,38.820,backend-2,true
0.085,message,201,38.510,backend-3,true
0.085,message,201,38.540,backend-3,true
0.102,message,201,22.680,backend-3,true
0.102,message,201,22.740,backend-3,true
0.102,message,201,22.670,backend-3,true
0.102,message,201,22.650,backend-3,true
0.096,message,201,28.160,backend-2,true
0.099,message,201,25.020,backend-2,true
0.099,message,201,25.020,backend-2,true
0.096,message,201,28.600,backend-2,true
0.101,message,201,23.000,backend-3,true
0.096,message,201,28.480,backend-2,true
0.096,message,201,28.560,backend-2,true
0.099,message,201,25.090,backend-2,true
0.102,message,201,22.750,backend-3,true
0.102,message,201,22.790,backend-3,true
0.096,message,201,28.200,backend-2,true
0.102,message,201,22.700,backend-3,true
0.096,message,201,28.270,backend-2,true
0.096,message,201,28.980,backend-2,true
0.102,message,201,22.810,backend-3,true
0.096,message,201,28.170,backend-2,true
0.102,message,201,22.840,backend-3,true
0.096,message,201,29.000,backend-2,true
0.099,message,201,25.440,backend-2,true
0.102,message,201,22.570,backend-3,true
0.102,message,201,22.560,backend-3,true
0.096,message,201,29.220,backend-2,true
0.097,message,201,28.410,backend-2,true
0.102,message,201,22.970,backend-3,true
0.097,message,201,28.440,backend-2,true
0.102,message,201,22.980,backend-3,true
0.102,message,201,23.040,backend-3,true
0.102,message,201,22.730,backend-3,true
0.102,message,201,22.520,backend-3,true
0.099,message,201,25.680,backend-2,true
0.099,message,201,25.630,backend-2,true
0.102,message,201,22.650,backend-3,true
0.102,message,201,22.980,backend-3,true
0.102,message,201,23.100,backend-3,true
0.102,message,201,23.000,backend-3,true
0.102,message,201,23.100,backend-3,true
0.102,message,201,23.020,backend-3,true
0.102,message,201,23.010,backend-3,true
0.102,message,201,23.140,backend-3,true
0.102,message,201,23.760,backend-3,true
0.107,message,201,18.990,backend-3,true
0.102,message,201,24.030,backend-3,true
0.102,message,201,23.230,backend-3,true
0.102,message,201,23.410,backend-3,true
0.107,message,201,19.110,backend-3,true
0.102,message,201,23.400,backend-3,true
0.102,message,201,23.380,backend-3,true
0.107,message,201,18.570,backend-3,true
0.107,message,201,19.210,backend-3,true
0.107,message,201,18.630,backend-3,true
0.106,message,201,19.680,backend-3,true
0.107,message,201,19.310,backend-3,true
0.106,message,201,19.510,backend-3,true
0.107,message,201,19.240,backend-3,true
0.107,message,201,19.050,backend-3,true
0.107,message,201,19.050,backend-3,true
0.107,message,201,19.030,backend-3,true
0.107,message,201,19.090,backend-3,true
0.107,message,201,19.360,backend-3,true
0.107,message,201,19.530,backend-3,true
0.007,message,201,119.140,backend-3,true
0.080,message,201,46.580,backend-3,true
0.079,message,201,47.040,backend-3,true
0.080,message,201,46.610,backend-3,true
0.096,feed,200,39.750,backend-2,true
0.112,message,201,24.100,backend-2,true
0.111,message,201,24.740,backend-2,true
0.109,message,201,26.910,backend-2,true
0.109,message,201,26.870,backend-2,true
0.112,message,201,24.340,backend-2,true
0.109,message,201,26.950,backend-2,true
0.107,feed,200,29.010,backend-1,true
0.109,message,201,26.950,backend-2,true
0.109,message,201,27.060,backend-2,true
0.109,message,201,27.220,backend-2,true
0.111,message,201,24.670,backend-2,true
0.109,message,201,27.320,backend-2,true
0.110,message,201,25.710,backend-2,true
0.099,message,201,37.060,backend-2,true
0.099,message,201,37.110,backend-2,true
0.099,message,201,37.080,backend-2,true
0.113,message,201,23.840,backend-2,true
0.096,message,201,40.860,backend-2,true
0.108,message,201,27.750,backend-2,true
0.110,message,201,25.990,backend-2,true
0.109,message,201,27.620,backend-2,true
0.111,message,201,25.820,backend-2,true
0.110,message,201,26.170,backend-2,true
0.107,message,201,28.950,backend-2,true
0.109,message,201,27.460,backend-2,true
0.118,message,201,18.110,backend-2,true
0.118,message,201,18.270,backend-2,true
0.118,message,201,18.500,backend-2,true
0.118,message,201,18.820,backend-2,true
0.118,message,201,18.350,backend-2,true
0.118,message,201,18.810,backend-2,true
0.118,message,201,18.580,backend-2,true
0.118,message,201,19.060,backend-2,true
0.118,message,201,18.970,backend-2,true
0.119,message,201,18.350,backend-2,true
0.120,message,201,17.310,backend-2,true
0.119,message,201,18.330,backend-2,true
0.118,message,201,19.520,backend-2,true
0.118,message,201,19.480,backend-2,true
0.118,message,201,18.720,backend-2,true
0.118,message,201,19.410,backend-2,true
0.119,message,201,18.560,backend-2,true
0.118,message,201,19.350,backend-2,true
0.119,message,201,18.000,backend-2,true
0.119,message,201,17.740,backend-2,true
0.117,message,201,19.740,backend-2,true
0.123,message,201,14.460,backend-2,true
0.119,message,201,18.260,backend-2,true
0.119,message,201,18.540,backend-2,true
0.119,message,201,18.220,backend-2,true
0.119,message,201,18.000,backend-2,true
0.123,message,201,14.440,backend-2,true
0.117,message,201,19.940,backend-2,true
0.123,message,201,14.650,backend-2,true
0.120,message,201,17.820,backend-2,true
0.120,message,201,17.880,backend-2,true
0.120,message,201,17.480,backend-2,true
0.120,message,201,18.040,backend-2,true
0.120,message,201,17.690,backend-2,true
0.124,message,201,13.310,backend-2,true
0.120,message,201,17.870,backend-2,true
0.125,message,201,13.250,backend-2,true
0.124,message,201,13.400,backend-2,true
0.125,message,201,13.220,backend-2,true
0.125,message,201,12.950,backend-2,true
0.125,message,201,13.320,backend-2,true
0.124,message,201,13.610,backend-2,true
0.125,message,201,13.190,backend-2,true
0.125,message,201,13.050,backend-2,true
0.125,message,201,13.030,backend-2,true
0.126,message,201,11.720,backend-2,true
0.126,message,201,11.680,backend-2,true
0.127,message,201,11.620,backend-2,true
0.127,message,201,11.670,backend-2,true
0.099,message,201,39.080,backend-2,true
0.107,message,201,31.710,backend-1,true
0.107,message,201,31.800,backend-1,true
0.106,message,201,32.740,backend-1,true
0.107,message,201,32.620,backend-1,true
0.107,message,201,31.880,backend-1,true
0.107,message,201,32.260,backend-1,true
0.107,message,201,32.020,backend-1,true
0.107,message,201,32.350,backend-1,true
0.107,message,201,32.570,backend-1,true
0.107,message,201,32.590,backend-1,true
0.107,message,201,32.700,backend-1,true
0.107,message,201,32.880,backend-1,true
0.107,message,201,33.050,backend-1,true
0.107,message,201,33.200,backend-1,true
0.107,message,201,33.420,backend-1,true
0.107,message,201,33.400,backend-1,true
0.107,message,201,33.460,backend-1,true
0.107,message,201,33.830,backend-1,true
0.107,message,201,33.710,backend-1,true
0.109,message,201,31.870,backend-1,true
0.109,message,201,32.010,backend-1,true
0.109,message,201,31.950,backend-1,true
0.109,message,201,32.200,backend-1,true
0.112,message,201,30.270,backend-1,true
0.112,message,201,29.820,backend-1,true
0.109,message,201,33.020,backend-1,true
0.111,message,201,30.900,backend-1,true
0.085,message,201,57.060,backend-1,true
0.041,message,201,101.030,backend-1,true
0.112,message,201,30.000,backend-1,true
0.109,message,201,33.100,backend-1,true
0.109,message,201,33.060,backend-1,true
0.007,message,201,134.920,backend-1,true
0.112,message,201,30.110,backend-1,true
0.109,message,201,33.220,backend-1,true
0.109,message,201,33.010,backend-1,true
0.102,feed,200,41.930,backend-3,true
0.121,message,201,23.840,backend-3,true
0.118,message,201,26.140,backend-3,true
0.118,message,201,26.180,backend-3,true
0.120,message,201,24.580,backend-3,true
0.120,message,201,24.540,backend-3,true
0.120,message,201,24.570,backend-3,true
0.119,message,201,25.480,backend-3,true
0.080,message,201,64.750,backend-3,true
0.118,message,201,26.240,backend-3,true
0.118,message,201,26.690,backend-3,true
0.118,message,201,27.460,backend-3,true
0.120,message,201,25.540,backend-3,true
0.120,message,201,25.490,backend-3,true
0.120,message,201,25.530,backend-3,true
0.120,message,201,25.590,backend-3,true
0.120,message,201,25.670,backend-3,true
0.120,message,201,25.820,backend-3,true
0.119,message,201,26.940,backend-3,true
0.119,message,201,27.000,backend-3,true
0.118,message,201,28.030,backend-3,true
0.119,message,201,26.970,backend-3,true
0.118,message,201,27.770,backend-3,true
0.118,message,201,27.800,backend-3,true
0.120,message,201,25.890,backend-3,true
0.119,message,201,26.960,backend-3,true
0.120,message,201,25.950,backend-3,true
0.109,message,201,37.700,backend-1,true
0.121,message,201,26.260,backend-1,true
0.118,message,201,28.750,backend-1,true
0.121,message,201,26.510,backend-1,true
0.120,message,201,27.280,backend-1,true
0.120,message,201,27.360,backend-1,true
0.121,message,201,26.670,backend-1,true
0.120,message,201,27.930,backend-1,true
0.118,message,201,30.020,backend-1,true
0.118,message,201,29.950,backend-1,true
0.120,message,201,28.050,backend-1,true
0.118,message,201,30.100,backend-1,true
0.118,message,201,29.850,backend-1,true
0.118,message,201,30.040,backend-1,true
0.120,message,201,27.930,backend-1,true
0.118,message,201,30.010,backend-1,true
0.118,message,201,29.920,backend-1,true
0.120,message,201,28.140,backend-1,true
0.118,message,201,30.290,backend-1,true
0.121,message,201,27.240,backend-1,true
0.120,message,201,27.350,backend-1,true
0.120,message,201,27.930,backend-1,true
0.119,message,201,29.180,backend-1,true
0.119,message,201,28.550,backend-1,true
0.119,message,201,28.700,backend-1,true
0.119,message,201,28.800,backend-1,true
0.119,message,201,28.770,backend-1,true
0.119,message,201,28.870,backend-1,true
0.117,message,201,30.680,backend-1,true
0.117,message,201,30.670,backend-1,true
0.119,message,201,29.090,backend-1,true
0.120,message,201,28.650,backend-1,true
0.119,message,201,29.460,backend-1,true
0.117,message,201,30.990,backend-1,true
0.123,message,201,25.470,backend-1,true
0.123,message,201,25.540,backend-1,true
0.123,message,201,25.880,backend-1,true
0.123,message,201,25.710,backend-1,true
0.117,message,201,31.180,backend-1,true
0.123,message,201,25.530,backend-1,true
0.120,message,201,29.350,backend-1,true
0.122,message,201,26.600,backend-1,true
0.122,message,201,26.680,backend-1,true
0.119,message,201,29.590,backend-1,true
0.123,message,201,25.670,backend-1,true
0.119,message,201,30.580,backend-1,true
0.090,message,201,59.190,backend-1,true
0.090,message,201,59.220,backend-1,true
0.123,message,201,26.800,backend-1,true
0.123,message,201,26.840,backend-3,true
0.123,message,201,27.140,backend-3,true
0.123,message,201,27.320,backend-3,true
0.123,message,201,27.550,backend-3,true
0.122,message,201,27.660,backend-3,true
0.122,message,201,27.890,backend-3,true
0.117,message,201,33.040,backend-3,true
0.120,message,201,30.940,backend-3,true
0.123,message,201,27.680,backend-3,true
0.123,message,201,27.350,backend-3,true
0.123,message,201,27.560,backend-3,true
0.123,message,201,27.580,backend-3,true
0.123,message,201,27.810,backend-3,true
0.124,message,201,26.970,backend-3,true
0.124,message,201,27.130,backend-3,true
0.124,message,201,27.260,backend-3,true
0.124,message,201,27.310,backend-3,true
0.124,message,201,27.410,backend-3,true
0.124,message,201,27.340,backend-3,true
0.125,message,201,27.410,backend-3,true
0.125,message,201,27.430,backend-3,true
0.124,message,201,27.500,backend-3,true
0.125,message,201,27.440,backend-3,true
0.125,message,201,27.430,backend-3,true
0.125,message,201,27.520,backend-3,true
0.125,message,201,27.200,backend-3,true
0.125,message,201,27.310,backend-3,true
0.136,message,201,16.340,backend-1,true
0.142,message,201,10.270,backend-1,true
0.092,message,201,61.020,backend-1,true
0.096,message,201,56.420,backend-1,true
0.092,message,201,61.060,backend-1,true
0.096,message,201,56.670,backend-1,true
0.097,message,201,56.000,backend-1,true
0.096,message,201,56.820,backend-1,true
0.097,message,201,56.180,backend-1,true
0.090,message,201,62.770,backend-1,true
0.092,message,201,60.750,backend-1,true
0.125,message,201,27.840,backend-3,true
0.090,message,201,62.650,backend-1,true
0.090,message,201,62.670,backend-1,true
0.093,message,201,59.950,backend-1,true
0.125,message,201,27.880,backend-3,true
0.093,message,201,59.570,backend-1,true
0.125,message,201,27.770,backend-3,true
0.125,message,201,27.930,backend-3,true
0.125,message,201,27.800,backend-3,true
0.099,message,201,53.810,backend-1,true
0.125,message,201,27.940,backend-3,true
0.125,message,201,28.220,backend-3,true
0.125,message,201,27.930,backend-3,true
0.125,message,201,28.350,backend-3,true
0.099,message,201,53.900,backend-1,true
0.096,message,201,57.630,backend-1,true
0.125,message,201,27.900,backend-3,true
0.125,message,201,28.330,backend-3,true
0.125,message,201,27.970,backend-3,true
0.099,message,201,53.990,backend-1,true
0.125,message,201,28.290,backend-3,true
0.096,message,201,57.000,backend-1,true
0.125,message,201,27.990,backend-3,true
0.096,message,201,56.910,backend-1,true
0.125,message,201,28.420,backend-3,true
0.099,message,201,53.960,backend-1,true
0.125,message,201,28.130,backend-3,true
0.126,message,201,28.130,backend-3,true
0.126,message,201,28.120,backend-3,true
0.126,message,201,28.170,backend-3,true
0.126,message,201,28.010,backend-3,true
0.126,message,201,27.990,backend-3,true
0.126,message,201,28.140,backend-3,true
0.126,message,201,28.160,backend-3,true
0.099,message,201,55.440,backend-2,true
0.136,message,201,19.210,backend-2,true
0.136,message,201,19.030,backend-2,true
0.136,message,201,19.120,backend-2,true
0.136,message,201,19.300,backend-2,true
0.136,message,201,19.230,backend-2,true
0.136,message,201,19.330,backend-2,true
0.136,message,201,19.440,backend-2,true
0.136,message,201,19.630,backend-2,true
0.136,message,201,19.770,backend-2,true
0.099,message,201,56.760,backend-2,true
0.136,message,201,20.070,backend-2,true
0.136,message,201,19.740,backend-2,true
0.136,message,201,19.850,backend-2,true
0.136,message,201,19.860,backend-2,true
0.126,message,201,30.620,backend-3,true
0.137,message,201,19.730,backend-2,true
0.126,message,201,30.670,backend-3,true
0.126,message,201,30.660,backend-3,true
0.136,message,201,20.180,backend-2,true
0.136,message,201,20.260,backend-2,true
0.126,message,201,30.910,backend-3,true
0.126,message,201,30.290,backend-3,true
0.137,message,201,19.700,backend-2,true
0.137,message,201,19.900,backend-2,true
0.136,message,201,20.350,backend-2,true
0.126,message,201,30.850,backend-3,true
0.137,message,201,19.970,backend-2,true
0.137,message,201,19.720,backend-2,true
0.126,message,201,30.660,backend-3,true
0.126,message,201,30.550,backend-3,true
0.137,message,201,19.730,backend-2,true
0.137,message,201,19.800,backend-2,true
0.126,message,201,30.670,backend-3,true
0.138,message,201,19.850,backend-2,true
0.139,message,201,18.620,backend-2,true
0.137,message,201,20.450,backend-2,true
0.137,message,201,20.320,backend-2,true
0.138,message,201,19.450,backend-2,true
0.138,message,201,19.520,backend-2,true
0.139,message,201,18.740,backend-2,true
0.138,message,201,19.820,backend-2,true
0.138,message,201,19.280,backend-2,true
0.138,message,201,19.800,backend-2,true
0.138,message,201,20.140,backend-2,true
0.137,message,201,20.610,backend-2,true
0.137,message,201,20.390,backend-2,true
0.137,message,201,20.290,backend-2,true
0.137,message,201,20.380,backend-2,true
0.138,message,201,20.050,backend-2,true
0.137,message,201,20.400,backend-2,true
0.137,message,201,20.400,backend-2,true
0.109,feed,200,51.390,backend-1,true
0.147,message,201,13.530,backend-1,true
0.148,message,201,13.080,backend-1,true
0.147,message,201,13.500,backend-1,true
0.099,message,201,61.690,backend-1,true
0.149,message,201,12.540,backend-1,true
0.099,message,201,61.730,backend-1,true
0.148,message,201,12.790,backend-1,true
0.148,message,201,12.820,backend-1,true
0.148,message,201,13.380,backend-1,true
0.148,message,201,13.040,backend-1,true
0.123,message,201,37.800,backend-1,true
0.099,message,201,62.000,backend-1,true
0.099,message,201,61.970,backend-1,true
0.099,message,201,61.990,backend-1,true
0.099,message,201,61.880,backend-1,true
0.123,message,201,37.840,backend-1,true
0.123,message,201,37.890,backend-1,true
0.099,message,201,61.950,backend-1,true
0.123,message,201,37.900,backend-1,true
0.149,message,201,12.300,backend-1,true
0.099,message,201,62.000,backend-1,true
0.136,message,201,24.840,backend-1,true
0.113,feed,200,50.440,backend-2,true
0.139,message,201,25.100,backend-2,true
0.145,message,201,19.680,backend-3,true
0.146,message,201,19.190,backend-3,true
0.140,message,201,25.120,backend-2,true
0.145,message,201,19.440,backend-3,true
0.139,message,201,25.440,backend-2,true
0.146,message,201,19.430,backend-3,true
0.140,message,201,24.840,backend-2,true
0.146,message,201,19.280,backend-3,true
0.146,message,201,19.410,backend-3,true
0.147,message,201,17.960,backend-3,true
0.146,message,201,19.460,backend-3,true
0.146,message,201,19.380,backend-3,true
0.139,message,201,25.560,backend-2,true
0.147,message,201,18.200,backend-3,true
0.148,message,201,16.900,backend-3,true
0.149,message,201,16.130,backend-3,true
0.152,message,201,13.380,backend-3,true
0.148,message,201,17.200,backend-3,true
0.150,message,201,14.910,backend-3,true
0.147,message,201,18.210,backend-3,true
0.140,message,201,25.350,backend-2,true
0.151,message,201,14.580,backend-3,true
0.146,message,201,19.800,backend-3,true
0.151,message,201,14.170,backend-3,true
0.153,message,201,12.780,backend-3,true
0.153,message,201,12.800,backend-3,true
0.139,message,201,26.280,backend-2,true
0.152,message,201,13.440,backend-3,true
0.153,message,201,12.820,backend-3,true
0.153,message,201,12.810,backend-3,true
0.153,message,201,12.880,backend-3,true
0.140,message,201,26.060,backend-2,true
0.153,message,201,12.980,backend-3,true
0.153,message,201,13.030,backend-3,true
0.153,message,201,13.030,backend-3,true
0.153,message,201,12.930,backend-3,true
0.153,message,201,13.080,backend-3,true
0.153,message,201,13.100,backend-3,true
0.153,message,201,12.560,backend-3,true
0.153,message,201,12.690,backend-3,true
0.153,message,201,12.800,backend-3,true
0.153,message,201,12.960,backend-3,true
0.153,message,201,12.880,backend-3,true
0.153,message,201,13.100,backend-3,true
0.153,message,201,13.060,backend-3,true
0.155,message,201,11.730,backend-3,true
0.153,message,201,13.170,backend-3,true
0.153,message,201,13.190,backend-3,true
0.154,message,201,12.680,backend-3,true
0.155,message,201,11.540,backend-3,true
0.140,message,201,26.370,backend-2,true
0.140,message,201,26.550,backend-2,true
0.140,message,201,26.800,backend-2,true
0.141,message,201,26.650,backend-2,true
0.161,message,201,6.620,backend-1,true
0.161,message,201,6.520,backend-1,true
0.161,message,201,6.550,backend-1,true
0.161,message,201,6.590,backend-1,true
0.156,message,201,12.290,backend-1,true
0.141,message,201,27.190,backend-2,true
0.161,message,201,6.620,backend-1,true
0.141,message,201,27.070,backend-2,true
0.141,message,201,27.110,backend-2,true
0.161,message,201,6.670,backend-1,true
0.161,message,201,6.710,backend-1,true
0.161,message,201,6.910,backend-1,true
0.161,message,201,6.730,backend-1,true
0.141,message,201,27.120,backend-2,true
0.161,message,201,6.720,backend-1,true
0.142,message,201,26.250,backend-2,true
0.141,message,201,27.440,backend-2,true
0.142,message,201,26.400,backend-2,true
0.142,message,201,26.540,backend-2,true
0.142,message,201,26.700,backend-2,true
0.142,message,201,26.780,backend-2,true
0.142,message,201,26.820,backend-2,true
0.142,message,201,26.950,backend-2,true
0.142,message,201,27.060,backend-2,true
0.142,message,201,27.290,backend-2,true
0.145,message,201,25.790,backend-2,true
0.144,message,201,26.870,backend-2,true
0.107,feed,200,64.470,backend-3,true
0.113,feed,200,58.960,backend-1,true
0.155,message,201,19.670,backend-3,true
0.156,message,201,19.450,backend-3,true
0.163,message,201,11.780,backend-3,true
0.156,message,201,18.960,backend-3,true
0.158,message,201,17.450,backend-3,true
0.168,message,201,7.430,backend-1,true
0.168,message,201,7.450,backend-1,true
0.156,message,201,19.270,backend-3,true
0.156,message,201,19.000,backend-3,true
0.156,message,201,19.010,backend-3,true
0.168,message,201,7.500,backend-1,true
0.168,message,201,7.480,backend-1,true
0.168,message,201,7.670,backend-1,true
0.168,message,201,7.590,backend-1,true
0.168,message,201,7.680,backend-1,true
0.168,message,201,7.710,backend-1,true
0.168,message,201,7.710,backend-1,true
0.169,message,201,6.450,backend-1,true
0.169,message,201,7.020,backend-1,true
0.169,message,201,6.570,backend-1,true
0.169,message,201,6.810,backend-1,true
0.168,message,201,7.430,backend-1,true
0.175,message,201,3.970,backend-1,true
0.172,message,201,7.570,backend-1,true
0.175,message,201,3.900,backend-1,true
0.170,message,201,8.720,backend-1,true
0.175,message,201,3.990,backend-1,true
0.175,message,201,3.810,backend-1,true
0.172,message,201,6.860,backend-1,true
0.165,message,201,14.380,backend-3,true
0.165,message,201,14.450,backend-3,true
0.165,message,201,14.440,backend-3,true
0.165,message,201,14.610,backend-3,true
0.165,message,201,14.560,backend-3,true
0.166,message,201,13.870,backend-3,true
0.165,message,201,14.310,backend-3,true
0.166,message,201,13.740,backend-3,true
0.165,message,201,14.300,backend-3,true
0.166,message,201,13.740,backend-3,true
0.166,message,201,13.690,backend-3,true
0.166,message,201,13.590,backend-3,true
0.166,message,201,13.660,backend-3,true
0.166,message,201,13.550,backend-3,true
0.166,message,201,13.500,backend-3,true
0.166,message,201,13.590,backend-3,true
0.167,message,201,12.920,backend-3,true
0.167,message,201,12.960,backend-3,true
0.119,feed,200,63.210,backend-1,true
0.179,message,201,3.110,backend-1,true
0.179,message,201,3.090,backend-1,true
0.176,message,201,6.550,backend-1,true
0.176,message,201,6.580,backend-1,true
0.179,message,201,2.890,backend-1,true
0.180,message,201,2.460,backend-1,true
0.179,message,201,3.260,backend-1,true
0.179,message,201,3.000,backend-1,true
0.179,message,201,3.320,backend-1,true
0.118,feed,200,65.920,backend-3,true
0.118,feed,200,66.260,backend-2,true
0.157,message,201,27.780,backend-2,true
0.156,message,201,28.760,backend-2,true
0.157,message,201,28.120,backend-2,true
0.158,message,201,27.220,backend-2,true
0.158,message,201,27.240,backend-2,true
0.157,message,201,28.100,backend-2,true
0.160,message,201,24.550,backend-2,true
0.158,message,201,27.470,backend-2,true
0.146,message,201,39.460,backend-2,true
0.145,message,201,40.420,backend-2,true
0.145,message,201,39.740,backend-2,true
0.149,message,201,36.220,backend-2,true
0.149,message,201,36.220,backend-2,true
0.149,message,201,35.910,backend-2,true
0.150,message,201,35.510,backend-2,true
0.150,message,201,35.100,backend-2,true
0.150,message,201,35.320,backend-2,true
0.151,message,201,34.900,backend-2,true
0.151,message,201,34.900,backend-2,true
0.153,message,201,32.820,backend-2,true
0.152,message,201,33.500,backend-2,true
0.152,message,201,33.830,backend-2,true
0.153,message,201,33.090,backend-2,true
0.153,message,201,33.090,backend-2,true
0.153,message,201,32.410,backend-2,true
0.153,message,201,33.080,backend-2,true
0.153,message,201,32.680,backend-2,true
0.153,message,201,33.150,backend-2,true
0.153,message,201,33.620,backend-2,true
0.153,message,201,33.730,backend-2,true
0.182,message,201,5.980,backend-3,true
0.185,message,201,5.250,backend-1,true
0.185,message,201,5.000,backend-1,true
0.184,message,201,6.000,backend-1,true
0.184,message,201,5.670,backend-1,true
0.182,message,201,7.400,backend-1,true
0.180,message,201,9.820,backend-1,true
0.182,message,201,7.670,backend-1,true
0.182,message,201,7.650,backend-1,true
0.182,message,201,7.550,backend-1,true
0.185,message,201,5.150,backend-1,true
0.120,feed,200,74.530,backend-1,true
0.185,message,201,9.110,backend-1,true
0.185,message,201,9.210,backend-1,true
0.185,message,201,9.100,backend-1,true
0.185,message,201,9.290,backend-1,true
0.185,message,201,9.160,backend-1,true
0.185,message,201,9.170,backend-1,true
0.185,message,201,9.280,backend-1,true
0.185,message,201,9.060,backend-1,true
0.186,message,201,8.630,backend-1,true
0.119,feed,200,77.320,backend-3,true
0.118,feed,200,79.620,backend-2,true
0.190,message,201,7.880,backend-1,true
0.190,message,201,8.070,backend-1,true
0.186,message,201,12.340,backend-1,true
0.188,message,201,10.160,backend-1,true
0.190,message,201,8.260,backend-1,true
0.190,message,201,8.180,backend-1,true
0.190,message,201,8.330,backend-1,true
0.190,message,201,8.260,backend-1,true
0.186,message,201,12.340,backend-1,true
0.194,message,201,20.910,backend-3,true
0.147,feed,200,68.630,backend-1,true
0.194,message,201,21.720,backend-1,true
0.198,message,201,18.150,backend-1,true
0.197,message,201,18.830,backend-1,true
0.196,message,201,20.450,backend-1,true
0.194,message,201,22.080,backend-1,true
0.198,message,201,18.540,backend-1,true
0.198,message,201,18.440,backend-1,true
0.198,message,201,18.420,backend-1,true
0.117,feed,200,100.360,backend-2,true
0.125,feed,200,95.490,backend-3,true
0.217,message,201,10.170,backend-3,true
0.216,message,201,10.940,backend-3,true
0.217,message,201,10.520,backend-3,true
0.216,message,201,12.510,backend-1,true
0.216,message,201,12.320,backend-1,true
0.216,message,201,12.330,backend-1,true
0.217,message,201,12.240,backend-1,true
0.218,message,201,10.990,backend-1,true
0.215,message,201,13.890,backend-1,true
0.147,feed,200,86.390,backend-1,true
0.220,message,201,13.730,backend-1,true
0.227,message,201,8.220,backend-3,true
0.124,feed,200,112.250,backend-2,true
0.125,feed,200,113.300,backend-3,true
0.237,message,201,3.070,backend-3,true
0.234,message,201,5.910,backend-3,true
0.235,message,201,4.780,backend-3,true
0.229,message,201,11.580,backend-1,true
0.229,message,201,11.680,backend-1,true
0.229,message,201,11.970,backend-1,true
0.229,message,201,11.910,backend-1,true
0.234,message,201,6.900,backend-1,true
0.148,feed,200,93.310,backend-1,true
0.238,message,201,5.820,backend-1,true
0.240,message,201,4.380,backend-1,true
0.240,message,201,3.790,backend-1,true
0.241,message,201,3.690,backend-1,true
0.241,message,201,3.640,backend-1,true
0.241,message,201,3.690,backend-1,true
0.241,message,201,3.790,backend-1,true
0.240,message,201,6.430,backend-3,true
0.125,feed,200,121.610,backend-2,true
0.241,message,201,5.220,backend-3,true
0.240,message,201,6.500,backend-3,true
0.126,feed,200,122.050,backend-3,true
0.148,feed,200,100.790,backend-1,true
0.244,message,201,5.600,backend-1,true
0.244,message,201,5.720,backend-1,true
0.246,message,201,4.010,backend-1,true
0.246,message,201,4.070,backend-1,true
0.246,message,201,3.990,backend-1,true
0.244,message,201,5.990,backend-1,true
0.244,message,201,6.190,backend-1,true
0.248,message,201,2.850,backend-1,true
0.246,message,201,5.870,backend-3,true
0.248,message,201,5.290,backend-1,true
0.250,message,201,3.550,backend-1,true
0.251,message,201,3.340,backend-1,true
0.250,message,201,3.560,backend-1,true
0.250,message,201,3.920,backend-1,true
0.250,message,201,3.410,backend-1,true
0.148,feed,200,107.940,backend-1,true
0.126,feed,200,130.320,backend-3,true
0.254,message,201,3.890,backend-1,true
0.254,message,201,3.870,backend-1,true
0.254,message,201,3.820,backend-1,true
0.254,message,201,3.870,backend-1,true
0.252,message,201,5.630,backend-1,true
0.256,message,201,1.780,backend-1,true
0.136,feed,200,121.970,backend-2,true
0.256,message,201,4.990,backend-3,true
0.148,feed,200,113.700,backend-1,true
0.126,feed,200,137.500,backend-3,true
0.258,message,201,6.910,backend-1,true
0.258,message,201,7.030,backend-1,true
0.262,message,201,3.320,backend-1,true
0.261,message,201,4.210,backend-1,true
0.258,message,201,7.070,backend-1,true
0.258,message,201,7.370,backend-1,true
0.258,message,201,7.420,backend-1,true
0.136,feed,200,130.020,backend-2,true
0.148,feed,200,119.920,backend-1,true
0.264,message,201,5.550,backend-3,true
0.265,message,201,5.220,backend-1,true
0.265,message,201,5.640,backend-1,true
0.265,message,201,5.270,backend-1,true
0.265,message,201,5.830,backend-1,true
0.265,message,201,5.380,backend-1,true
0.266,message,201,4.400,backend-1,true
0.268,message,201,2.850,backend-1,true
0.265,message,201,5.460,backend-1,true
0.126,feed,200,145.790,backend-3,true
0.148,feed,200,126.260,backend-1,true
0.269,message,201,5.300,backend-3,true
0.136,feed,200,138.420,backend-2,true
0.271,message,201,5.840,backend-1,true
0.270,message,201,5.990,backend-1,true
0.271,message,201,5.960,backend-1,true
0.270,message,201,6.010,backend-1,true
0.271,message,201,5.900,backend-1,true
0.272,message,201,4.640,backend-1,true
0.274,message,201,2.070,backend-1,true
0.271,message,201,5.960,backend-1,true
0.148,feed,200,131.620,backend-1,true
0.145,feed,200,135.620,backend-3,true
0.274,message,201,6.730,backend-3,true
0.277,message,201,5.090,backend-1,true
0.276,message,201,5.160,backend-1,true
0.275,message,201,7.100,backend-1,true
0.276,message,201,5.240,backend-1,true
0.277,message,201,5.170,backend-1,true
0.276,message,201,5.240,backend-1,true
0.277,message,201,5.150,backend-1,true
0.279,message,201,5.390,backend-3,true
0.281,message,201,4.070,backend-3,true
0.148,feed,200,138.990,backend-1,true
0.136,feed,200,150.420,backend-2,true
0.282,message,201,6.110,backend-1,true
0.280,message,201,7.500,backend-1,true
0.282,message,201,6.150,backend-1,true
0.282,message,201,6.140,backend-1,true
0.282,message,201,6.160,backend-1,true
0.145,feed,200,144.080,backend-3,true
0.288,message,201,3.880,backend-1,true
0.285,message,201,6.880,backend-1,true
0.288,message,201,3.870,backend-1,true
0.287,message,201,4.920,backend-1,true
0.288,message,201,3.930,backend-1,true
0.288,message,201,3.970,backend-1,true
0.285,message,201,7.000,backend-1,true
0.289,message,201,3.070,backend-1,true
0.287,message,201,5.940,backend-3,true
0.148,feed,200,146.090,backend-1,true
0.136,feed,200,157.500,backend-2,true
0.146,feed,200,150.710,backend-3,true
0.292,message,201,7.370,backend-1,true
0.292,message,201,7.320,backend-1,true
0.292,message,201,7.270,backend-1,true
0.292,message,201,7.400,backend-1,true
0.294,message,201,5.270,backend-1,true
0.292,message,201,7.390,backend-1,true
0.293,message,201,6.360,backend-1,true
0.292,message,201,7.420,backend-1,true
0.294,message,201,6.950,backend-3,true
0.148,feed,200,153.560,backend-1,true
0.299,message,201,3.070,backend-1,true
0.296,message,201,5.900,backend-1,true
0.299,message,201,3.050,backend-1,true
0.299,message,201,3.120,backend-1,true
0.299,message,201,3.080,backend-1,true
0.299,message,201,3.170,backend-1,true
0.299,message,201,3.150,backend-1,true
0.136,feed,200,167.190,backend-2,true
0.146,feed,200,158.640,backend-3,true
0.301,message,201,5.230,backend-3,true
0.301,message,201,6.430,backend-1,true
0.302,message,201,5.170,backend-1,true
0.302,message,201,5.140,backend-1,true
0.302,message,201,5.200,backend-1,true
0.302,message,201,5.180,backend-1,true
0.302,message,201,5.140,backend-1,true
0.304,message,201,3.840,backend-1,true
0.304,message,201,3.290,backend-1,true
0.148,feed,200,159.970,backend-1,true
0.136,feed,200,173.750,backend-2,true
0.307,message,201,4.720,backend-1,true
0.307,message,201,4.760,backend-1,true
0.310,message,201,2.010,backend-1,true
0.307,message,201,5.560,backend-1,true
0.307,message,201,4.860,backend-1,true
0.307,message,201,4.740,backend-1,true
0.307,message,201,4.740,backend-1,true
0.146,feed,200,167.070,backend-3,true
0.308,message,201,5.210,backend-3,true
0.148,feed,200,165.870,backend-1,true
0.136,feed,200,183.270,backend-2,true
0.314,message,201,6.780,backend-3,true
0.313,message,201,8.260,backend-1,true
0.313,message,201,8.460,backend-1,true
0.312,message,201,9.060,backend-1,true
0.312,message,201,9.030,backend-1,true
0.312,message,201,9.090,backend-1,true
0.312,message,201,9.090,backend-1,true
0.312,message,201,9.120,backend-1,true
0.312,message,201,9.140,backend-1,true
0.148,feed,200,173.370,backend-1,true
0.145,feed,200,176.450,backend-3,true
0.320,message,201,8.340,backend-3,true
0.321,message,201,7.390,backend-3,true
0.321,message,201,7.320,backend-3,true
0.321,message,201,7.430,backend-3,true
0.148,feed,200,180.750,backend-1,true
0.320,message,201,8.700,backend-1,true
0.321,message,201,7.970,backend-1,true
0.321,message,201,8.260,backend-3,true
0.321,message,201,8.140,backend-3,true
0.322,message,201,7.700,backend-3,true
0.321,message,201,8.500,backend-3,true
0.137,feed,200,194.120,backend-2,true
0.145,feed,200,187.170,backend-3,true
0.329,message,201,5.860,backend-3,true
0.329,message,201,6.700,backend-3,true
0.329,message,201,6.730,backend-3,true
0.328,message,201,7.440,backend-3,true
0.330,message,201,6.350,backend-3,true
0.330,message,201,6.220,backend-3,true
0.331,message,201,5.280,backend-3,true
0.329,message,201,6.580,backend-3,true
0.329,message,201,6.720,backend-3,true
0.329,message,201,6.900,backend-3,true
0.333,message,201,6.920,backend-1,true
0.335,message,201,4.090,backend-1,true
0.148,feed,200,194.340,backend-1,true
0.137,feed,200,205.770,backend-2,true
0.148,feed,200,196.370,backend-3,true
0.336,message,201,8.170,backend-3,true
0.335,message,201,8.830,backend-3,true
0.336,message,201,8.220,backend-3,true
0.340,message,201,4.620,backend-3,true
0.336,message,201,8.180,backend-3,true
0.339,message,201,4.750,backend-3,true
0.335,message,201,8.760,backend-3,true
0.336,message,201,8.210,backend-3,true
0.344,message,201,4.860,backend-3,true
0.344,message,201,4.760,backend-3,true
0.344,message,201,4.740,backend-3,true
0.344,message,201,4.770,backend-3,true
0.342,message,201,6.660,backend-3,true
0.342,message,201,6.710,backend-3,true
0.344,message,201,4.890,backend-3,true
0.344,message,201,4.890,backend-3,true
0.137,feed,200,214.240,backend-2,true
0.148,feed,200,203.920,backend-3,true
0.148,feed,200,207.680,backend-1,true
0.349,message,201,7.010,backend-3,true
0.349,message,201,7.080,backend-3,true
0.349,message,201,7.160,backend-3,true
0.351,message,201,5.140,backend-3,true
0.352,message,201,4.480,backend-3,true
0.349,message,201,7.240,backend-3,true
0.349,message,201,7.230,backend-3,true
0.349,message,201,7.300,backend-3,true
0.148,feed,200,211.330,backend-3,true
0.137,feed,200,225.170,backend-2,true
0.356,message,201,6.800,backend-3,true
0.356,message,201,6.880,backend-3,true
0.356,message,201,7.040,backend-3,true
0.356,message,201,7.030,backend-3,true
0.356,message,201,7.000,backend-3,true
0.356,message,201,7.030,backend-3,true
0.359,message,201,4.190,backend-2,true
0.356,message,201,7.720,backend-2,true
0.148,feed,200,215.840,backend-1,true
0.148,feed,200,218.630,backend-3,true
0.364,message,201,5.070,backend-3,true
0.363,message,201,6.080,backend-3,true
0.363,message,201,6.050,backend-3,true
0.363,message,201,5.700,backend-3,true
0.363,message,201,5.990,backend-3,true
0.363,message,201,5.950,backend-3,true
0.362,message,201,7.230,backend-3,true
0.364,message,201,5.690,backend-3,true
0.363,message,201,6.020,backend-3,true
0.367,message,201,7.960,backend-2,true
0.148,feed,200,227.340,backend-1,true
0.137,feed,200,240.330,backend-2,true
0.369,message,201,9.390,backend-3,true
0.369,message,201,9.340,backend-3,true
0.369,message,201,9.350,backend-3,true
0.369,message,201,9.380,backend-3,true
0.369,message,201,9.450,backend-3,true
0.369,message,201,9.420,backend-3,true
0.149,feed,200,231.790,backend-3,true
0.375,message,201,12.390,backend-3,true
0.379,message,201,8.440,backend-3,true
0.377,message,201,9.890,backend-3,true
0.379,message,201,8.540,backend-3,true
0.376,message,201,11.520,backend-3,true
0.379,message,201,9.790,backend-3,true
0.381,message,201,7.510,backend-3,true
0.379,message,201,9.730,backend-3,true
0.148,feed,200,240.600,backend-1,true
0.137,feed,200,257.020,backend-2,true
0.149,feed,200,245.810,backend-3,true
0.387,message,201,9.350,backend-3,true
0.387,message,201,9.410,backend-3,true
0.389,message,201,7.390,backend-3,true
0.387,message,201,9.400,backend-3,true
0.388,message,201,8.130,backend-3,true
0.387,message,201,9.430,backend-3,true
0.388,message,201,8.140,backend-3,true
0.387,message,201,9.410,backend-3,true
0.395,message,201,9.040,backend-2,true
0.394,message,201,12.060,backend-3,true
0.396,message,201,9.450,backend-3,true
0.396,message,201,9.540,backend-3,true
0.397,message,201,9.490,backend-3,true
0.397,message,201,9.510,backend-3,true
0.397,message,201,9.490,backend-3,true
0.148,feed,200,257.850,backend-1,true
0.149,feed,200,258.840,backend-3,true
0.137,feed,200,272.320,backend-2,true
0.406,message,201,6.600,backend-3,true
0.408,message,201,4.760,backend-3,true
0.404,message,201,8.770,backend-3,true
0.406,message,201,7.000,backend-3,true
0.406,message,201,7.110,backend-3,true
0.406,message,201,7.060,backend-3,true
0.406,message,201,7.040,backend-3,true
0.406,message,201,7.160,backend-3,true
0.413,message,201,5.040,backend-3,true
0.413,message,201,5.070,backend-3,true
0.413,message,201,5.020,backend-3,true
0.413,message,201,5.130,backend-3,true
0.409,message,201,8.740,backend-3,true
0.413,message,201,5.020,backend-3,true
0.150,feed,200,269.210,backend-3,true
0.149,feed,200,270.620,backend-1,true
0.418,message,201,7.340,backend-3,true
0.419,message,201,6.130,backend-3,true
0.418,message,201,7.380,backend-3,true
0.418,message,201,7.400,backend-3,true
0.418,message,201,7.400,backend-3,true
0.420,message,201,5.870,backend-3,true
0.418,message,201,7.470,backend-3,true
0.418,message,201,7.440,backend-3,true
0.137,feed,200,289.070,backend-2,true
0.151,feed,200,275.860,backend-3,true
0.152,feed,200,281.400,backend-3,true
0.152,feed,200,280.840,backend-1,true
0.425,message,201,8.580,backend-3,true
0.426,message,201,8.570,backend-3,true
0.425,message,201,8.740,backend-3,true
0.425,message,201,8.710,backend-3,true
0.425,message,201,8.670,backend-3,true
0.426,message,201,7.980,backend-3,true
0.425,message,201,8.680,backend-3,true
0.427,message,201,7.140,backend-2,true
0.152,feed,200,283.790,backend-3,true
0.137,feed,200,300.700,backend-2,true
0.434,message,201,5.400,backend-3,true
0.433,message,201,6.570,backend-3,true
0.434,message,201,5.470,backend-3,true
0.433,message,201,6.600,backend-3,true
0.434,message,201,5.380,backend-3,true
0.434,message,201,5.640,backend-3,true
0.434,message,201,5.670,backend-3,true
0.436,message,201,4.230,backend-3,true
0.434,message,201,7.210,backend-2,true
0.152,feed,200,289.020,backend-1,true
0.152,feed,200,290.490,backend-3,true
0.441,message,201,3.410,backend-3,true
0.440,message,201,5.150,backend-3,true
0.440,message,201,5.100,backend-3,true
0.440,message,201,4.990,backend-3,true
0.438,message,201,7.030,backend-3,true
0.440,message,201,5.010,backend-3,true
0.440,message,201,5.170,backend-3,true
0.440,message,201,5.230,backend-3,true
0.441,message,201,3.600,backend-3,true
0.440,message,201,7.390,backend-2,true
0.442,message,201,4.610,backend-2,true
0.152,feed,200,298.040,backend-3,true
0.137,feed,200,313.360,backend-2,true
0.152,feed,200,298.510,backend-1,true
0.445,message,201,8.300,backend-3,true
0.445,message,201,8.330,backend-3,true
0.445,message,201,8.420,backend-3,true
0.445,message,201,8.480,backend-3,true
0.447,message,201,6.380,backend-3,true
0.445,message,201,8.640,backend-3,true
0.445,message,201,8.600,backend-3,true
0.445,message,201,8.690,backend-3,true
0.445,message,201,8.590,backend-3,true
0.152,feed,200,305.610,backend-3,true
0.451,message,201,7.830,backend-2,true
0.450,message,201,8.730,backend-2,true
0.453,message,201,5.620,backend-2,true
0.453,message,201,5.530,backend-2,true
0.450,message,201,8.820,backend-3,true
0.453,message,201,6.020,backend-3,true
0.453,message,201,6.090,backend-3,true
0.453,message,201,5.870,backend-3,true
0.453,message,201,5.890,backend-3,true
0.453,message,201,5.980,backend-3,true
0.137,feed,200,323.980,backend-2,true
0.155,feed,200,306.970,backend-1,true
0.459,message,201,5.110,backend-3,true
0.458,message,201,6.150,backend-3,true
0.459,message,201,4.590,backend-3,true
0.459,message,201,4.490,backend-3,true
0.459,message,201,4.580,backend-3,true
0.459,message,201,5.480,backend-2,true
0.459,message,201,4.800,backend-2,true
0.461,message,201,3.250,backend-2,true
0.459,message,201,5.510,backend-2,true
0.153,feed,200,314.620,backend-3,true
0.462,message,201,6.280,backend-2,true
0.464,message,201,6.990,backend-3,true
0.464,message,201,6.700,backend-3,true
0.464,message,201,6.700,backend-3,true
0.464,message,201,7.120,backend-3,true
0.464,message,201,7.140,backend-3,true
0.464,message,201,6.780,backend-3,true
0.464,message,201,6.800,backend-3,true
0.467,message,201,3.700,backend-3,true
0.155,feed,200,316.040,backend-1,true
0.153,feed,200,323.060,backend-3,true
0.137,feed,200,340.290,backend-2,true
0.468,message,201,9.120,backend-2,true
0.471,message,201,7.070,backend-3,true
0.471,message,201,7.240,backend-3,true
0.471,message,201,7.210,backend-3,true
0.471,message,201,7.250,backend-3,true
0.471,message,201,6.960,backend-3,true
0.471,message,201,7.180,backend-3,true
0.471,message,201,7.410,backend-3,true
0.158,feed,200,324.360,backend-1,true
0.153,feed,200,331.110,backend-3,true
0.476,message,201,8.400,backend-2,true
0.477,message,201,7.490,backend-2,true
0.478,message,201,6.630,backend-2,true
0.477,message,201,8.730,backend-3,true
0.478,message,201,7.910,backend-3,true
0.478,message,201,8.020,backend-3,true
0.478,message,201,7.990,backend-3,true
0.482,message,201,6.290,backend-3,true
0.484,message,201,3.970,backend-3,true
0.137,feed,200,351.160,backend-2,true
0.485,message,201,3.640,backend-3,true
0.161,feed,200,330.050,backend-1,true
0.153,feed,200,339.210,backend-3,true
0.486,message,201,6.840,backend-3,true
0.488,message,201,4.740,backend-3,true
0.485,message,201,8.250,backend-2,true
0.489,message,201,4.610,backend-3,true
0.486,message,201,7.000,backend-2,true
0.486,message,201,7.020,backend-2,true
0.488,message,201,4.740,backend-2,true
0.485,message,201,8.390,backend-2,true
0.488,message,201,4.930,backend-2,true
0.137,feed,200,360.720,backend-2,true
0.491,message,201,7.790,backend-2,true
0.493,message,201,5.370,backend-2,true
0.493,message,201,5.510,backend-2,true
0.492,message,201,6.280,backend-2,true
0.493,message,201,5.680,backend-2,true
0.493,message,201,6.670,backend-3,true
0.493,message,201,6.830,backend-3,true
0.493,message,201,6.770,backend-3,true
0.154,feed,200,346.980,backend-3,true
0.498,message,201,6.560,backend-3,true
0.500,message,201,4.730,backend-3,true
0.499,message,201,5.900,backend-3,true
0.499,message,201,6.870,backend-2,true
0.499,message,201,6.940,backend-2,true
0.161,feed,200,344.840,backend-1,true
0.499,message,201,6.900,backend-2,true
0.500,message,201,5.880,backend-2,true
0.501,message,201,5.110,backend-2,true
0.137,feed,200,370.220,backend-2,true
0.154,feed,200,355.970,backend-3,true
0.506,message,201,5.530,backend-2,true
0.505,message,201,6.640,backend-2,true
0.506,message,201,5.590,backend-2,true
0.505,message,201,6.790,backend-3,true
0.506,message,201,5.760,backend-2,true
0.506,message,201,5.530,backend-2,true
0.506,message,201,5.790,backend-2,true
0.508,message,201,3.990,backend-2,true
0.161,feed,200,352.740,backend-1,true
0.138,feed,200,378.260,backend-2,true
0.510,message,201,8.290,backend-2,true
0.511,message,201,6.910,backend-2,true
0.511,message,201,6.910,backend-2,true
0.514,message,201,4.560,backend-2,true
0.512,message,201,6.550,backend-2,true
0.511,message,201,7.000,backend-2,true
0.511,message,201,7.020,backend-2,true
0.511,message,201,7.090,backend-2,true
0.154,feed,200,366.410,backend-3,true
0.516,message,201,6.010,backend-3,true
0.518,message,201,3.740,backend-3,true
0.138,feed,200,385.260,backend-2,true
0.161,feed,200,361.780,backend-1,true
0.518,message,201,6.340,backend-2,true
0.518,message,201,6.300,backend-2,true
0.518,message,201,6.370,backend-2,true
0.520,message,201,4.440,backend-2,true
0.519,message,201,6.160,backend-2,true
0.518,message,201,6.260,backend-2,true
0.522,message,201,2.970,backend-2,true
0.522,message,201,3.080,backend-2,true
0.154,feed,200,381.920,backend-3,true
0.523,message,201,14.260,backend-3,true
0.161,feed,200,376.690,backend-1,true
0.138,feed,200,400.040,backend-2,true
0.523,message,201,15.020,backend-2,true
0.524,message,201,13.440,backend-2,true
0.524,message,201,13.400,backend-2,true
0.525,message,201,13.270,backend-2,true
0.525,message,201,13.270,backend-2,true
0.525,message,201,13.400,backend-2,true
0.525,message,201,13.650,backend-2,true
0.525,message,201,13.490,backend-2,true
0.536,message,201,7.980,backend-2,true
0.538,message,201,5.870,backend-2,true
0.538,message,201,5.740,backend-2,true
0.537,message,201,6.610,backend-2,true
0.155,feed,200,389.470,backend-3,true
0.538,message,201,6.340,backend-3,true
0.538,message,201,6.800,backend-3,true
0.538,message,201,6.810,backend-3,true
0.538,message,201,6.880,backend-3,true
0.138,feed,200,407.620,backend-2,true
0.161,feed,200,387.380,backend-1,true
0.544,message,201,7.040,backend-2,true
0.544,message,201,7.060,backend-2,true
0.544,message,201,7.030,backend-2,true
0.545,message,201,6.070,backend-2,true
0.544,message,201,7.120,backend-2,true
0.544,message,201,6.350,backend-2,true
0.545,message,201,6.150,backend-2,true
0.545,message,201,6.310,backend-2,true
0.545,message,201,6.540,backend-3,true
0.155,feed,200,398.000,backend-3,true
0.138,feed,200,415.580,backend-2,true
0.552,message,201,3.230,backend-2,true
0.551,message,201,4.530,backend-2,true
0.551,message,201,4.470,backend-2,true
0.551,message,201,4.640,backend-2,true
0.551,message,201,4.580,backend-2,true
0.551,message,201,4.650,backend-2,true
0.551,message,201,4.600,backend-2,true
0.549,message,201,6.900,backend-2,true
0.161,feed,200,395.550,backend-1,true
0.553,message,201,7.700,backend-3,true
0.555,message,201,6.950,backend-2,true
0.555,message,201,6.940,backend-2,true
0.553,message,201,8.830,backend-2,true
0.555,message,201,6.940,backend-2,true
0.557,message,201,5.590,backend-2,true
0.555,message,201,6.880,backend-2,true
0.555,message,201,6.930,backend-2,true
0.555,message,201,6.900,backend-2,true
0.156,feed,200,406.730,backend-3,true
0.138,feed,200,425.400,backend-2,true
0.561,message,201,7.200,backend-2,true
0.562,message,201,5.910,backend-2,true
0.562,message,201,5.980,backend-2,true
0.563,message,201,4.990,backend-2,true
0.562,message,201,6.040,backend-2,true
0.562,message,201,6.010,backend-2,true
0.562,message,201,5.980,backend-2,true
0.563,message,201,5.540,backend-2,true
0.138,feed,200,431.850,backend-2,true
0.157,feed,200,415.580,backend-3,true
0.161,feed,200,412.370,backend-1,true
0.568,message,201,6.320,backend-2,true
0.568,message,201,6.360,backend-2,true
0.568,message,201,6.340,backend-2,true
0.568,message,201,6.370,backend-2,true
0.572,message,201,2.510,backend-2,true
0.568,message,201,6.320,backend-2,true
0.568,message,201,6.360,backend-2,true
0.138,feed,200,437.700,backend-2,true
0.570,message,201,6.540,backend-3,true
0.574,message,201,6.180,backend-2,true
0.575,message,201,5.500,backend-2,true
0.575,message,201,5.560,backend-2,true
0.575,message,201,5.590,backend-2,true
0.576,message,201,4.000,backend-2,true
0.157,feed,200,424.030,backend-3,true
0.575,message,201,6.360,backend-3,true
0.575,message,201,6.330,backend-3,true
0.575,message,201,6.370,backend-3,true
0.575,message,201,6.410,backend-3,true
0.576,message,201,5.500,backend-3,true
0.161,feed,200,421.170,backend-1,true
0.138,feed,200,445.550,backend-2,true
0.581,message,201,5.810,backend-2,true
0.581,message,201,5.670,backend-2,true
0.580,message,201,6.490,backend-2,true
0.582,message,201,4.310,backend-2,true
0.581,message,201,5.780,backend-2,true
0.581,message,201,5.750,backend-2,true
0.580,message,201,8.070,backend-3,true
0.581,message,201,6.860,backend-3,true
0.584,message,201,4.380,backend-3,true
0.580,message,201,7.780,backend-3,true
0.157,feed,200,432.250,backend-3,true
0.138,feed,200,454.400,backend-2,true
0.587,message,201,5.680,backend-3,true
0.587,message,201,5.650,backend-3,true
0.587,message,201,5.760,backend-3,true
0.161,feed,200,431.370,backend-1,true
0.588,message,201,4.760,backend-3,true
0.587,message,201,7.650,backend-2,true
0.587,message,201,7.690,backend-2,true
0.588,message,201,6.530,backend-2,true
0.588,message,201,6.530,backend-2,true
0.589,message,201,5.650,backend-2,true
0.157,feed,200,440.270,backend-3,true
0.592,message,201,6.480,backend-3,true
0.593,message,201,6.220,backend-3,true
0.594,message,201,4.630,backend-3,true
0.594,message,201,4.500,backend-3,true
0.595,message,201,4.490,backend-3,true
0.593,message,201,7.050,backend-2,true
0.594,message,201,5.300,backend-2,true
0.597,message,201,2.970,backend-2,true
0.595,message,201,5.300,backend-2,true
0.161,feed,200,440.000,backend-1,true
0.138,feed,200,464.340,backend-2,true
0.157,feed,200,448.850,backend-3,true
0.599,message,201,7.420,backend-3,true
0.599,message,201,7.880,backend-2,true
0.599,message,201,7.850,backend-2,true
0.600,message,201,7.060,backend-2,true
0.600,message,201,7.140,backend-2,true
0.601,message,201,5.640,backend-2,true
0.602,message,201,4.490,backend-2,true
0.600,message,201,6.980,backend-2,true
0.600,message,201,7.070,backend-2,true
0.138,feed,200,472.080,backend-2,true
0.161,feed,200,451.080,backend-1,true
0.606,message,201,8.200,backend-3,true
0.607,message,201,7.140,backend-3,true
0.607,message,201,8.320,backend-2,true
0.607,message,201,8.240,backend-2,true
0.607,message,201,8.490,backend-2,true
0.607,message,201,8.400,backend-2,true
0.610,message,201,5.070,backend-2,true
0.607,message,201,8.390,backend-2,true
0.158,feed,200,459.180,backend-3,true
0.139,feed,200,478.160,backend-2,true
0.612,message,201,5.910,backend-2,true
0.615,message,201,2.970,backend-2,true
0.615,message,201,3.370,backend-2,true
0.615,message,201,3.490,backend-2,true
0.615,message,201,3.420,backend-2,true
0.615,message,201,5.170,backend-3,true
0.618,message,201,2.310,backend-3,true
0.614,message,201,6.610,backend-3,true
0.614,message,201,6.510,backend-3,true
0.164,feed,200,457.430,backend-1,true
0.140,feed,200,484.500,backend-2,true
0.617,message,201,8.210,backend-2,true
0.620,message,201,5.130,backend-2,true
0.617,message,201,8.360,backend-2,true
0.618,message,201,7.330,backend-2,true
0.621,message,201,5.110,backend-2,true
0.619,message,201,6.910,backend-2,true
0.619,message,201,6.930,backend-2,true
0.621,message,201,5.180,backend-2,true
0.622,message,201,5.720,backend-3,true
0.620,message,201,6.920,backend-3,true
0.158,feed,200,470.700,backend-3,true
0.624,message,201,6.250,backend-3,true
0.625,message,201,5.340,backend-3,true
0.626,message,201,4.810,backend-3,true
0.626,message,201,6.660,backend-2,true
0.626,message,201,6.630,backend-2,true
0.168,feed,200,465.130,backend-1,true
0.627,message,201,5.480,backend-2,true
0.628,message,201,4.520,backend-2,true
0.140,feed,200,493.760,backend-2,true
0.627,message,201,7.180,backend-3,true
0.630,message,201,4.270,backend-3,true
0.633,message,201,5.750,backend-2,true
0.633,message,201,5.840,backend-2,true
0.633,message,201,5.800,backend-2,true
0.630,message,201,8.280,backend-2,true
0.630,message,201,8.280,backend-2,true
0.158,feed,200,482.680,backend-3,true
0.634,message,201,7.230,backend-3,true
0.635,message,201,6.250,backend-3,true
0.635,message,201,7.060,backend-2,true
0.140,feed,200,502.370,backend-2,true
0.639,message,201,6.330,backend-2,true
0.640,message,201,4.620,backend-3,true
0.639,message,201,6.320,backend-2,true
0.639,message,201,6.340,backend-2,true
0.641,message,201,4.220,backend-2,true
0.639,message,201,6.360,backend-3,true
0.639,message,201,6.360,backend-2,true
0.168,feed,200,480.910,backend-1,true
0.645,message,201,5.210,backend-2,true
0.645,message,201,5.190,backend-2,true
0.643,message,201,7.420,backend-2,true
0.645,message,201,5.280,backend-2,true
0.158,feed,200,493.290,backend-3,true
0.142,feed,200,509.100,backend-2,true
0.645,message,201,7.700,backend-3,true
0.645,message,201,7.690,backend-3,true
0.649,message,201,4.070,backend-3,true
0.645,message,201,7.950,backend-3,true
0.651,message,201,6.260,backend-2,true
0.651,message,201,6.040,backend-2,true
0.650,message,201,7.030,backend-2,true
0.650,message,201,6.970,backend-2,true
0.650,message,201,7.040,backend-2,true
0.168,feed,200,489.520,backend-1,true
0.653,message,201,6.120,backend-3,true
0.653,message,201,6.090,backend-3,true
0.142,feed,200,517.740,backend-2,true
0.158,feed,200,503.440,backend-3,true
0.657,message,201,5.800,backend-3,true
0.658,message,201,5.620,backend-3,true
0.661,message,201,2.100,backend-3,true
0.660,message,201,3.330,backend-3,true
0.657,message,201,6.570,backend-2,true
0.657,message,201,6.500,backend-2,true
0.657,message,201,6.480,backend-2,true
0.659,message,201,4.920,backend-2,true
0.142,feed,200,525.420,backend-2,true
0.168,feed,200,500.180,backend-1,true
0.664,message,201,5.350,backend-2,true
0.663,message,201,6.060,backend-2,true
0.664,message,201,5.430,backend-2,true
0.664,message,201,5.390,backend-2,true
0.664,message,201,5.920,backend-3,true
0.663,message,201,6.640,backend-3,true
0.663,message,201,6.730,backend-3,true
0.663,message,201,6.750,backend-2,true
0.158,feed,200,514.280,backend-3,true
0.667,message,201,5.960,backend-2,true
0.670,message,201,3.540,backend-2,true
0.668,message,201,5.280,backend-2,true
0.670,message,201,7.520,backend-3,true
0.669,message,201,8.030,backend-3,true
0.673,message,201,3.890,backend-3,true
0.670,message,201,7.460,backend-3,true
0.670,message,201,7.420,backend-3,true
0.673,message,201,3.840,backend-3,true
0.168,feed,200,510.560,backend-1,true
0.145,feed,200,533.980,backend-2,true
0.672,message,201,7.190,backend-2,true
0.673,message,201,5.620,backend-2,true
0.158,feed,200,524.610,backend-3,true
0.677,message,201,6.590,backend-2,true
0.679,message,201,5.280,backend-2,true
0.678,message,201,6.360,backend-3,true
0.677,message,201,7.590,backend-3,true
0.677,message,201,7.640,backend-3,true
0.679,message,201,5.790,backend-3,true
0.679,message,201,5.840,backend-3,true
0.145,feed,200,542.890,backend-2,true
0.168,feed,200,520.790,backend-1,true
0.685,message,201,3.990,backend-3,true
0.685,message,201,3.900,backend-3,true
0.684,message,201,4.970,backend-3,true
0.682,message,201,6.650,backend-3,true
0.164,feed,200,526.280,backend-3,true
0.685,message,201,6.330,backend-2,true
0.685,message,201,6.280,backend-2,true
0.689,message,201,2.820,backend-2,true
0.689,message,201,2.810,backend-2,true
0.689,message,201,3.070,backend-2,true
0.687,message,201,6.240,backend-3,true
0.689,message,201,4.860,backend-3,true
0.691,message,201,3.130,backend-3,true
0.689,message,201,4.920,backend-3,true
0.168,feed,200,527.370,backend-1,true
0.157,feed,200,541.320,backend-2,true
0.692,message,201,7.010,backend-3,true
0.694,message,201,4.870,backend-3,true
0.692,message,201,6.980,backend-3,true
0.694,message,201,5.020,backend-3,true
0.694,message,201,5.050,backend-3,true
0.696,message,201,3.100,backend-3,true
0.165,feed,200,535.180,backend-3,true
0.694,message,201,6.280,backend-2,true
0.698,message,201,2.180,backend-2,true
0.168,feed,200,535.630,backend-1,true
0.699,message,201,6.570,backend-3,true
0.699,message,201,6.390,backend-3,true
0.699,message,201,6.440,backend-3,true
0.699,message,201,6.490,backend-3,true
0.700,message,201,5.310,backend-3,true
0.700,message,201,6.950,backend-2,true
0.700,message,201,7.220,backend-2,true
0.165,feed,200,542.960,backend-3,true
0.157,feed,200,553.100,backend-2,true
0.705,message,201,4.530,backend-2,true
0.705,message,201,4.580,backend-2,true
0.705,message,201,4.400,backend-2,true
0.708,message,201,1.800,backend-2,true
0.704,message,201,5.780,backend-2,true
0.705,message,201,6.350,backend-3,true
0.707,message,201,4.310,backend-3,true
0.705,message,201,6.670,backend-3,true
0.169,feed,200,543.700,backend-1,true
0.710,message,201,6.250,backend-2,true
0.710,message,201,6.390,backend-2,true
0.710,message,201,6.340,backend-2,true
0.710,message,201,6.320,backend-2,true
0.712,message,201,4.450,backend-2,true
0.710,message,201,7.560,backend-3,true
0.710,message,201,7.640,backend-3,true
0.712,message,201,5.080,backend-3,true
0.165,feed,200,553.180,backend-3,true
0.157,feed,200,563.630,backend-2,true
0.716,message,201,5.890,backend-2,true
0.717,message,201,4.610,backend-2,true
0.717,message,201,4.950,backend-2,true
0.718,message,201,4.540,backend-2,true
0.716,message,201,7.400,backend-3,true
0.716,message,201,7.370,backend-3,true
0.716,message,201,7.470,backend-3,true
0.169,feed,200,556.570,backend-1,true
0.165,feed,200,561.490,backend-3,true
0.720,message,201,6.850,backend-2,true
0.723,message,201,4.650,backend-2,true
0.722,message,201,5.010,backend-2,true
0.724,message,201,3.850,backend-2,true
0.722,message,201,7.910,backend-3,true
0.723,message,201,6.510,backend-3,true
0.725,message,201,4.640,backend-3,true
0.157,feed,200,574.700,backend-2,true
0.726,message,201,5.970,backend-3,true
0.727,message,201,5.700,backend-2,true
0.727,message,201,5.680,backend-2,true
0.727,message,201,5.720,backend-2,true
0.727,message,201,5.720,backend-2,true
0.730,message,201,3.080,backend-2,true
0.165,feed,200,571.860,backend-3,true
0.731,message,201,6.540,backend-3,true
0.732,message,201,5.630,backend-3,true
0.169,feed,200,569.510,backend-1,true
0.733,message,201,6.350,backend-2,true
0.733,message,201,6.330,backend-2,true
0.733,message,201,6.570,backend-2,true
0.733,message,201,6.830,backend-2,true
0.737,message,201,3.280,backend-2,true
0.157,feed,200,583.760,backend-2,true
0.738,message,201,5.910,backend-2,true
0.740,message,201,3.780,backend-2,true
0.740,message,201,4.070,backend-2,true
0.739,message,201,4.510,backend-2,true
0.739,message,201,5.850,backend-3,true
0.740,message,201,3.890,backend-3,true
0.738,message,201,6.340,backend-3,true
0.165,feed,200,581.550,backend-3,true
0.170,feed,200,576.300,backend-1,true
0.157,feed,200,591.210,backend-2,true
0.746,message,201,3.490,backend-2,true
0.744,message,201,5.530,backend-2,true
0.744,message,201,6.010,backend-2,true
0.744,message,201,5.630,backend-2,true
0.744,message,201,6.070,backend-2,true
0.748,message,201,2.110,backend-2,true
0.744,message,201,7.160,backend-3,true
0.747,message,201,4.920,backend-3,true
0.165,feed,200,589.720,backend-3,true
0.175,feed,200,580.800,backend-1,true
0.157,feed,200,599.390,backend-2,true
0.750,message,201,6.640,backend-2,true
0.750,message,201,6.760,backend-2,true
0.750,message,201,6.730,backend-2,true
0.750,message,201,6.720,backend-2,true
0.755,message,201,2.220,backend-2,true
0.752,message,201,5.290,backend-2,true
0.752,message,201,5.270,backend-2,true
0.750,message,201,6.900,backend-2,true
0.165,feed,200,597.590,backend-3,true
0.757,message,201,5.980,backend-3,true
0.757,message,201,5.960,backend-3,true
0.756,message,201,7.010,backend-2,true
0.757,message,201,6.290,backend-2,true
0.757,message,201,6.380,backend-2,true
0.757,message,201,6.440,backend-2,true
0.175,feed,200,588.100,backend-1,true
0.756,message,201,7.400,backend-2,true
0.757,message,201,6.500,backend-2,true
0.157,feed,200,606.490,backend-2,true
0.157,feed,200,613.650,backend-2,true
0.763,message,201,7.080,backend-2,true
0.763,message,201,7.490,backend-2,true
0.763,message,201,7.160,backend-2,true
0.763,message,201,7.180,backend-2,true
0.763,message,201,7.290,backend-2,true
0.763,message,201,7.230,backend-2,true
0.763,message,201,8.180,backend-3,true
0.763,message,201,7.760,backend-3,true
0.763,message,201,7.640,backend-3,true
0.763,message,201,8.190,backend-3,true
0.165,feed,200,607.080,backend-3,true
0.175,feed,200,597.080,backend-1,true
0.770,message,201,5.930,backend-3,true
0.771,message,201,7.090,backend-2,true
0.770,message,201,7.730,backend-2,true
0.770,message,201,7.710,backend-2,true
0.770,message,201,7.740,backend-2,true
0.771,message,201,7.120,backend-2,true
0.770,message,201,7.810,backend-2,true
0.770,message,201,7.760,backend-2,true
0.772,message,201,6.480,backend-2,true
0.772,message,201,6.150,backend-2,true
0.157,feed,200,622.740,backend-2,true
0.165,feed,200,616.470,backend-3,true
0.778,message,201,4.030,backend-2,true
0.776,message,201,5.760,backend-2,true
0.778,message,201,4.110,backend-2,true
0.778,message,201,3.760,backend-2,true
0.778,message,201,3.760,backend-2,true
0.175,feed,200,608.400,backend-1,true
0.782,message,201,2.650,backend-3,true
0.778,message,201,6.680,backend-3,true
0.778,message,201,6.730,backend-3,true
0.779,message,201,5.530,backend-3,true
0.778,message,201,6.790,backend-3,true
0.157,feed,200,629.790,backend-2,true
0.782,message,201,5.540,backend-2,true
0.782,message,201,5.070,backend-2,true
0.782,message,201,5.200,backend-2,true
0.782,message,201,5.180,backend-2,true
0.784,message,201,3.990,backend-2,true
0.785,message,201,3.000,backend-2,true
0.785,message,201,5.030,backend-3,true
0.785,message,201,5.160,backend-3,true
0.785,message,201,5.110,backend-3,true
0.787,message,201,5.330,backend-2,true
0.787,message,201,6.010,backend-2,true
0.787,message,201,5.120,backend-2,true
0.787,message,201,5.300,backend-2,true
0.165,feed,200,628.450,backend-3,true
0.788,message,201,6.970,backend-3,true
0.790,message,201,4.700,backend-3,true
0.790,message,201,4.640,backend-3,true
0.158,feed,200,637.440,backend-2,true
0.175,feed,200,621.280,backend-1,true
0.793,message,201,5.680,backend-2,true
0.795,message,201,3.720,backend-2,true
0.794,message,201,4.590,backend-2,true
0.795,message,201,3.780,backend-2,true
0.795,message,201,3.350,backend-2,true
0.793,message,201,7.930,backend-3,true
0.796,message,201,4.120,backend-3,true
0.165,feed,200,638.730,backend-3,true
0.798,message,201,6.540,backend-3,true
0.798,message,201,6.580,backend-3,true
0.175,feed,200,629.920,backend-1,true
0.158,feed,200,647.660,backend-2,true
0.801,message,201,5.170,backend-2,true
0.798,message,201,7.450,backend-2,true
0.799,message,201,7.260,backend-2,true
0.801,message,201,5.280,backend-2,true
0.806,message,201,5.710,backend-2,true
0.805,message,201,6.370,backend-2,true
0.806,message,201,5.650,backend-2,true
0.804,message,201,7.440,backend-2,true
0.806,message,201,5.730,backend-2,true
0.806,message,201,6.580,backend-3,true
0.805,message,201,7.250,backend-3,true
0.805,message,201,7.600,backend-3,true
0.158,feed,200,655.330,backend-2,true
0.165,feed,200,648.730,backend-3,true
0.175,feed,200,638.960,backend-1,true
0.812,message,201,6.060,backend-3,true
0.814,message,201,3.280,backend-3,true
0.813,message,201,4.650,backend-3,true
0.811,message,201,6.680,backend-2,true
0.812,message,201,5.750,backend-2,true
0.813,message,201,5.700,backend-2,true
0.812,message,201,6.780,backend-2,true
0.813,message,201,5.930,backend-2,true
0.814,message,201,4.430,backend-2,true
0.158,feed,200,663.210,backend-2,true
0.165,feed,200,657.270,backend-3,true
0.818,message,201,6.340,backend-2,true
0.175,feed,200,648.830,backend-1,true
0.818,message,201,5.830,backend-2,true
0.818,message,201,6.360,backend-2,true
0.821,message,201,4.040,backend-3,true
0.818,message,201,7.220,backend-3,true
0.818,message,201,6.660,backend-3,true
0.819,message,201,6.420,backend-3,true
0.824,message,201,7.420,backend-2,true
0.824,message,201,7.460,backend-2,true
0.824,message,201,7.440,backend-2,true
0.824,message,201,7.500,backend-2,true
0.825,message,201,6.580,backend-2,true
0.825,message,201,6.570,backend-2,true
0.158,feed,200,673.990,backend-2,true
0.823,message,201,8.960,backend-2,true
0.825,message,201,8.910,backend-3,true
0.825,message,201,8.970,backend-3,true
0.165,feed,200,669.780,backend-3,true
0.176,feed,200,660.540,backend-1,true
0.834,message,201,5.420,backend-3,true
0.836,message,201,3.300,backend-3,true
0.832,message,201,7.920,backend-3,true
0.835,message,201,4.360,backend-3,true
0.832,message,201,10.080,backend-2,true
0.831,message,201,10.270,backend-2,true
0.831,message,201,10.370,backend-2,true
0.832,message,201,10.260,backend-2,true
0.834,message,201,8.220,backend-2,true
0.158,feed,200,684.490,backend-2,true
0.842,message,201,4.850,backend-2,true
0.840,message,201,7.190,backend-2,true
0.165,feed,200,681.370,backend-3,true
0.839,message,201,7.360,backend-2,true
0.842,message,201,4.690,backend-2,true
0.842,message,201,5.130,backend-2,true
0.176,feed,200,673.170,backend-1,true
0.842,message,201,6.630,backend-3,true
0.842,message,201,6.970,backend-3,true
0.145,feed,200,706.610,backend-2,true
0.847,message,201,7.350,backend-3,true
0.851,message,201,2.930,backend-3,true
0.847,message,201,7.370,backend-3,true
0.847,message,201,8.510,backend-2,true
0.849,message,201,6.520,backend-2,true
0.847,message,201,8.500,backend-2,true
0.849,message,201,6.560,backend-2,true
0.847,message,201,8.610,backend-2,true
0.849,message,201,6.590,backend-2,true
0.166,feed,200,691.720,backend-3,true
0.145,feed,200,714.560,backend-2,true
0.854,message,201,6.020,backend-2,true
0.855,message,201,4.860,backend-2,true
0.854,message,201,6.090,backend-2,true
0.855,message,201,4.940,backend-2,true
0.855,message,201,4.880,backend-2,true
0.175,feed,200,684.960,backend-1,true
0.854,message,201,6.740,backend-3,true
0.857,message,201,3.640,backend-3,true
0.855,message,201,5.640,backend-3,true
0.855,message,201,5.590,backend-3,true
0.860,message,201,5.480,backend-3,true
0.859,message,201,6.660,backend-3,true
0.861,message,201,4.810,backend-3,true
0.861,message,201,4.820,backend-3,true
0.860,message,201,7.840,backend-2,true
0.860,message,201,7.620,backend-2,true
0.861,message,201,7.160,backend-2,true
0.166,feed,200,703.180,backend-3,true
0.145,feed,200,725.170,backend-2,true
0.868,message,201,3.590,backend-3,true
0.866,message,201,5.900,backend-3,true
0.866,message,201,5.950,backend-3,true
0.866,message,201,6.940,backend-2,true
0.868,message,201,4.710,backend-2,true
0.868,message,201,4.720,backend-2,true
0.869,message,201,4.170,backend-2,true
0.176,feed,200,698.530,backend-1,true
0.870,message,201,6.550,backend-3,true
0.872,message,201,4.670,backend-3,true
0.873,message,201,4.950,backend-2,true
0.872,message,201,6.200,backend-2,true
0.873,message,201,5.100,backend-2,true
0.873,message,201,5.060,backend-2,true
0.874,message,201,3.800,backend-2,true
0.166,feed,200,713.530,backend-3,true
0.145,feed,200,734.800,backend-2,true
0.176,feed,200,706.500,backend-1,true
0.880,message,201,2.040,backend-2,true
0.878,message,201,4.310,backend-2,true
0.878,message,201,4.410,backend-2,true
0.876,message,201,5.910,backend-2,true
0.879,message,201,5.650,backend-3,true
0.878,message,201,6.920,backend-3,true
0.882,message,201,2.550,backend-3,true
0.878,message,201,6.930,backend-3,true
0.149,feed,200,739.090,backend-2,true
0.882,message,201,6.270,backend-2,true
0.885,message,201,3.770,backend-2,true
0.885,message,201,3.840,backend-2,true
0.882,message,201,6.430,backend-2,true
0.885,message,201,3.920,backend-2,true
0.882,message,201,6.430,backend-2,true
0.166,feed,200,724.110,backend-3,true
0.889,message,201,5.940,backend-3,true
0.176,feed,200,718.840,backend-1,true
0.888,message,201,6.400,backend-3,true
0.889,message,201,6.850,backend-2,true
0.889,message,201,6.700,backend-2,true
0.889,message,201,6.810,backend-2,true
0.890,message,201,5.810,backend-2,true
0.889,message,201,6.970,backend-2,true
0.150,feed,200,746.730,backend-2,true
0.895,message,201,5.920,backend-2,true
0.166,feed,200,734.920,backend-3,true
0.895,message,201,5.010,backend-2,true
0.896,message,201,4.020,backend-2,true
0.895,message,201,5.040,backend-2,true
0.895,message,201,5.920,backend-2,true
0.895,message,201,7.430,backend-3,true
0.150,feed,200,754.250,backend-2,true
0.176,feed,200,731.040,backend-1,true
0.901,message,201,8.440,backend-3,true
0.900,message,201,8.480,backend-3,true
0.900,message,201,8.530,backend-3,true
0.904,message,201,4.950,backend-3,true
0.902,message,201,7.520,backend-2,true
0.900,message,201,9.110,backend-2,true
0.900,message,201,9.100,backend-2,true
0.166,feed,200,746.420,backend-3,true
0.151,feed,200,761.620,backend-2,true
0.907,message,201,6.200,backend-2,true
0.909,message,201,3.940,backend-2,true
0.912,message,201,8.180,backend-3,true
0.910,message,201,10.600,backend-3,true
0.910,message,201,10.660,backend-3,true
0.909,message,201,11.250,backend-3,true
0.909,message,201,11.210,backend-3,true
0.909,message,201,11.250,backend-3,true
0.913,message,201,7.240,backend-3,true
0.913,message,201,9.720,backend-2,true
0.913,message,201,9.430,backend-2,true
0.151,feed,200,771.870,backend-2,true
0.176,feed,200,747.290,backend-1,true
0.166,feed,200,760.910,backend-3,true
0.920,message,201,6.260,backend-2,true
0.920,message,201,6.210,backend-2,true
0.922,message,201,4.240,backend-2,true
0.923,message,201,3.760,backend-2,true
0.920,message,201,7.450,backend-3,true
0.920,message,201,7.540,backend-3,true
0.920,message,201,7.530,backend-3,true
0.922,message,201,5.350,backend-3,true
0.923,message,201,4.730,backend-3,true
0.179,feed,200,759.650,backend-1,true
0.151,feed,200,787.340,backend-2,true
0.928,message,201,12.960,backend-2,true
0.926,message,201,14.410,backend-2,true
0.927,message,201,14.340,backend-2,true
0.928,message,201,13.180,backend-3,true
0.927,message,201,14.410,backend-3,true
0.927,message,201,14.430,backend-2,true
0.928,message,201,13.380,backend-3,true
0.928,message,201,13.410,backend-3,true
0.166,feed,200,777.390,backend-3,true
0.939,message,201,6.860,backend-2,true
0.939,message,201,7.240,backend-3,true
0.941,message,201,5.170,backend-3,true
0.941,message,201,5.180,backend-3,true
0.941,message,201,5.240,backend-3,true
0.941,message,201,5.190,backend-3,true
0.941,message,201,5.170,backend-3,true
0.179,feed,200,768.920,backend-1,true
0.943,message,201,6.860,backend-2,true
0.946,message,201,3.780,backend-2,true
0.946,message,201,3.740,backend-2,true
0.946,message,201,4.260,backend-2,true
0.152,feed,200,798.700,backend-2,true
0.166,feed,200,785.810,backend-3,true
0.179,feed,200,782.320,backend-1,true
0.166,feed,200,796.210,backend-3,true
0.152,feed,200,809.910,backend-2,true
0.153,feed,200,812.660,backend-2,true
0.166,feed,200,800.330,backend-3,true
0.166,feed,200,804.900,backend-3,true
0.153,feed,200,817.340,backend-2,true
0.153,feed,200,826.730,backend-2,true
0.166,feed,200,823.750,backend-3,true
0.179,feed,200,810.220,backend-1,true
0.154,feed,200,840.090,backend-2,true
0.166,feed,200,827.560,backend-3,true
0.179,feed,200,816.370,backend-1,true
0.166,feed,200,829.730,backend-3,true
0.154,feed,200,843.770,backend-2,true
0.166,feed,200,833.460,backend-3,true
0.179,feed,200,821.270,backend-1,true
0.434,feed,200,567.620,backend-2,true
0.180,feed,200,824.880,backend-1,true
0.459,feed,200,545.780,backend-2,true
0.166,feed,200,838.130,backend-3,true
0.167,feed,200,844.920,backend-3,true
0.180,feed,200,832.000,backend-1,true
0.459,feed,200,553.350,backend-2,true
0.167,feed,200,848.780,backend-3,true
0.459,feed,200,557.250,backend-2,true
0.180,feed,200,837.600,backend-1,true
0.180,feed,200,848.670,backend-1,true
0.194,feed,200,834.190,backend-3,true
0.478,feed,200,550.160,backend-2,true
0.493,feed,200,547.320,backend-2,true
0.216,feed,200,827.700,backend-3,true
0.180,feed,200,864.660,backend-1,true
0.288,feed,200,758.720,backend-3,true
0.946,message,201,103.270,backend-3,true
0.180,feed,200,869.500,backend-1,true
0.946,message,201,103.210,backend-3,true
0.946,message,201,103.280,backend-3,true
0.950,message,201,99.490,backend-3,true
0.948,message,201,101.300,backend-3,true
0.946,message,201,103.240,backend-3,true
0.961,message,201,89.410,backend-2,true
0.962,message,201,89.040,backend-2,true
1.002,message,201,50.230,backend-1,true
0.321,feed,200,730.760,backend-3,true
0.950,message,201,101.930,backend-3,true
0.951,message,201,100.860,backend-3,true
1.028,message,201,24.020,backend-2,true
1.028,message,201,24.050,backend-2,true
1.000,message,201,52.510,backend-2,true
1.001,message,201,51.670,backend-2,true
0.950,message,201,102.570,backend-2,true
1.017,message,201,36.650,backend-2,true
0.980,message,201,73.120,backend-3,true
0.962,message,201,91.270,backend-3,true
0.966,message,201,87.260,backend-3,true
0.994,message,201,59.430,backend-1,true
0.994,message,201,59.450,backend-1,true
1.012,message,201,41.760,backend-2,true
1.012,message,201,41.760,backend-2,true
1.016,message,201,37.630,backend-2,true
1.004,message,201,48.910,backend-2,true
1.028,message,201,25.060,backend-1,true
0.996,message,201,57.280,backend-1,true
0.998,message,201,55.980,backend-1,true
0.990,message,201,63.910,backend-2,true
0.990,message,201,64.010,backend-2,true
1.005,message,201,49.030,backend-1,true
1.005,message,201,49.070,backend-1,true
0.966,message,201,87.630,backend-2,true
0.971,message,201,83.430,backend-2,true
0.971,message,201,83.460,backend-2,true
0.996,message,201,58.220,backend-3,true
1.013,message,201,42.030,backend-1,true
1.017,message,201,37.690,backend-1,true
1.047,message,201,13.210,backend-2,true
1.049,message,201,10.570,backend-2,true
1.049,message,201,13.320,backend-3,true
1.049,message,201,13.290,backend-3,true
1.040,message,201,22.260,backend-2,true
1.049,message,201,13.280,backend-3,true
1.052,message,201,10.500,backend-3,true
1.052,message,201,10.940,backend-3,true
1.052,message,201,10.590,backend-3,true
1.049,message,201,13.680,backend-3,true
1.052,message,201,10.800,backend-3,true
1.052,message,201,10.580,backend-3,true
1.052,message,201,10.740,backend-3,true
1.051,message,201,13.960,backend-2,true
1.053,message,201,12.170,backend-2,true
1.054,message,201,11.970,backend-2,true
1.053,message,201,12.170,backend-2,true
1.053,message,201,12.290,backend-2,true
1.053,message,201,12.350,backend-2,true
1.053,message,201,12.450,backend-2,true
1.054,message,201,12.160,backend-2,true
1.054,message,201,12.210,backend-2,true
1.053,message,201,12.460,backend-2,true
1.053,message,201,12.510,backend-2,true
1.052,message,201,13.330,backend-2,true
1.052,message,201,13.430,backend-2,true
1.052,message,201,13.350,backend-2,true
1.051,message,201,14.940,backend-2,true
1.055,message,201,11.160,backend-1,true
1.055,message,201,10.930,backend-1,true
1.054,message,201,12.290,backend-1,true
1.054,message,201,12.340,backend-1,true
1.053,message,201,12.440,backend-1,true
1.053,message,201,12.620,backend-1,true
1.054,message,201,11.920,backend-2,true
1.054,message,201,12.400,backend-1,true
1.054,message,201,11.970,backend-2,true
1.053,message,201,12.660,backend-2,true
1.053,message,201,12.640,backend-2,true
1.053,message,201,12.650,backend-2,true
1.054,message,201,12.000,backend-2,true
1.044,message,201,23.640,backend-1,true
1.044,message,201,23.250,backend-1,true
1.060,message,201,8.880,backend-1,true
0.493,feed,200,576.400,backend-2,true
0.180,feed,200,889.770,backend-1,true
1.063,message,201,7.960,backend-3,true
1.063,message,201,7.630,backend-3,true
1.063,message,201,7.740,backend-3,true
1.063,message,201,7.600,backend-3,true
1.063,message,201,7.720,backend-2,true
1.063,message,201,7.700,backend-2,true
1.063,message,201,8.060,backend-3,true
1.063,message,201,7.790,backend-3,true
1.065,message,201,5.820,backend-3,true
1.060,message,201,10.980,backend-2,true
1.063,message,201,8.110,backend-2,true
1.063,message,201,7.860,backend-2,true
1.066,message,201,8.330,backend-2,true
1.066,message,201,8.340,backend-2,true
1.066,message,201,8.310,backend-2,true
1.066,message,201,8.580,backend-2,true
1.066,message,201,8.640,backend-2,true
1.066,message,201,8.800,backend-2,true
1.066,message,201,8.820,backend-2,true
1.066,message,201,9.170,backend-2,true
1.066,message,201,9.130,backend-2,true
1.066,message,201,9.120,backend-2,true
1.066,message,201,9.300,backend-2,true
1.066,message,201,9.110,backend-2,true
1.066,message,201,9.230,backend-2,true
1.066,message,201,8.990,backend-2,true
1.066,message,201,9.190,backend-2,true
1.066,message,201,9.440,backend-2,true
1.066,message,201,9.480,backend-2,true
1.066,message,201,9.040,backend-2,true
1.066,message,201,9.120,backend-2,true
1.066,message,201,9.160,backend-2,true
1.068,message,201,8.050,backend-2,true
1.066,message,201,9.810,backend-2,true
1.066,message,201,9.930,backend-2,true
1.066,message,201,9.890,backend-2,true
1.066,message,201,9.990,backend-2,true
1.068,message,201,8.380,backend-2,true
1.066,message,201,9.990,backend-2,true
1.066,message,201,10.070,backend-2,true
0.321,feed,200,755.930,backend-3,true
1.070,message,201,9.040,backend-1,true
1.070,message,201,9.110,backend-1,true
1.071,message,201,8.800,backend-3,true
1.071,message,201,9.030,backend-3,true
1.071,message,201,9.010,backend-3,true
1.071,message,201,9.040,backend-3,true
1.071,message,201,9.490,backend-3,true
1.071,message,201,9.520,backend-3,true
1.071,message,201,9.460,backend-3,true
1.071,message,201,9.710,backend-3,true
1.071,message,201,9.690,backend-3,true
1.071,message,201,9.690,backend-3,true
1.074,message,201,6.760,backend-3,true
1.074,message,201,6.370,backend-3,true
1.074,message,201,6.670,backend-3,true
1.071,message,201,9.990,backend-3,true
1.074,message,201,6.650,backend-3,true
1.074,message,201,6.740,backend-3,true
1.075,message,201,11.730,backend-2,true
1.075,message,201,11.680,backend-2,true
1.075,message,201,11.720,backend-2,true
1.075,message,201,11.760,backend-2,true
1.075,message,201,11.820,backend-2,true
1.074,message,201,12.300,backend-2,true
1.080,message,201,7.240,backend-2,true
1.076,message,201,10.960,backend-2,true
1.075,message,201,11.760,backend-2,true
1.075,message,201,11.700,backend-2,true
1.075,message,201,11.740,backend-2,true
1.076,message,201,11.140,backend-2,true
1.075,message,201,11.860,backend-2,true
1.077,message,201,9.740,backend-2,true
1.079,message,201,8.250,backend-2,true
1.079,message,201,8.320,backend-2,true
1.076,message,201,10.920,backend-2,true
1.075,message,201,11.870,backend-2,true
1.076,message,201,11.010,backend-2,true
1.076,message,201,10.920,backend-2,true
1.076,message,201,10.970,backend-2,true
1.075,message,201,11.800,backend-2,true
1.076,message,201,11.260,backend-2,true
1.075,message,201,11.980,backend-2,true
1.075,message,201,11.890,backend-2,true
1.076,message,201,12.890,backend-2,true
1.075,message,201,13.780,backend-2,true
0.180,feed,200,909.070,backend-1,true
0.499,feed,200,594.320,backend-2,true
1.080,message,201,15.730,backend-2,true
1.080,message,201,15.720,backend-2,true
1.080,message,201,15.830,backend-2,true
1.087,message,201,12.600,backend-3,true
1.080,message,201,21.380,backend-3,true
1.080,message,201,21.440,backend-3,true
1.081,message,201,20.990,backend-3,true
1.081,message,201,20.980,backend-3,true
1.087,message,201,19.450,backend-2,true
1.087,message,201,19.460,backend-2,true
1.087,message,201,19.540,backend-2,true
1.087,message,201,19.820,backend-2,true
1.093,message,201,13.360,backend-3,true
1.087,message,201,19.690,backend-2,true
1.087,message,201,19.840,backend-2,true
1.096,message,201,10.570,backend-3,true
1.087,message,201,19.750,backend-2,true
1.089,message,201,17.700,backend-2,true
0.329,feed,200,780.710,backend-3,true
1.100,message,201,10.070,backend-3,true
0.180,feed,200,931.970,backend-1,true
0.500,feed,200,612.720,backend-2,true
1.106,message,201,11.380,backend-3,true
1.107,message,201,11.250,backend-3,true
1.107,message,201,11.280,backend-3,true
1.107,message,201,11.380,backend-3,true
1.109,message,201,8.610,backend-3,true
1.107,message,201,11.380,backend-3,true
0.329,feed,200,791.980,backend-3,true
1.112,message,201,9.040,backend-2,true
1.113,message,201,8.270,backend-2,true
0.505,feed,200,618.190,backend-2,true
0.180,feed,200,944.090,backend-1,true
1.118,message,201,6.460,backend-2,true
1.118,message,201,6.460,backend-2,true
1.121,message,201,3.800,backend-2,true
1.121,message,201,4.100,backend-3,true
1.118,message,201,7.100,backend-3,true
1.118,message,201,7.070,backend-3,true
1.121,message,201,4.130,backend-3,true
1.118,message,201,7.090,backend-3,true
1.125,message,201,11.830,backend-3,true
1.123,message,201,14.030,backend-3,true
1.125,message,201,11.840,backend-3,true
1.125,message,201,11.870,backend-3,true
1.124,message,201,15.630,backend-2,true
1.124,message,201,15.650,backend-2,true
1.124,message,201,15.800,backend-2,true
1.125,message,201,15.150,backend-2,true
0.180,feed,200,961.090,backend-1,true
0.335,feed,200,807.240,backend-3,true
0.506,feed,200,639.920,backend-2,true
1.140,message,201,6.150,backend-3,true
1.137,message,201,9.410,backend-3,true
1.137,message,201,9.480,backend-2,true
1.140,message,201,6.240,backend-2,true
1.141,message,201,5.040,backend-2,true
1.137,message,201,9.550,backend-3,true
1.140,message,201,10.060,backend-2,true
1.143,message,201,10.540,backend-3,true
1.146,message,201,9.260,backend-2,true
1.146,message,201,9.370,backend-2,true
1.146,message,201,9.960,backend-2,true
1.146,message,201,9.290,backend-2,true
1.146,message,201,9.350,backend-2,true
0.182,feed,200,974.060,backend-1,true
1.156,message,201,3.750,backend-3,true
1.153,message,201,6.170,backend-3,true
1.156,message,201,3.040,backend-3,true
1.156,message,201,3.760,backend-3,true
1.156,message,201,3.880,backend-3,true
1.156,message,201,5.890,backend-2,true
0.336,feed,200,826.060,backend-3,true
0.511,feed,200,650.800,backend-2,true
0.182,feed,200,990.450,backend-1,true
1.162,message,201,12.630,backend-3,true
1.159,message,201,15.310,backend-3,true
1.160,message,201,15.170,backend-3,true
1.162,message,201,13.600,backend-2,true
1.162,message,201,14.250,backend-2,true
1.159,message,201,16.410,backend-2,true
1.159,message,201,16.380,backend-2,true
1.159,message,201,16.380,backend-2,true
0.518,feed,200,660.080,backend-2,true
0.336,feed,200,844.010,backend-3,true
1.173,message,201,7.340,backend-3,true
1.175,message,201,5.410,backend-3,true
1.175,message,201,5.480,backend-3,true
1.176,message,201,4.380,backend-3,true
1.176,message,201,7.700,backend-2,true
1.176,message,201,7.790,backend-2,true
1.176,message,201,7.770,backend-2,true
1.176,message,201,7.750,backend-2,true
1.180,message,201,5.580,backend-3,true
1.180,message,201,5.570,backend-3,true
1.180,message,201,5.770,backend-3,true
1.178,message,201,7.780,backend-3,true
0.182,feed,200,1004.620,backend-1,true
0.518,feed,200,671.150,backend-2,true
1.187,message,201,2.720,backend-2,true
1.186,message,201,3.880,backend-2,true
1.184,message,201,6.110,backend-2,true
1.184,message,201,6.180,backend-3,true
1.186,message,201,4.040,backend-3,true
1.186,message,201,4.280,backend-3,true
1.186,message,201,4.150,backend-3,true
0.344,feed,200,849.950,backend-3,true
1.190,message,201,8.290,backend-3,true
1.190,message,201,8.790,backend-3,true
0.182,feed,200,1016.190,backend-1,true
1.190,message,201,8.420,backend-2,true
1.190,message,201,8.790,backend-3,true
1.190,message,201,8.960,backend-2,true
1.190,message,201,8.740,backend-2,true
1.194,message,201,7.210,backend-2,true
0.525,feed,200,679.070,backend-2,true
1.198,message,201,7.530,backend-2,true
1.198,message,201,7.620,backend-2,true
1.199,message,201,7.580,backend-2,true
1.198,message,201,7.940,backend-2,true
1.198,message,201,7.880,backend-2,true
1.199,message,201,9.170,backend-3,true
1.201,message,201,6.360,backend-3,true
1.204,message,201,4.200,backend-3,true
0.344,feed,200,865.520,backend-3,true
0.182,feed,200,1035.630,backend-1,true
1.208,message,201,11.620,backend-3,true
1.206,message,201,13.360,backend-3,true
1.208,message,201,11.730,backend-3,true
1.206,message,201,13.830,backend-2,true
1.206,message,201,14.150,backend-2,true
1.210,message,201,10.440,backend-2,true
1.206,message,201,14.120,backend-2,true
0.538,feed,200,683.810,backend-2,true
1.220,message,201,4.470,backend-2,true
1.219,message,201,5.200,backend-2,true
1.219,message,201,5.290,backend-2,true
1.218,message,201,6.680,backend-2,true
1.220,message,201,4.590,backend-2,true
1.220,message,201,7.130,backend-3,true
1.222,message,201,4.970,backend-3,true
1.220,message,201,6.480,backend-3,true
0.184,feed,200,1042.650,backend-1,true
0.344,feed,200,883.010,backend-3,true
1.225,message,201,5.540,backend-2,true
1.227,message,201,3.190,backend-2,true
1.227,message,201,3.660,backend-2,true
1.227,message,201,3.660,backend-2,true
1.227,message,201,3.720,backend-2,true
1.227,message,201,3.680,backend-3,true
1.225,message,201,6.210,backend-3,true
0.538,feed,200,693.650,backend-2,true
1.230,message,201,6.080,backend-2,true
1.231,message,201,5.550,backend-2,true
1.230,message,201,6.240,backend-2,true
1.230,message,201,6.120,backend-2,true
1.230,message,201,7.460,backend-3,true
1.232,message,201,6.190,backend-3,true
0.185,feed,200,1054.330,backend-1,true
0.349,feed,200,892.420,backend-3,true
0.538,feed,200,704.570,backend-2,true
1.236,message,201,9.180,backend-3,true
1.237,message,201,9.500,backend-3,true
1.237,message,201,11.700,backend-2,true
1.236,message,201,11.880,backend-2,true
1.238,message,201,10.570,backend-2,true
1.238,message,201,10.660,backend-2,true
1.239,message,201,9.360,backend-2,true
1.243,message,201,8.840,backend-2,true
1.241,message,201,10.410,backend-3,true
1.246,message,201,9.340,backend-2,true
1.248,message,201,6.700,backend-2,true
1.249,message,201,6.500,backend-2,true
1.252,message,201,3.280,backend-2,true
1.252,message,201,3.260,backend-2,true
0.185,feed,200,1070.590,backend-1,true
0.538,feed,200,717.920,backend-2,true
1.248,message,201,7.930,backend-3,true
0.349,feed,200,912.280,backend-3,true
1.256,message,201,6.440,backend-2,true
1.255,message,201,7.370,backend-2,true
1.255,message,201,7.760,backend-2,true
1.255,message,201,7.810,backend-2,true
1.255,message,201,7.860,backend-2,true
1.256,message,201,6.760,backend-3,true
0.545,feed,200,720.440,backend-2,true
1.263,message,201,5.380,backend-2,true
1.263,message,201,5.460,backend-2,true
1.261,message,201,6.950,backend-2,true
1.263,message,201,5.310,backend-2,true
1.263,message,201,5.480,backend-2,true
0.185,feed,200,1083.390,backend-1,true
1.263,message,201,6.880,backend-3,true
1.265,message,201,4.710,backend-3,true
0.551,feed,200,721.490,backend-2,true
1.270,message,201,4.030,backend-2,true
1.268,message,201,5.530,backend-2,true
1.268,message,201,5.460,backend-2,true
1.268,message,201,5.580,backend-2,true
1.268,message,201,5.600,backend-2,true
0.356,feed,200,918.340,backend-3,true
1.268,message,201,6.390,backend-3,true
1.272,message,201,2.610,backend-3,true
1.274,message,201,6.710,backend-3,true
1.274,message,201,6.690,backend-3,true
1.274,message,201,6.710,backend-3,true
0.185,feed,200,1095.510,backend-1,true
1.274,message,201,7.200,backend-2,true
1.275,message,201,6.250,backend-2,true
1.274,message,201,6.660,backend-2,true
1.275,message,201,6.420,backend-2,true
0.551,feed,200,730.870,backend-2,true
1.281,message,201,5.230,backend-2,true
1.281,message,201,4.740,backend-2,true
1.281,message,201,5.170,backend-2,true
0.356,feed,200,929.850,backend-3,true
1.281,message,201,6.860,backend-3,true
1.281,message,201,6.840,backend-3,true
1.282,message,201,5.610,backend-3,true
1.281,message,201,6.320,backend-3,true
0.555,feed,200,734.240,backend-2,true
0.185,feed,200,1109.280,backend-1,true
1.287,message,201,11.340,backend-3,true
1.286,message,201,12.990,backend-3,true
1.286,message,201,12.710,backend-3,true
1.286,message,201,14.610,backend-2,true
1.287,message,201,13.190,backend-2,true
1.286,message,201,14.730,backend-2,true
1.290,message,201,11.070,backend-2,true
0.363,feed,200,938.920,backend-3,true
1.295,message,201,7.330,backend-3,true
1.299,message,201,3.300,backend-3,true
0.555,feed,200,748.540,backend-2,true
1.301,message,201,4.040,backend-3,true
1.302,message,201,2.570,backend-3,true
1.299,message,201,5.980,backend-3,true
1.301,message,201,5.660,backend-2,true
1.302,message,201,4.390,backend-2,true
1.302,message,201,4.410,backend-2,true
1.301,message,201,5.950,backend-2,true
1.306,message,201,3.590,backend-3,true
1.305,message,201,5.280,backend-3,true
1.306,message,201,3.540,backend-3,true
1.304,message,201,6.200,backend-3,true
1.306,message,201,5.050,backend-2,true
0.185,feed,200,1126.030,backend-1,true
1.305,message,201,6.770,backend-2,true
1.306,message,201,5.020,backend-2,true
0.369,feed,200,942.560,backend-3,true
0.562,feed,200,753.080,backend-2,true
1.310,message,201,6.310,backend-3,true
1.312,message,201,4.610,backend-3,true
1.311,message,201,4.960,backend-3,true
1.310,message,201,6.340,backend-3,true
1.310,message,201,6.380,backend-3,true
1.311,message,201,5.470,backend-2,true
1.311,message,201,5.550,backend-2,true
0.369,feed,200,951.580,backend-3,true
1.316,message,201,4.650,backend-3,true
1.315,message,201,5.730,backend-3,true
1.316,message,201,4.700,backend-3,true
1.317,message,201,6.040,backend-2,true
1.316,message,201,6.640,backend-2,true
1.316,message,201,6.620,backend-2,true
0.185,feed,200,1139.170,backend-1,true
0.562,feed,200,764.080,backend-2,true
1.321,message,201,5.650,backend-3,true
1.321,message,201,6.110,backend-3,true
1.321,message,201,6.450,backend-2,true
1.323,message,201,4.580,backend-2,true
1.323,message,201,4.600,backend-2,true
1.325,message,201,4.940,backend-3,true
1.328,message,201,1.940,backend-3,true
1.327,message,201,2.870,backend-3,true
0.369,feed,200,961.660,backend-3,true
1.326,message,201,5.860,backend-2,true
1.331,message,201,1.460,backend-2,true
1.330,message,201,2.640,backend-2,true
1.328,message,201,4.690,backend-2,true
1.327,message,201,5.500,backend-2,true
0.186,feed,200,1147.290,backend-1,true
1.332,message,201,2.920,backend-3,true
1.332,message,201,3.200,backend-3,true
1.330,message,201,5.900,backend-3,true
1.330,message,201,5.940,backend-3,true
0.562,feed,200,773.200,backend-2,true
1.332,message,201,14.570,backend-2,true
1.332,message,201,14.640,backend-2,true
1.335,message,201,11.520,backend-2,true
1.333,message,201,14.120,backend-2,true
1.335,message,201,11.520,backend-2,true
0.379,feed,200,968.570,backend-3,true
1.335,message,201,15.160,backend-3,true
1.336,message,201,14.930,backend-3,true
1.335,message,201,14.980,backend-3,true
0.568,feed,200,784.790,backend-2,true
0.186,feed,200,1167.560,backend-1,true
1.347,message,201,6.910,backend-2,true
1.347,message,201,6.930,backend-2,true
1.347,message,201,6.880,backend-2,true
1.350,message,201,3.590,backend-2,true
1.350,message,201,3.790,backend-2,true
1.347,message,201,7.300,backend-2,true
1.350,message,201,3.820,backend-2,true
1.353,message,201,6.020,backend-3,true
1.353,message,201,5.970,backend-3,true
0.379,feed,200,980.830,backend-3,true
1.354,message,201,6.060,backend-2,true
1.354,message,201,6.240,backend-2,true
1.354,message,201,6.310,backend-2,true
1.354,message,201,6.190,backend-2,true
0.186,feed,200,1175.750,backend-1,true
0.568,feed,200,793.490,backend-2,true
1.360,message,201,4.570,backend-2,true
1.359,message,201,5.720,backend-2,true
1.361,message,201,3.560,backend-2,true
1.362,message,201,3.100,backend-2,true
1.359,message,201,5.760,backend-2,true
1.359,message,201,5.500,backend-2,true
1.360,message,201,6.260,backend-3,true
1.360,message,201,6.340,backend-3,true
0.580,feed,200,789.010,backend-2,true
0.186,feed,200,1184.410,backend-1,true
1.365,message,201,6.780,backend-3,true
1.369,message,201,2.550,backend-3,true
0.388,feed,200,983.390,backend-3,true
1.365,message,201,6.930,backend-3,true
1.365,message,201,8.360,backend-2,true
1.365,message,201,8.360,backend-2,true
1.366,message,201,6.790,backend-2,true
1.365,message,201,8.670,backend-2,true
1.370,message,201,6.900,backend-2,true
1.374,message,201,3.590,backend-2,true
1.373,message,201,3.920,backend-2,true
1.372,message,201,5.490,backend-2,true
1.372,message,201,5.440,backend-2,true
1.372,message,201,5.920,backend-3,true
1.372,message,201,6.080,backend-3,true
1.373,message,201,4.530,backend-3,true
0.186,feed,200,1193.810,backend-1,true
0.580,feed,200,799.940,backend-2,true
1.377,message,201,5.930,backend-3,true
1.377,message,201,5.910,backend-3,true
1.380,message,201,3.020,backend-3,true
1.377,message,201,6.390,backend-2,true
1.380,message,201,3.990,backend-2,true
1.377,message,201,6.430,backend-2,true
1.377,message,201,6.520,backend-2,true
1.378,message,201,5.830,backend-2,true
1.378,message,201,5.900,backend-2,true
0.396,feed,200,987.340,backend-3,true
0.190,feed,200,1205.250,backend-1,true
0.581,feed,200,814.180,backend-2,true
1.383,message,201,12.240,backend-3,true
1.384,message,201,11.750,backend-3,true
1.384,message,201,11.790,backend-3,true
1.383,message,201,13.120,backend-2,true
1.384,message,201,12.700,backend-2,true
1.384,message,201,12.450,backend-2,true
0.396,feed,200,1004.410,backend-3,true
1.396,message,201,5.580,backend-2,true
1.395,message,201,6.720,backend-2,true
1.396,message,201,5.710,backend-2,true
1.395,message,201,6.530,backend-2,true
1.396,message,201,5.700,backend-2,true
1.395,message,201,7.740,backend-3,true
1.395,message,201,7.930,backend-3,true
1.395,message,201,7.850,backend-3,true
0.592,feed,200,813.130,backend-2,true
1.401,message,201,6.300,backend-3,true
1.402,message,201,5.330,backend-3,true
0.190,feed,200,1217.440,backend-1,true
1.403,message,201,4.240,backend-3,true
1.402,message,201,6.030,backend-2,true
1.402,message,201,6.020,backend-2,true
1.402,message,201,6.020,backend-2,true
1.403,message,201,4.770,backend-2,true
1.402,message,201,6.170,backend-2,true
1.406,message,201,4.880,backend-3,true
1.407,message,201,3.300,backend-3,true
1.407,message,201,3.330,backend-3,true
1.407,message,201,3.140,backend-3,true
1.407,message,201,5.240,backend-2,true
1.411,message,201,2.150,backend-2,true
1.410,message,201,2.250,backend-2,true
1.408,message,201,4.680,backend-2,true
0.396,feed,200,1017.000,backend-3,true
0.599,feed,200,815.630,backend-2,true
0.190,feed,200,1224.900,backend-1,true
1.411,message,201,5.430,backend-3,true
1.411,message,201,5.450,backend-3,true
1.413,message,201,2.610,backend-3,true
1.413,message,201,3.360,backend-3,true
1.413,message,201,4.750,backend-2,true
1.415,message,201,2.650,backend-2,true
1.416,message,201,1.330,backend-2,true
1.416,message,201,5.720,backend-3,true
1.415,message,201,7.140,backend-3,true
1.417,message,201,4.320,backend-3,true
1.416,message,201,5.670,backend-3,true
1.417,message,201,4.410,backend-3,true
1.417,message,201,5.230,backend-2,true
0.406,feed,200,1019.330,backend-3,true
0.599,feed,200,826.520,backend-2,true
0.190,feed,200,1236.900,backend-1,true
1.423,message,201,5.820,backend-3,true
1.422,message,201,6.770,backend-3,true
1.422,message,201,6.800,backend-3,true
1.422,message,201,7.110,backend-2,true
1.425,message,201,3.410,backend-2,true
1.425,message,201,3.660,backend-2,true
1.429,message,201,3.840,backend-3,true
1.428,message,201,4.370,backend-3,true
1.428,message,201,4.310,backend-3,true
1.427,message,201,6.040,backend-3,true
1.429,message,201,4.980,backend-2,true
1.428,message,201,5.500,backend-2,true
0.413,feed,200,1021.330,backend-3,true
0.606,feed,200,829.090,backend-2,true
0.186,feed,200,1256.030,backend-1,true
1.435,message,201,8.810,backend-2,true
1.434,message,201,9.900,backend-2,true
1.433,message,201,11.400,backend-2,true
1.433,message,201,11.910,backend-3,true
1.433,message,201,11.900,backend-3,true
1.434,message,201,10.940,backend-3,true
1.442,message,201,4.990,backend-3,true
1.445,message,201,2.710,backend-3,true
0.607,feed,200,842.730,backend-2,true
1.444,message,201,6.370,backend-2,true
1.447,message,201,3.200,backend-2,true
1.444,message,201,6.440,backend-2,true
1.444,message,201,6.420,backend-2,true
1.445,message,201,6.050,backend-2,true
0.413,feed,200,1040.050,backend-3,true
1.450,message,201,4.010,backend-3,true
1.448,message,201,6.050,backend-3,true
1.451,message,201,2.940,backend-3,true
0.187,feed,200,1267.810,backend-1,true
1.451,message,201,6.710,backend-2,true
1.451,message,201,6.790,backend-2,true
1.453,message,201,4.400,backend-2,true
1.451,message,201,6.780,backend-2,true
1.454,message,201,3.860,backend-2,true
1.455,message,201,2.820,backend-2,true
0.607,feed,200,852.800,backend-2,true
1.454,message,201,6.790,backend-3,true
1.458,message,201,2.890,backend-3,true
1.457,message,201,3.040,backend-3,true
1.457,message,201,5.080,backend-2,true
1.458,message,201,5.130,backend-2,true
1.460,message,201,2.260,backend-2,true
1.457,message,201,5.240,backend-2,true
0.413,feed,200,1051.100,backend-3,true
0.187,feed,200,1278.040,backend-1,true
1.460,message,201,5.640,backend-3,true
1.460,message,201,4.980,backend-3,true
1.463,message,201,2.670,backend-3,true
1.463,message,201,2.720,backend-3,true
0.615,feed,200,854.140,backend-2,true
1.464,message,201,6.350,backend-3,true
1.465,message,201,5.340,backend-3,true
1.465,message,201,5.300,backend-3,true
1.465,message,201,5.910,backend-2,true
1.465,message,201,5.600,backend-2,true
0.194,feed,200,1278.180,backend-1,true
1.469,message,201,5.420,backend-2,true
0.426,feed,200,1049.710,backend-3,true
1.470,message,201,6.170,backend-3,true
1.471,message,201,6.120,backend-3,true
1.471,message,201,5.730,backend-3,true
1.471,message,201,5.880,backend-3,true
1.473,message,201,4.210,backend-3,true
0.619,feed,200,860.530,backend-2,true
0.194,feed,200,1286.600,backend-1,true
1.475,message,201,5.930,backend-2,true
1.477,message,201,4.530,backend-2,true
1.477,message,201,4.580,backend-2,true
1.475,message,201,7.160,backend-3,true
1.477,message,201,5.350,backend-3,true
1.477,message,201,5.390,backend-3,true
1.481,message,201,10.320,backend-2,true
1.481,message,201,10.170,backend-2,true
1.482,message,201,9.340,backend-2,true
1.482,message,201,9.210,backend-2,true
1.479,message,201,12.520,backend-3,true
1.481,message,201,10.490,backend-3,true
1.481,message,201,10.600,backend-3,true
0.425,feed,200,1067.310,backend-3,true
1.492,message,201,5.330,backend-2,true
1.493,message,201,4.350,backend-2,true
1.491,message,201,5.750,backend-2,true
1.492,message,201,5.350,backend-2,true
1.491,message,201,5.880,backend-3,true
1.491,message,201,5.950,backend-3,true
0.626,feed,200,873.140,backend-2,true
0.194,feed,200,1305.400,backend-1,true
1.499,message,201,3.920,backend-2,true
1.497,message,201,5.570,backend-2,true
1.497,message,201,5.460,backend-2,true
1.500,message,201,2.910,backend-2,true
1.497,message,201,5.670,backend-2,true
0.434,feed,200,1069.640,backend-3,true
1.497,message,201,6.810,backend-3,true
1.503,message,201,5.210,backend-3,true
0.626,feed,200,882.430,backend-2,true
1.504,message,201,4.130,backend-3,true
1.503,message,201,5.790,backend-2,true
1.503,message,201,5.890,backend-2,true
1.503,message,201,5.930,backend-2,true
1.504,message,201,4.930,backend-2,true
0.195,feed,200,1316.910,backend-1,true
0.440,feed,200,1074.650,backend-3,true
1.508,message,201,6.840,backend-2,true
1.511,message,201,3.400,backend-2,true
1.509,message,201,6.170,backend-2,true
1.509,message,201,6.240,backend-2,true
1.508,message,201,6.860,backend-2,true
1.508,message,201,6.610,backend-3,true
0.632,feed,200,885.430,backend-2,true
1.514,message,201,5.230,backend-3,true
1.515,message,201,4.660,backend-3,true
1.515,message,201,6.090,backend-2,true
1.515,message,201,6.180,backend-2,true
1.515,message,201,6.240,backend-2,true
1.515,message,201,6.380,backend-2,true
1.515,message,201,6.190,backend-2,true
1.518,message,201,3.420,backend-2,true
0.195,feed,200,1327.980,backend-1,true
1.520,message,201,5.250,backend-3,true
1.522,message,201,2.640,backend-3,true
1.520,message,201,5.430,backend-3,true
1.521,message,201,4.230,backend-3,true
0.632,feed,200,893.080,backend-2,true
0.445,feed,200,1081.440,backend-3,true
1.521,message,201,6.600,backend-2,true
1.521,message,201,6.530,backend-2,true
1.521,message,201,6.540,backend-2,true
1.525,message,201,12.630,backend-2,true
1.528,message,201,10.060,backend-2,true
1.525,message,201,12.490,backend-2,true
1.525,message,201,12.570,backend-2,true
1.526,message,201,11.420,backend-2,true
1.528,message,201,10.050,backend-2,true
0.195,feed,200,1343.500,backend-1,true
1.525,message,201,12.810,backend-3,true
1.528,message,201,10.590,backend-3,true
0.642,feed,200,899.080,backend-2,true
0.447,feed,200,1095.800,backend-3,true
1.538,message,201,6.580,backend-2,true
1.538,message,201,6.640,backend-2,true
1.538,message,201,6.200,backend-2,true
1.538,message,201,6.830,backend-2,true
1.538,message,201,6.130,backend-2,true
1.538,message,201,6.230,backend-2,true
1.543,message,201,5.770,backend-3,true
1.544,message,201,4.150,backend-3,true
1.541,message,201,7.660,backend-3,true
0.645,feed,200,904.200,backend-2,true
1.544,message,201,6.350,backend-2,true
1.544,message,201,6.280,backend-2,true
1.544,message,201,6.450,backend-2,true
1.544,message,201,6.330,backend-2,true
0.198,feed,200,1353.340,backend-1,true
1.551,message,201,4.490,backend-2,true
1.551,message,201,4.490,backend-2,true
1.549,message,201,6.730,backend-2,true
0.453,feed,200,1102.050,backend-3,true
1.551,message,201,4.960,backend-3,true
1.551,message,201,5.420,backend-3,true
1.549,message,201,6.910,backend-3,true
1.549,message,201,7.690,backend-3,true
1.549,message,201,7.680,backend-3,true
0.650,feed,200,907.360,backend-2,true
1.556,message,201,5.070,backend-2,true
1.555,message,201,5.960,backend-2,true
1.556,message,201,5.020,backend-2,true
1.556,message,201,5.000,backend-2,true
1.555,message,201,5.960,backend-2,true
1.556,message,201,5.130,backend-2,true
1.558,message,201,4.020,backend-3,true
1.555,message,201,6.190,backend-3,true
0.198,feed,200,1364.770,backend-1,true
0.453,feed,200,1118.210,backend-3,true
0.657,feed,200,914.480,backend-2,true
1.561,message,201,12.130,backend-3,true
1.561,message,201,12.050,backend-3,true
1.561,message,201,12.440,backend-2,true
1.561,message,201,12.450,backend-2,true
1.562,message,201,12.150,backend-2,true
1.563,message,201,10.840,backend-2,true
1.562,message,201,12.110,backend-2,true
1.573,message,201,5.450,backend-2,true
1.572,message,201,7.090,backend-2,true
1.574,message,201,5.140,backend-2,true
1.572,message,201,7.220,backend-2,true
1.573,message,201,7.100,backend-3,true
1.574,message,201,6.710,backend-3,true
1.574,message,201,6.730,backend-3,true
0.198,feed,200,1384.100,backend-1,true
0.669,feed,200,913.440,backend-2,true
0.464,feed,200,1120.800,backend-3,true
1.580,message,201,5.030,backend-2,true
1.582,message,201,3.310,backend-2,true
1.579,message,201,6.680,backend-2,true
1.580,message,201,5.060,backend-2,true
1.579,message,201,6.700,backend-2,true
1.579,message,201,7.320,backend-3,true
1.583,message,201,3.650,backend-3,true
1.585,message,201,5.220,backend-2,true
1.586,message,201,4.330,backend-2,true
1.586,message,201,3.810,backend-2,true
1.586,message,201,3.740,backend-2,true
1.586,message,201,4.510,backend-2,true
0.669,feed,200,921.540,backend-2,true
1.586,message,201,6.150,backend-3,true
1.590,message,201,1.880,backend-3,true
1.590,message,201,1.780,backend-3,true
0.198,feed,200,1396.080,backend-1,true
0.464,feed,200,1131.890,backend-3,true
1.590,message,201,7.000,backend-3,true
1.594,message,201,2.920,backend-3,true
1.591,message,201,6.430,backend-3,true
1.592,message,201,5.450,backend-3,true
1.590,message,201,7.760,backend-2,true
1.592,message,201,6.090,backend-2,true
1.590,message,201,7.900,backend-2,true
0.677,feed,200,922.940,backend-2,true
1.596,message,201,5.440,backend-2,true
1.598,message,201,3.470,backend-2,true
0.198,feed,200,1404.410,backend-1,true
1.597,message,201,5.740,backend-3,true
1.597,message,201,5.730,backend-3,true
1.600,message,201,2.790,backend-3,true
1.597,message,201,5.860,backend-3,true
1.598,message,201,5.120,backend-3,true
1.601,message,201,5.530,backend-3,true
0.471,feed,200,1136.470,backend-3,true
1.602,message,201,5.260,backend-2,true
1.603,message,201,4.830,backend-2,true
1.603,message,201,4.830,backend-2,true
1.603,message,201,4.930,backend-2,true
0.677,feed,200,933.560,backend-2,true
0.216,feed,200,1403.020,backend-1,true
1.607,message,201,13.290,backend-3,true
1.608,message,201,12.320,backend-3,true
1.608,message,201,13.160,backend-2,true
1.608,message,201,13.190,backend-2,true
1.607,message,201,13.600,backend-2,true
1.608,message,201,13.180,backend-2,true
1.611,message,201,10.220,backend-2,true
0.471,feed,200,1151.070,backend-3,true
0.684,feed,200,940.160,backend-2,true
1.619,message,201,5.550,backend-2,true
1.621,message,201,3.940,backend-2,true
1.621,message,201,3.980,backend-2,true
1.621,message,201,4.010,backend-2,true
1.620,message,201,7.160,backend-3,true
1.620,message,201,7.150,backend-3,true
1.622,message,201,7.430,backend-1,true
1.625,message,201,4.600,backend-1,true
1.624,message,201,7.610,backend-2,true
1.625,message,201,6.600,backend-2,true
1.627,message,201,4.420,backend-2,true
0.478,feed,200,1153.960,backend-3,true
1.625,message,201,7.360,backend-3,true
0.227,feed,200,1406.140,backend-1,true
0.685,feed,200,949.130,backend-2,true
1.632,message,201,4.160,backend-2,true
1.630,message,201,6.290,backend-2,true
1.632,message,201,4.160,backend-2,true
1.632,message,201,3.360,backend-2,true
1.632,message,201,3.820,backend-2,true
1.633,message,201,2.830,backend-2,true
1.634,message,201,2.040,backend-2,true
1.630,message,201,7.000,backend-1,true
1.636,message,201,5.520,backend-2,true
1.636,message,201,5.360,backend-2,true
1.636,message,201,5.400,backend-2,true
1.636,message,201,5.630,backend-2,true
0.478,feed,200,1164.440,backend-3,true
0.691,feed,200,951.780,backend-2,true
0.227,feed,200,1417.060,backend-1,true
1.636,message,201,8.030,backend-1,true
1.637,message,201,7.240,backend-1,true
1.641,message,201,5.660,backend-2,true
1.641,message,201,5.690,backend-2,true
1.644,message,201,3.380,backend-2,true
1.641,message,201,5.710,backend-1,true
1.641,message,201,5.700,backend-2,true
1.643,message,201,4.470,backend-1,true
1.643,message,201,4.230,backend-2,true
1.644,message,201,3.520,backend-1,true
0.692,feed,200,959.340,backend-2,true
1.647,message,201,5.660,backend-2,true
1.647,message,201,5.630,backend-2,true
1.647,message,201,5.720,backend-2,true
1.647,message,201,5.590,backend-2,true
1.647,message,201,5.780,backend-2,true
1.647,message,201,5.670,backend-2,true
1.647,message,201,6.260,backend-1,true
1.651,message,201,2.240,backend-1,true
0.229,feed,200,1425.480,backend-1,true
0.486,feed,200,1169.630,backend-3,true
1.653,message,201,5.540,backend-2,true
1.653,message,201,5.500,backend-2,true
1.656,message,201,2.600,backend-2,true
0.712,feed,200,953.140,backend-2,true
1.653,message,201,13.800,backend-1,true
1.653,message,201,13.810,backend-1,true
1.654,message,201,12.410,backend-1,true
1.653,message,201,13.160,backend-1,true
0.493,feed,200,1175.250,backend-3,true
1.658,message,201,10.230,backend-2,true
1.658,message,201,10.250,backend-2,true
1.658,message,201,10.270,backend-2,true
0.228,feed,200,1442.810,backend-1,true
1.665,message,201,6.840,backend-1,true
1.667,message,201,5.600,backend-1,true
1.667,message,201,5.670,backend-1,true
1.667,message,201,5.830,backend-1,true
1.668,message,201,4.040,backend-1,true
1.667,message,201,5.960,backend-1,true
1.672,message,201,3.500,backend-2,true
1.669,message,201,7.040,backend-2,true
0.712,feed,200,965.050,backend-2,true
1.672,message,201,6.440,backend-1,true
1.671,message,201,7.070,backend-1,true
1.673,message,201,5.780,backend-1,true
1.672,message,201,5.910,backend-1,true
0.511,feed,200,1170.150,backend-3,true
0.244,feed,200,1438.100,backend-1,true
1.676,message,201,7.080,backend-1,true
1.678,message,201,4.610,backend-1,true
1.678,message,201,4.610,backend-1,true
1.681,message,201,1.660,backend-1,true
1.678,message,201,4.590,backend-1,true
1.677,message,201,6.430,backend-1,true
1.678,message,201,6.110,backend-2,true
1.682,message,201,2.290,backend-2,true
0.716,feed,200,971.220,backend-2,true
1.683,message,201,5.390,backend-2,true
1.685,message,201,3.740,backend-2,true
1.683,message,201,6.100,backend-1,true
1.683,message,201,6.090,backend-1,true
1.683,message,201,6.120,backend-1,true
1.683,message,201,6.130,backend-1,true
1.684,message,201,4.650,backend-1,true
1.683,message,201,6.080,backend-1,true
1.687,message,201,1.960,backend-1,true
0.587,feed,200,1102.860,backend-3,true
0.244,feed,200,1446.710,backend-1,true
1.689,message,201,5.560,backend-1,true
1.689,message,201,5.700,backend-1,true
1.688,message,201,6.430,backend-1,true
1.690,message,201,5.230,backend-1,true
1.689,message,201,5.740,backend-1,true
1.689,message,201,5.730,backend-1,true
1.691,message,201,3.890,backend-1,true
1.689,message,201,5.630,backend-1,true
0.244,feed,200,1453.920,backend-1,true
0.722,feed,200,977.600,backend-2,true
1.695,message,201,5.970,backend-2,true
1.695,message,201,6.070,backend-2,true
1.695,message,201,6.210,backend-2,true
0.588,feed,200,1113.340,backend-3,true
1.695,message,201,6.660,backend-1,true
1.698,message,201,3.310,backend-1,true
1.695,message,201,6.640,backend-1,true
1.695,message,201,6.640,backend-1,true
0.250,feed,200,1454.400,backend-1,true
1.700,message,201,6.010,backend-1,true
1.701,message,201,4.270,backend-1,true
1.701,message,201,4.110,backend-1,true
1.701,message,201,4.750,backend-1,true
1.701,message,201,4.180,backend-1,true
1.701,message,201,4.250,backend-1,true
1.702,message,201,12.950,backend-2,true
0.723,feed,200,991.910,backend-2,true
1.704,message,201,12.530,backend-1,true
1.706,message,201,11.260,backend-1,true
1.706,message,201,11.290,backend-1,true
1.706,message,201,11.310,backend-1,true
1.706,message,201,11.440,backend-1,true
1.706,message,201,11.510,backend-1,true
0.250,feed,200,1467.580,backend-1,true
0.592,feed,200,1128.220,backend-3,true
1.715,message,201,5.930,backend-2,true
1.717,message,201,7.900,backend-1,true
1.718,message,201,6.910,backend-1,true
1.717,message,201,7.580,backend-1,true
1.721,message,201,4.070,backend-1,true
1.717,message,201,7.710,backend-1,true
1.717,message,201,7.960,backend-1,true
0.250,feed,200,1475.880,backend-1,true
1.721,message,201,5.550,backend-2,true
1.725,message,201,2.130,backend-2,true
1.725,message,201,2.280,backend-2,true
0.730,feed,200,997.950,backend-2,true
1.727,message,201,5.170,backend-2,true
1.725,message,201,7.280,backend-2,true
1.728,message,201,4.220,backend-2,true
1.725,message,201,7.890,backend-1,true
1.726,message,201,6.610,backend-1,true
1.727,message,201,5.740,backend-1,true
1.725,message,201,8.070,backend-1,true
0.592,feed,200,1141.900,backend-3,true
0.254,feed,200,1481.080,backend-1,true
0.739,feed,200,997.530,backend-2,true
1.732,message,201,5.790,backend-1,true
1.732,message,201,5.850,backend-1,true
1.735,message,201,3.060,backend-1,true
1.733,message,201,5.280,backend-1,true
1.734,message,201,3.730,backend-1,true
1.732,message,201,7.120,backend-2,true
1.733,message,201,6.390,backend-2,true
0.626,feed,200,1117.060,backend-3,true
0.254,feed,200,1489.040,backend-1,true
1.738,message,201,5.490,backend-2,true
1.739,message,201,4.400,backend-2,true
1.737,message,201,6.620,backend-2,true
1.738,message,201,5.690,backend-2,true
1.738,message,201,5.600,backend-2,true
1.738,message,201,6.420,backend-1,true
1.739,message,201,5.210,backend-1,true
1.743,message,201,5.910,backend-2,true
1.744,message,201,4.920,backend-2,true
0.740,feed,200,1008.940,backend-2,true
1.744,message,201,5.010,backend-2,true
1.744,message,201,4.190,backend-2,true
1.744,message,201,5.950,backend-1,true
1.744,message,201,5.910,backend-1,true
1.743,message,201,6.720,backend-1,true
0.258,feed,200,1494.580,backend-1,true
1.749,message,201,5.170,backend-1,true
1.749,message,201,5.210,backend-1,true
1.749,message,201,4.360,backend-1,true
1.749,message,201,5.290,backend-1,true
1.750,message,201,4.290,backend-1,true
1.749,message,201,5.260,backend-1,true
1.752,message,201,2.700,backend-2,true
1.749,message,201,6.330,backend-2,true
0.626,feed,200,1129.710,backend-3,true
1.755,message,201,8.870,backend-2,true
1.754,message,201,10.090,backend-2,true
1.755,message,201,9.820,backend-1,true
0.744,feed,200,1020.870,backend-2,true
1.754,message,201,10.940,backend-1,true
1.755,message,201,9.490,backend-1,true
1.754,message,201,10.960,backend-1,true
1.754,message,201,10.970,backend-1,true
0.258,feed,200,1508.140,backend-1,true
1.764,message,201,5.690,backend-2,true
1.766,message,201,3.840,backend-2,true
1.765,message,201,7.830,backend-1,true
1.765,message,201,7.880,backend-1,true
0.641,feed,200,1131.860,backend-3,true
1.765,message,201,7.860,backend-1,true
1.765,message,201,7.940,backend-1,true
1.765,message,201,7.910,backend-1,true
0.265,feed,200,1509.330,backend-1,true
1.770,message,201,6.230,backend-1,true
1.773,message,201,3.080,backend-1,true
1.770,message,201,6.170,backend-1,true
1.773,message,201,3.190,backend-1,true
1.774,message,201,1.980,backend-1,true
1.773,message,201,3.230,backend-1,true
0.750,feed,200,1027.410,backend-2,true
1.773,message,201,5.810,backend-2,true
1.776,message,201,2.700,backend-2,true
1.773,message,201,5.840,backend-2,true
0.271,feed,200,1510.170,backend-1,true
1.776,message,201,6.340,backend-1,true
1.778,message,201,3.800,backend-1,true
1.777,message,201,5.000,backend-1,true
1.776,message,201,6.470,backend-1,true
1.776,message,201,6.580,backend-1,true
0.653,feed,200,1129.840,backend-3,true
1.782,message,201,5.740,backend-1,true
1.781,message,201,7.420,backend-1,true
1.782,message,201,5.760,backend-1,true
1.782,message,201,5.790,backend-1,true
1.782,message,201,5.750,backend-1,true
1.783,message,201,5.590,backend-1,true
0.757,feed,200,1032.830,backend-2,true
1.782,message,201,7.180,backend-2,true
0.271,feed,200,1519.970,backend-1,true
1.788,message,201,6.490,backend-1,true
1.789,message,201,5.190,backend-1,true
1.788,message,201,6.530,backend-1,true
1.788,message,201,6.620,backend-1,true
1.788,message,201,6.570,backend-1,true
1.788,message,201,6.580,backend-1,true
0.653,feed,200,1142.250,backend-3,true
1.790,message,201,5.970,backend-2,true
1.795,message,201,1.930,backend-2,true
1.795,message,201,1.870,backend-2,true
0.277,feed,200,1520.290,backend-1,true
0.770,feed,200,1030.320,backend-2,true
1.795,message,201,6.500,backend-1,true
1.797,message,201,4.630,backend-1,true
1.795,message,201,6.020,backend-1,true
1.797,message,201,4.710,backend-1,true
1.795,message,201,14.300,backend-2,true
0.659,feed,200,1150.210,backend-3,true
1.797,message,201,12.280,backend-2,true
1.796,message,201,12.690,backend-2,true
1.801,message,201,10.920,backend-1,true
1.801,message,201,10.350,backend-1,true
1.801,message,201,10.490,backend-1,true
0.276,feed,200,1535.870,backend-1,true
1.812,message,201,3.400,backend-1,true
1.809,message,201,5.890,backend-1,true
1.809,message,201,5.950,backend-1,true
1.812,message,201,3.360,backend-1,true
1.809,message,201,5.920,backend-1,true
1.812,message,201,5.030,backend-2,true
1.812,message,201,4.410,backend-2,true
0.771,feed,200,1048.110,backend-2,true
0.282,feed,200,1539.140,backend-1,true
0.669,feed,200,1152.560,backend-3,true
1.815,message,201,6.790,backend-2,true
1.819,message,201,2.770,backend-2,true
1.815,message,201,7.340,backend-1,true
1.815,message,201,7.410,backend-1,true
1.815,message,201,7.500,backend-1,true
1.817,message,201,5.860,backend-1,true
1.817,message,201,5.840,backend-1,true
1.823,message,201,5.650,backend-2,true
1.822,message,201,6.460,backend-2,true
1.821,message,201,7.530,backend-2,true
1.822,message,201,5.790,backend-1,true
1.822,message,201,6.570,backend-1,true
1.822,message,201,5.850,backend-1,true
1.822,message,201,6.510,backend-2,true
1.822,message,201,5.900,backend-2,true
1.822,message,201,5.930,backend-1,true
0.282,feed,200,1547.910,backend-1,true
0.771,feed,200,1061.350,backend-2,true
0.677,feed,200,1157.290,backend-3,true
1.828,message,201,6.740,backend-1,true
1.828,message,201,6.740,backend-1,true
1.828,message,201,6.750,backend-1,true
0.282,feed,200,1558.310,backend-1,true
1.835,message,201,6.100,backend-2,true
0.778,feed,200,1065.440,backend-2,true
0.292,feed,200,1554.520,backend-1,true
0.691,feed,200,1155.030,backend-3,true
0.699,feed,200,1149.380,backend-3,true
0.292,feed,200,1556.420,backend-1,true
0.782,feed,200,1067.350,backend-2,true
0.699,feed,200,1151.230,backend-3,true
0.299,feed,200,1550.750,backend-1,true
0.299,feed,200,1558.090,backend-1,true
0.785,feed,200,1072.440,backend-2,true
0.707,feed,200,1150.140,backend-3,true
0.717,feed,200,1142.540,backend-3,true
0.302,feed,200,1557.810,backend-1,true
0.787,feed,200,1072.720,backend-2,true
0.302,feed,200,1559.650,backend-1,true
0.730,feed,200,1132.000,backend-3,true
0.788,feed,200,1074.280,backend-2,true
0.307,feed,200,1556.180,backend-1,true
0.733,feed,200,1130.570,backend-3,true
0.793,feed,200,1071.490,backend-2,true
0.307,feed,200,1558.020,backend-1,true
0.744,feed,200,1121.450,backend-3,true
0.793,feed,200,1074.200,backend-2,true
0.307,feed,200,1560.450,backend-1,true
0.757,feed,200,1111.000,backend-3,true
0.798,feed,200,1071.030,backend-2,true
0.763,feed,200,1106.870,backend-3,true
0.312,feed,200,1558.020,backend-1,true
0.805,feed,200,1066.620,backend-2,true
1.625,feed,200,246.920,backend-1,true
0.778,feed,200,1093.870,backend-3,true
0.811,feed,200,1062.090,backend-2,true
1.632,feed,200,241.950,backend-1,true
0.790,feed,200,1083.710,backend-3,true
0.818,feed,200,1057.550,backend-2,true
1.636,feed,200,239.950,backend-1,true
0.795,feed,200,1081.160,backend-3,true
1.647,feed,200,230.100,backend-1,true
0.811,feed,200,1066.070,backend-3,true
0.818,feed,200,1059.110,backend-2,true
0.818,feed,200,1060.950,backend-3,true
1.653,feed,200,225.860,backend-1,true
0.832,feed,200,1048.120,backend-2,true
0.831,feed,200,1049.460,backend-3,true
1.669,feed,200,212.390,backend-1,true
0.831,feed,200,1050.280,backend-2,true
0.842,feed,200,1041.740,backend-3,true
1.669,feed,200,214.890,backend-1,true
0.839,feed,200,1045.330,backend-2,true
1.672,feed,200,213.870,backend-1,true
0.847,feed,200,1039.460,backend-3,true
0.839,feed,200,1048.410,backend-2,true
0.860,feed,200,1028.090,backend-3,true
1.672,feed,200,215.850,backend-1,true
0.855,feed,200,1034.770,backend-2,true
1.676,feed,200,214.710,backend-1,true
0.860,feed,200,1030.500,backend-3,true
0.861,feed,200,1030.980,backend-2,true
0.860,feed,200,1032.030,backend-3,true
1.688,feed,200,204.000,backend-1,true
0.866,feed,200,1027.970,backend-2,true
1.689,feed,200,204.940,backend-1,true
0.872,feed,200,1022.440,backend-3,true
0.876,feed,200,1019.300,backend-3,true
1.689,feed,200,206.600,backend-1,true
0.873,feed,200,1023.120,backend-2,true
0.895,feed,200,1002.250,backend-3,true
1.695,feed,200,202.940,backend-1,true
0.878,feed,200,1020.600,backend-2,true
0.910,feed,200,995.910,backend-3,true
1.701,feed,200,204.580,backend-1,true
0.882,feed,200,1023.450,backend-2,true
0.885,feed,200,1023.970,backend-2,true
1.714,feed,200,194.280,backend-1,true
0.920,feed,200,988.630,backend-3,true
1.717,feed,200,193.880,backend-1,true
0.889,feed,200,1022.200,backend-2,true
0.920,feed,200,990.730,backend-3,true
0.928,feed,200,984.960,backend-3,true
1.717,feed,200,195.850,backend-1,true
0.895,feed,200,1017.560,backend-2,true
0.941,feed,200,973.770,backend-3,true
1.725,feed,200,189.970,backend-1,true
0.895,feed,200,1020.230,backend-2,true
0.941,feed,200,976.240,backend-3,true
1.733,feed,200,184.800,backend-1,true
0.900,feed,200,1017.890,backend-2,true
0.950,feed,200,969.380,backend-3,true
1.738,feed,200,181.470,backend-1,true
0.927,feed,200,993.840,backend-2,true
1.063,feed,200,858.380,backend-3,true
1.744,feed,200,177.430,backend-1,true
0.941,feed,200,981.140,backend-2,true
1.071,feed,200,852.070,backend-3,true
1.744,feed,200,178.280,backend-1,true
0.950,feed,200,974.400,backend-2,true
1.754,feed,200,170.710,backend-1,true
1.081,feed,200,843.830,backend-3,true
1.049,feed,200,876.880,backend-2,true
1.754,feed,200,172.390,backend-1,true
1.081,feed,200,845.610,backend-3,true
1.765,feed,200,163.100,backend-1,true
1.081,feed,200,847.240,backend-3,true
1.049,feed,200,878.920,backend-2,true
1.773,feed,200,157.060,backend-1,true
1.081,feed,200,849.140,backend-3,true
1.066,feed,200,864.830,backend-2,true
1.776,feed,200,156.450,backend-1,true
1.087,feed,200,845.440,backend-3,true
1.069,feed,200,864.750,backend-2,true
1.089,feed,200,851.290,backend-3,true
1.080,feed,200,862.140,backend-2,true
1.087,feed,200,855.340,backend-3,true
1.080,feed,200,864.140,backend-2,true
1.096,feed,200,848.040,backend-3,true
1.096,feed,200,849.940,backend-3,true
1.080,feed,200,866.410,backend-2,true
1.102,feed,200,846.930,backend-3,true
1.080,feed,200,869.030,backend-2,true
1.102,feed,200,849.260,backend-3,true
1.087,feed,200,864.540,backend-2,true
1.102,feed,200,851.620,backend-3,true
1.087,feed,200,867.500,backend-2,true
1.087,feed,200,874.960,backend-2,true
1.102,feed,200,860.270,backend-3,true
1.106,feed,200,859.810,backend-3,true
1.087,feed,200,879.710,backend-2,true
1.107,feed,200,861.410,backend-3,true
1.087,feed,200,881.500,backend-2,true
1.107,feed,200,863.020,backend-3,true
1.087,feed,200,883.450,backend-2,true
1.106,feed,200,864.900,backend-3,true
1.087,feed,200,885.370,backend-2,true
1.107,feed,200,866.470,backend-3,true
1.087,feed,200,887.460,backend-2,true
1.125,feed,200,849.550,backend-3,true
1.137,feed,200,839.400,backend-3,true
1.087,feed,200,889.640,backend-2,true
1.140,feed,200,838.880,backend-3,true
1.087,feed,200,892.180,backend-2,true
1.146,feed,200,842.080,backend-3,true
1.087,feed,200,901.920,backend-2,true
1.175,feed,200,816.340,backend-3,true
1.087,feed,200,904.900,backend-2,true
1.180,feed,200,812.830,backend-3,true
1.087,feed,200,906.940,backend-2,true
1.180,feed,200,815.430,backend-3,true
1.087,feed,200,910.080,backend-2,true
1.184,feed,200,814.340,backend-3,true
1.087,feed,200,912.400,backend-2,true
1.190,feed,200,810.010,backend-3,true
1.089,feed,200,912.890,backend-2,true
1.206,feed,200,795.430,backend-3,true
1.225,feed,200,778.950,backend-3,true
1.110,feed,200,894.220,backend-2,true
1.225,feed,200,780.640,backend-3,true
1.118,feed,200,887.960,backend-2,true
1.246,feed,200,761.070,backend-3,true
1.124,feed,200,883.480,backend-2,true
1.263,feed,200,746.150,backend-3,true
1.146,feed,200,863.850,backend-2,true
1.270,feed,200,741.530,backend-3,true
1.150,feed,200,862.940,backend-2,true
1.299,feed,200,714.790,backend-3,true
1.156,feed,200,860.030,backend-2,true
1.301,feed,200,715.370,backend-3,true
1.184,feed,200,834.810,backend-2,true
1.316,feed,200,702.070,backend-3,true
1.317,feed,200,704.520,backend-3,true
1.190,feed,200,837.930,backend-2,true
1.321,feed,200,709.590,backend-3,true
1.199,feed,200,832.670,backend-2,true
1.323,feed,200,710.390,backend-3,true
1.208,feed,200,826.410,backend-2,true
1.328,feed,200,708.660,backend-3,true
1.220,feed,200,816.410,backend-2,true
1.347,feed,200,691.420,backend-3,true
1.225,feed,200,814.010,backend-2,true
1.354,feed,200,686.160,backend-3,true
1.230,feed,200,810.360,backend-2,true
1.373,feed,200,669.700,backend-3,true
1.231,feed,200,813.540,backend-2,true
1.248,feed,200,805.370,backend-2,true
1.383,feed,200,670.800,backend-3,true
1.384,feed,200,673.540,backend-3,true
1.248,feed,200,808.870,backend-2,true
1.408,feed,200,652.260,backend-3,true
1.255,feed,200,805.380,backend-2,true
1.255,feed,200,807.490,backend-2,true
1.416,feed,200,646.540,backend-3,true
1.268,feed,200,796.490,backend-2,true
1.422,feed,200,643.130,backend-3,true
1.434,feed,200,632.570,backend-3,true
1.274,feed,200,792.870,backend-2,true
1.445,feed,200,623.480,backend-3,true
1.281,feed,200,787.740,backend-2,true
1.451,feed,200,619.160,backend-3,true
1.281,feed,200,789.600,backend-2,true
1.457,feed,200,614.120,backend-3,true
1.287,feed,200,785.230,backend-2,true
1.461,feed,200,612.830,backend-3,true
1.287,feed,200,788.910,backend-2,true
1.463,feed,200,616.470,backend-3,true
1.305,feed,200,774.510,backend-2,true
1.463,feed,200,618.770,backend-3,true
1.310,feed,200,771.650,backend-2,true
1.465,feed,200,617.930,backend-3,true
1.311,feed,200,772.140,backend-2,true
1.471,feed,200,614.350,backend-3,true
1.332,feed,200,753.220,backend-2,true
1.477,feed,200,609.990,backend-3,true
1.347,feed,200,740.350,backend-2,true
1.482,feed,200,606.320,backend-3,true
1.354,feed,200,735.130,backend-2,true
1.492,feed,200,598.460,backend-3,true
1.354,feed,200,743.750,backend-2,true
1.497,feed,200,601.030,backend-3,true
1.360,feed,200,742.220,backend-2,true
1.497,feed,200,605.440,backend-3,true
1.365,feed,200,740.620,backend-2,true
1.503,feed,200,602.760,backend-3,true
1.508,feed,200,600.160,backend-3,true
1.367,feed,200,741.600,backend-2,true
1.521,feed,200,589.750,backend-3,true
1.378,feed,200,733.150,backend-2,true
1.521,feed,200,591.990,backend-3,true
1.384,feed,200,729.510,backend-2,true
1.538,feed,200,577.040,backend-3,true
1.384,feed,200,731.420,backend-2,true
1.538,feed,200,578.790,backend-3,true
1.403,feed,200,713.820,backend-2,true
1.555,feed,200,562.930,backend-3,true
1.408,feed,200,711.040,backend-2,true
1.556,feed,200,563.970,backend-3,true
1.408,feed,200,713.360,backend-2,true
1.574,feed,200,548.480,backend-3,true
1.408,feed,200,716.310,backend-2,true
1.579,feed,200,546.650,backend-3,true
1.413,feed,200,714.400,backend-2,true
1.586,feed,200,541.990,backend-3,true
1.413,feed,200,716.800,backend-2,true
1.592,feed,200,538.010,backend-3,true
1.597,feed,200,534.950,backend-3,true
1.422,feed,200,710.340,backend-2,true
1.598,feed,200,536.770,backend-3,true
1.429,feed,200,705.740,backend-2,true
1.601,feed,200,536.340,backend-3,true
1.433,feed,200,705.090,backend-2,true
1.603,feed,200,545.340,backend-3,true
1.454,feed,200,694.760,backend-2,true
1.491,feed,200,660.240,backend-2,true
1.603,feed,200,548.680,backend-3,true
1.509,feed,200,645.400,backend-2,true
1.621,feed,200,533.070,backend-3,true
1.779,feed,200,377.560,backend-1,true
1.627,feed,200,529.450,backend-3,true
1.525,feed,200,631.590,backend-2,true
1.788,feed,200,370.310,backend-1,true
1.538,feed,200,621.150,backend-2,true
1.790,feed,200,370.870,backend-1,true
1.544,feed,200,616.490,backend-2,true
1.795,feed,200,367.360,backend-1,true
1.551,feed,200,612.120,backend-2,true
1.795,feed,200,369.170,backend-1,true
1.561,feed,200,603.690,backend-2,true
1.801,feed,200,364.440,backend-1,true
1.561,feed,200,605.800,backend-2,true
1.801,feed,200,366.310,backend-1,true
1.574,feed,200,595.610,backend-2,true
1.815,feed,200,354.430,backend-1,true
1.580,feed,200,593.710,backend-2,true
1.828,feed,200,346.750,backend-1,true
1.586,feed,200,591.660,backend-2,true
1.828,feed,200,350.550,backend-1,true
1.621,feed,200,558.510,backend-2,true
1.828,feed,200,352.510,backend-1,true
1.636,feed,200,546.250,backend-2,true
1.835,feed,200,347.610,backend-1,true
1.644,feed,200,540.310,backend-2,true
1.653,feed,200,533.340,backend-2,true
1.653,feed,200,540.140,backend-2,true
1.695,feed,200,501.570,backend-2,true
1.701,feed,200,497.890,backend-2,true
1.706,feed,200,494.980,backend-2,true
1.727,feed,200,475.720,backend-2,true
1.733,feed,200,472.640,backend-2,true
1.750,feed,200,458.300,backend-2,true
1.764,feed,200,446.040,backend-2,true
1.776,feed,200,436.050,backend-2,true
1.779,feed,200,435.390,backend-2,true
1.809,feed,200,623.670,backend-2,true
1.835,feed,200,599.030,backend-2,true
