t_s,route,status,latency_ms,backend,ok
0.001,message,201,10.870,backend-2,true
0.001,message,201,10.710,backend-2,true
0.001,message,201,10.830,backend-2,true
0.001,message,201,10.880,backend-3,true
0.001,message,201,10.580,backend-2,true
0.001,message,201,11.010,backend-2,true
0.001,message,201,10.950,backend-3,true
0.001,message,201,10.700,backend-2,true
0.001,message,201,11.030,backend-3,true
0.001,message,201,10.920,backend-2,true
0.000,message,201,11.780,backend-3,true
0.001,message,201,11.000,backend-2,true
0.000,message,201,11.510,backend-2,true
0.001,message,201,17.320,backend-2,true
0.001,message,201,17.390,backend-1,true
0.001,message,201,17.600,backend-3,true
0.001,message,201,17.810,backend-3,true
0.000,message,201,18.320,backend-1,true
0.000,message,201,18.650,backend-2,true
0.001,message,201,18.100,backend-1,true
0.001,message,201,17.790,backend-3,true
0.001,message,201,18.000,backend-1,true
0.001,message,201,18.320,backend-1,true
0.002,message,201,16.570,backend-1,true
0.001,message,201,18.810,backend-1,true
0.001,message,201,18.930,backend-3,true
0.001,message,201,19.230,backend-3,true
0.001,message,201,19.790,backend-1,true
0.001,message,201,20.030,backend-1,true
0.000,message,201,20.750,backend-1,true
0.000,message,201,21.430,backend-2,true
0.002,message,201,19.860,backend-3,true
0.002,message,201,20.090,backend-3,true
0.002,message,201,20.000,backend-1,true
0.000,message,201,21.580,backend-3,true
0.003,message,201,18.640,backend-3,true
0.002,message,201,19.750,backend-2,true
0.001,message,201,21.160,backend-3,true
0.002,message,201,19.980,backend-2,true
0.000,message,201,21.800,backend-2,true
0.001,message,201,21.260,backend-1,true
0.004,message,201,18.710,backend-2,true
0.002,message,201,19.950,backend-3,true
0.002,message,201,20.560,backend-3,true
0.002,message,201,20.610,backend-1,true
0.002,message,201,20.410,backend-2,true
0.002,message,201,20.200,backend-2,true
0.002,message,201,20.470,backend-2,true
0.002,message,201,24.440,backend-1,true
0.004,message,201,26.720,backend-3,true
0.002,message,201,28.380,backend-3,true
0.006,message,201,24.860,backend-3,true
0.004,message,201,26.710,backend-3,true
0.006,message,201,25.170,backend-3,true
0.002,message,201,28.560,backend-3,true
0.004,message,201,26.780,backend-3,true
0.006,message,201,24.890,backend-3,true
0.002,message,201,28.740,backend-3,true
0.001,message,201,30.090,backend-3,true
0.006,message,201,24.590,backend-2,true
0.004,message,201,27.060,backend-3,true
0.002,message,201,28.680,backend-3,true
0.000,message,201,30.640,backend-3,true
0.002,message,201,28.540,backend-3,true
0.003,message,201,27.620,backend-3,true
0.001,message,201,29.680,backend-3,true
0.007,message,201,24.020,backend-3,true
0.000,message,201,30.700,backend-2,true
0.006,message,201,24.560,backend-2,true
0.001,message,201,29.740,backend-2,true
0.002,message,201,29.010,backend-2,true
0.002,message,201,28.650,backend-2,true
0.002,message,201,29.430,backend-2,true
0.006,message,201,24.960,backend-3,true
0.004,message,201,27.310,backend-3,true
0.002,message,201,28.850,backend-2,true
0.003,message,201,28.020,backend-2,true
0.006,message,201,24.840,backend-3,true
0.006,message,201,25.210,backend-3,true
0.006,message,201,24.850,backend-3,true
0.003,message,201,28.160,backend-2,true
0.002,message,201,29.290,backend-2,true
0.012,message,201,19.080,backend-3,true
0.002,message,201,29.250,backend-2,true
0.006,message,201,25.150,backend-3,true
0.002,message,201,29.410,backend-3,true
0.006,message,201,25.520,backend-3,true
0.002,message,201,29.500,backend-1,true
0.006,message,201,25.240,backend-2,true
0.002,message,201,29.570,backend-2,true
0.006,message,201,25.840,backend-2,true
0.002,message,201,29.680,backend-1,true
0.001,message,201,30.360,backend-2,true
0.004,message,201,27.900,backend-1,true
0.004,message,201,27.640,backend-2,true
0.006,message,201,25.340,backend-3,true
0.003,message,201,28.600,backend-1,true
0.003,message,201,28.080,backend-2,true
0.003,message,201,29.030,backend-1,true
0.001,message,201,30.130,backend-2,true
0.002,message,201,30.000,backend-1,true
0.001,message,201,30.360,backend-1,true
0.001,message,201,30.150,backend-2,true
0.004,message,201,27.710,backend-1,true
0.002,message,201,30.060,backend-1,true
0.001,message,201,30.240,backend-1,true
0.006,message,201,25.960,backend-2,true
0.001,message,201,30.470,backend-1,true
0.002,message,201,29.870,backend-1,true
0.002,message,201,29.520,backend-1,true
0.001,message,201,30.590,backend-1,true
0.000,message,201,31.830,backend-1,true
0.003,message,201,28.820,backend-1,true
0.001,message,201,30.690,backend-1,true
0.001,message,201,30.620,backend-1,true
0.006,message,201,25.930,backend-1,true
0.006,message,201,25.560,backend-1,true
0.006,message,201,25.950,backend-1,true
0.004,message,201,27.740,backend-1,true
0.002,message,201,30.240,backend-2,true
0.001,message,201,30.770,backend-1,true
0.006,message,201,25.770,backend-2,true
0.000,message,201,31.860,backend-1,true
0.001,message,201,30.780,backend-1,true
0.002,message,201,31.990,backend-2,true
0.006,message,201,28.180,backend-2,true
0.006,message,201,27.920,backend-2,true
0.002,message,201,32.560,backend-1,true
0.002,message,201,32.410,backend-2,true
0.007,message,201,27.670,backend-1,true
0.001,message,201,33.160,backend-2,true
0.007,message,201,27.730,backend-2,true
0.006,message,201,28.610,backend-1,true
0.003,message,201,32.000,backend-1,true
0.006,message,201,28.650,backend-2,true
0.001,message,201,33.240,backend-2,true
0.007,message,201,27.660,backend-2,true
0.012,message,201,22.470,backend-1,true
0.003,message,201,32.090,backend-3,true
0.012,message,201,23.100,backend-3,true
0.013,message,201,21.740,backend-3,true
0.006,message,201,28.840,backend-3,true
0.006,message,201,28.560,backend-3,true
0.006,message,201,28.910,backend-3,true
0.006,message,201,28.700,backend-2,true
0.014,message,201,21.230,backend-2,true
0.012,message,201,23.610,backend-3,true
0.006,message,201,28.950,backend-2,true
0.021,message,201,14.520,backend-3,true
0.008,message,201,26.820,backend-2,true
0.009,message,201,26.700,backend-2,true
0.012,message,201,23.560,backend-3,true
0.012,message,201,23.240,backend-3,true
0.019,message,201,16.380,backend-3,true
0.019,message,201,16.810,backend-3,true
0.007,message,201,28.960,backend-3,true
0.006,message,201,29.520,backend-3,true
0.006,message,201,29.300,backend-3,true
0.031,message,201,4.490,backend-3,true
0.012,message,201,23.650,backend-3,true
0.006,message,201,29.500,backend-2,true
0.002,message,201,33.310,backend-2,true
0.003,message,201,33.230,backend-3,true
0.013,message,201,22.480,backend-3,true
0.006,message,201,29.840,backend-3,true
0.021,message,201,15.030,backend-3,true
0.006,message,201,29.830,backend-3,true
0.012,message,201,23.680,backend-2,true
0.022,message,201,14.070,backend-3,true
0.007,message,201,29.100,backend-3,true
0.002,message,201,33.420,backend-3,true
0.019,message,201,16.830,backend-3,true
0.012,message,201,24.320,backend-2,true
0.006,message,201,30.240,backend-3,true
0.002,message,201,33.900,backend-3,true
0.013,message,201,22.620,backend-3,true
0.013,message,201,23.180,backend-3,true
0.006,message,201,29.950,backend-2,true
0.006,message,201,30.090,backend-2,true
0.006,message,201,29.630,backend-2,true
0.006,message,201,30.000,backend-2,true
0.022,message,201,14.110,backend-3,true
0.006,message,201,30.130,backend-2,true
0.012,message,201,24.190,backend-3,true
0.006,message,201,30.330,backend-2,true
0.012,message,201,24.130,backend-3,true
0.012,message,201,24.180,backend-3,true
0.008,message,201,28.020,backend-2,true
0.002,message,201,34.450,backend-2,true
0.002,message,201,33.850,backend-3,true
0.006,message,201,30.030,backend-3,true
0.012,message,201,24.490,backend-3,true
0.007,message,201,29.550,backend-3,true
0.007,message,201,29.760,backend-1,true
0.006,message,201,30.640,backend-2,true
0.006,message,201,30.400,backend-2,true
0.006,message,201,30.730,backend-1,true
0.003,message,201,34.110,backend-2,true
0.022,message,201,15.110,backend-2,true
0.019,message,201,18.170,backend-2,true
0.002,message,201,35.160,backend-2,true
0.012,message,201,24.530,backend-2,true
0.012,message,201,24.810,backend-2,true
0.019,message,201,18.190,backend-2,true
0.020,message,201,17.350,backend-2,true
0.019,message,201,18.460,backend-2,true
0.020,message,201,16.890,backend-2,true
0.001,message,201,36.550,backend-2,true
0.012,message,201,25.110,backend-2,true
0.002,message,201,35.740,backend-2,true
0.013,message,201,24.220,backend-2,true
0.013,message,201,24.670,backend-2,true
0.008,message,201,29.350,backend-2,true
0.013,message,201,24.310,backend-2,true
0.031,message,201,6.280,backend-3,true
0.012,message,201,25.560,backend-2,true
0.012,message,201,25.810,backend-2,true
0.006,message,201,31.610,backend-2,true
0.032,message,201,6.190,backend-2,true
0.006,message,201,31.740,backend-2,true
0.002,message,201,35.950,backend-3,true
0.004,message,201,33.940,backend-1,true
0.002,message,201,35.510,backend-1,true
0.014,message,201,24.340,backend-1,true
0.031,message,201,6.730,backend-1,true
0.032,message,201,6.070,backend-2,true
0.006,message,201,32.430,backend-3,true
0.013,message,201,25.370,backend-1,true
0.006,message,201,32.540,backend-3,true
0.032,message,201,6.240,backend-2,true
0.019,message,201,19.510,backend-1,true
0.012,message,201,26.140,backend-1,true
0.022,message,201,16.400,backend-1,true
0.006,message,201,32.590,backend-3,true
0.006,message,201,32.450,backend-3,true
0.006,message,201,32.240,backend-2,true
0.032,message,201,6.750,backend-2,true
0.001,message,201,37.020,backend-3,true
0.019,message,201,19.920,backend-2,true
0.031,message,201,7.080,backend-2,true
0.000,message,201,38.260,backend-3,true
0.014,message,201,24.720,backend-1,true
0.032,message,201,6.490,backend-2,true
0.012,message,201,26.870,backend-2,true
0.032,message,201,6.600,backend-2,true
0.022,message,201,16.320,backend-2,true
0.013,message,201,25.600,backend-2,true
0.006,message,201,32.910,backend-3,true
0.006,message,201,32.690,backend-3,true
0.022,message,201,16.470,backend-2,true
0.012,message,201,27.000,backend-2,true
0.032,message,201,6.960,backend-1,true
0.032,message,201,6.830,backend-2,true
0.003,message,201,36.310,backend-3,true
0.002,message,201,37.360,backend-3,true
0.007,message,201,32.350,backend-3,true
0.032,message,201,7.000,backend-2,true
0.032,message,201,7.210,backend-1,true
0.007,message,201,32.260,backend-2,true
0.006,message,201,32.950,backend-3,true
0.031,message,201,7.610,backend-2,true
0.012,message,201,26.890,backend-1,true
0.006,message,201,33.170,backend-2,true
0.019,message,201,20.220,backend-1,true
0.006,message,201,33.210,backend-2,true
0.006,message,201,32.870,backend-3,true
0.006,message,201,32.940,backend-2,true
0.015,message,201,24.340,backend-1,true
0.006,message,201,33.090,backend-2,true
0.022,message,201,17.260,backend-1,true
0.012,message,201,27.220,backend-2,true
0.019,message,201,20.720,backend-1,true
0.006,message,201,33.170,backend-2,true
0.012,message,201,27.590,backend-1,true
0.006,message,201,33.440,backend-2,true
0.007,message,201,32.880,backend-3,true
0.004,message,201,35.460,backend-2,true
0.032,message,201,7.820,backend-1,true
0.015,message,201,24.840,backend-2,true
0.003,message,201,37.000,backend-3,true
0.006,message,201,33.160,backend-2,true
0.022,message,201,17.430,backend-1,true
0.012,message,201,27.530,backend-2,true
0.001,message,201,38.380,backend-3,true
0.022,message,201,17.600,backend-2,true
0.006,message,201,33.260,backend-1,true
0.006,message,201,33.490,backend-2,true
0.006,message,201,33.940,backend-3,true
0.013,message,201,26.770,backend-2,true
0.002,message,201,37.410,backend-2,true
0.006,message,201,34.040,backend-2,true
0.022,message,201,18.080,backend-1,true
0.009,message,201,31.290,backend-1,true
0.022,message,201,17.770,backend-2,true
0.021,message,201,18.770,backend-2,true
0.001,message,201,38.640,backend-3,true
0.012,message,201,23.750,backend-2,true
0.007,message,201,33.410,backend-3,true
0.022,message,201,17.900,backend-1,true
0.031,message,201,4.110,backend-3,true
0.013,message,201,26.880,backend-1,true
0.022,message,201,17.910,backend-1,true
0.023,message,201,17.510,backend-1,true
0.006,message,201,34.310,backend-3,true
0.012,message,201,23.330,backend-3,true
0.006,message,201,34.410,backend-3,true
0.008,message,201,32.440,backend-1,true
0.013,message,201,22.000,backend-3,true
0.023,message,201,17.740,backend-1,true
0.002,message,201,37.940,backend-3,true
0.006,message,201,34.740,backend-1,true
0.002,message,201,32.910,backend-2,true
0.019,message,201,21.490,backend-1,true
0.012,message,201,23.570,backend-2,true
0.031,message,201,9.620,backend-3,true
0.012,message,201,23.790,backend-2,true
0.035,message,201,5.410,backend-3,true
0.007,message,201,28.610,backend-3,true
0.002,message,201,38.850,backend-1,true
0.006,message,201,28.950,backend-3,true
0.032,message,201,8.560,backend-3,true
0.023,message,201,17.820,backend-2,true
0.022,message,201,13.430,backend-3,true
0.006,message,201,34.070,backend-1,true
0.036,message,201,4.630,backend-2,true
0.007,message,201,33.970,backend-3,true
0.036,message,201,4.160,backend-2,true
0.006,message,201,29.610,backend-3,true
0.035,message,201,5.810,backend-2,true
0.012,message,201,28.740,backend-1,true
0.013,message,201,22.180,backend-3,true
0.012,message,201,29.060,backend-1,true
0.034,message,201,6.410,backend-3,true
0.014,message,201,21.800,backend-3,true
0.007,message,201,28.800,backend-2,true
0.006,message,201,34.810,backend-2,true
0.035,message,201,6.180,backend-2,true
0.001,message,201,34.030,backend-3,true
0.032,message,201,9.170,backend-3,true
0.007,message,201,28.790,backend-3,true
0.012,message,201,29.090,backend-1,true
0.036,message,201,4.780,backend-2,true
0.012,message,201,23.750,backend-3,true
0.036,message,201,4.900,backend-2,true
0.035,message,201,6.270,backend-3,true
0.032,message,201,9.330,backend-3,true
0.006,message,201,34.540,backend-2,true
0.036,message,201,4.890,backend-2,true
0.036,message,201,4.940,backend-2,true
0.002,message,201,38.520,backend-1,true
0.034,message,201,6.650,backend-3,true
0.006,message,201,34.850,backend-1,true
0.036,message,201,5.040,backend-2,true
0.036,message,201,5.100,backend-2,true
0.002,message,201,39.480,backend-2,true
0.035,message,201,6.180,backend-3,true
0.036,message,201,5.090,backend-3,true
0.031,message,201,9.610,backend-3,true
0.006,message,201,34.840,backend-1,true
0.034,message,201,6.850,backend-3,true
0.035,message,201,5.970,backend-2,true
0.034,message,201,6.780,backend-3,true
0.003,message,201,38.580,backend-1,true
0.031,message,201,9.730,backend-3,true
0.032,message,201,9.400,backend-3,true
0.036,message,201,5.410,backend-3,true
0.001,message,201,39.790,backend-2,true
0.032,message,201,9.640,backend-2,true
0.034,message,201,7.010,backend-3,true
0.035,message,201,6.630,backend-3,true
0.002,message,201,39.400,backend-1,true
0.034,message,201,7.050,backend-3,true
0.032,message,201,9.650,backend-3,true
0.035,message,201,5.910,backend-2,true
0.031,message,201,9.950,backend-3,true
0.032,message,201,9.430,backend-2,true
0.006,message,201,35.300,backend-1,true
0.035,message,201,6.150,backend-3,true
0.031,message,201,9.950,backend-3,true
0.012,message,201,29.260,backend-1,true
0.035,message,201,6.250,backend-2,true
0.034,message,201,7.110,backend-3,true
0.032,message,201,9.940,backend-3,true
0.035,message,201,6.290,backend-3,true
0.032,message,201,9.660,backend-3,true
0.006,message,201,35.440,backend-2,true
0.034,message,201,7.150,backend-3,true
0.031,message,201,10.280,backend-3,true
0.006,message,201,35.210,backend-3,true
0.006,message,201,35.620,backend-3,true
0.006,message,201,35.840,backend-1,true
0.006,message,201,35.750,backend-1,true
0.006,message,201,35.880,backend-1,true
0.035,message,201,6.980,backend-3,true
0.022,message,201,19.270,backend-2,true
0.031,message,201,10.300,backend-1,true
0.031,message,201,10.960,backend-3,true
0.032,message,201,9.810,backend-2,true
0.006,message,201,35.600,backend-1,true
0.002,message,201,40.120,backend-1,true
0.032,message,201,9.900,backend-3,true
0.032,message,201,9.620,backend-3,true
0.006,message,201,35.860,backend-1,true
0.032,message,201,10.220,backend-2,true
0.031,message,201,10.500,backend-1,true
0.003,message,201,39.240,backend-1,true
0.031,message,201,11.030,backend-3,true
0.031,message,201,10.380,backend-3,true
0.031,message,201,11.130,backend-3,true
0.002,message,201,39.420,backend-1,true
0.031,message,201,10.690,backend-1,true
0.007,message,201,34.990,backend-1,true
0.035,message,201,8.120,backend-3,true
0.032,message,201,11.460,backend-3,true
0.035,message,201,8.140,backend-3,true
0.034,message,201,9.000,backend-2,true
0.031,message,201,12.150,backend-1,true
0.013,message,201,30.410,backend-1,true
0.001,message,201,42.120,backend-1,true
0.020,message,201,23.250,backend-3,true
0.038,message,201,5.300,backend-1,true
0.006,message,201,37.210,backend-1,true
0.038,message,201,5.620,backend-1,true
0.038,message,201,5.040,backend-1,true
0.039,message,201,5.000,backend-1,true
0.038,message,201,5.070,backend-1,true
0.031,message,201,12.760,backend-1,true
0.038,message,201,5.490,backend-1,true
0.031,message,201,12.850,backend-1,true
0.038,message,201,5.750,backend-1,true
0.038,message,201,5.550,backend-1,true
0.006,message,201,37.890,backend-1,true
0.039,message,201,5.190,backend-1,true
0.039,message,201,5.220,backend-1,true
0.031,message,201,12.860,backend-1,true
0.038,message,201,5.740,backend-1,true
0.036,message,201,7.690,backend-2,true
0.038,message,201,5.910,backend-1,true
0.006,message,201,37.930,backend-1,true
0.037,message,201,7.600,backend-2,true
0.036,message,201,8.650,backend-2,true
0.037,message,201,7.610,backend-2,true
0.039,message,201,5.380,backend-1,true
0.036,message,201,8.750,backend-2,true
0.036,message,201,8.750,backend-2,true
0.039,message,201,5.560,backend-1,true
0.039,message,201,5.540,backend-1,true
0.031,message,201,13.550,backend-1,true
0.039,message,201,5.320,backend-1,true
0.038,message,201,6.610,backend-1,true
0.039,message,201,6.040,backend-1,true
0.039,message,201,5.400,backend-1,true
0.009,message,201,35.930,backend-1,true
0.007,message,201,37.990,backend-1,true
0.006,message,201,38.550,backend-1,true
0.038,message,201,6.640,backend-1,true
0.036,message,201,9.010,backend-2,true
0.032,message,201,13.150,backend-1,true
0.031,message,201,13.730,backend-1,true
0.032,message,201,13.100,backend-1,true
0.037,message,201,8.120,backend-2,true
0.037,message,201,7.630,backend-2,true
0.036,message,201,8.600,backend-2,true
0.035,message,201,10.350,backend-1,true
0.038,message,201,6.960,backend-1,true
0.031,message,201,14.130,backend-1,true
0.031,message,201,13.600,backend-1,true
0.032,message,201,13.340,backend-1,true
0.039,message,201,6.220,backend-1,true
0.037,message,201,8.130,backend-2,true
0.032,message,201,13.210,backend-1,true
0.036,message,201,8.700,backend-2,true
0.031,message,201,13.540,backend-1,true
0.031,message,201,14.600,backend-2,true
0.037,message,201,8.340,backend-2,true
0.031,message,201,14.600,backend-2,true
0.037,message,201,8.310,backend-2,true
0.031,message,201,14.410,backend-3,true
0.039,message,201,6.990,backend-2,true
0.039,message,201,6.780,backend-3,true
0.036,message,201,9.430,backend-2,true
0.031,message,201,14.480,backend-3,true
0.038,message,201,7.270,backend-3,true
0.038,message,201,7.530,backend-2,true
0.027,message,201,18.800,backend-2,true
0.040,message,201,5.440,backend-3,true
0.031,message,201,15.050,backend-2,true
0.031,message,201,14.960,backend-2,true
0.036,message,201,9.370,backend-2,true
0.038,message,201,7.390,backend-3,true
0.037,message,201,8.630,backend-2,true
0.038,message,201,7.320,backend-3,true
0.037,message,201,8.710,backend-2,true
0.038,message,201,7.880,backend-2,true
0.038,message,201,7.460,backend-3,true
0.039,message,201,7.060,backend-3,true
0.040,message,201,5.570,backend-3,true
0.040,message,201,5.470,backend-3,true
0.031,message,201,14.810,backend-3,true
0.036,message,201,9.550,backend-2,true
0.038,message,201,8.090,backend-2,true
0.039,message,201,6.850,backend-3,true
0.039,message,201,6.900,backend-3,true
0.039,message,201,7.370,backend-3,true
0.039,message,201,6.670,backend-3,true
0.039,message,201,6.760,backend-3,true
0.039,message,201,7.050,backend-3,true
0.039,message,201,6.820,backend-3,true
0.038,message,201,8.000,backend-3,true
0.039,message,201,7.210,backend-3,true
0.039,message,201,7.290,backend-3,true
0.040,message,201,6.570,backend-3,true
0.039,message,201,7.440,backend-3,true
0.039,message,201,7.450,backend-3,true
0.038,message,201,8.200,backend-3,true
0.040,message,201,6.700,backend-3,true
0.039,message,201,7.040,backend-3,true
0.039,message,201,7.490,backend-3,true
0.031,message,201,15.580,backend-2,true
0.039,message,201,7.880,backend-3,true
0.039,message,201,7.710,backend-3,true
0.039,message,201,7.280,backend-3,true
0.038,message,201,8.100,backend-2,true
0.040,message,201,6.250,backend-3,true
0.040,message,201,6.840,backend-3,true
0.039,message,201,7.850,backend-3,true
0.039,message,201,7.210,backend-3,true
0.031,message,201,15.610,backend-2,true
0.031,message,201,15.790,backend-3,true
0.031,message,201,15.780,backend-3,true
0.039,message,201,7.390,backend-3,true
0.036,message,201,10.710,backend-3,true
0.046,message,201,2.090,backend-3,true
0.046,message,201,2.590,backend-3,true
0.046,message,201,2.690,backend-3,true
0.046,message,201,1.920,backend-3,true
0.045,message,201,2.750,backend-3,true
0.046,message,201,1.970,backend-3,true
0.045,message,201,2.770,backend-3,true
0.041,message,201,7.860,backend-3,true
0.040,message,201,8.330,backend-3,true
0.046,message,201,3.000,backend-3,true
0.043,message,201,5.440,backend-1,true
0.043,message,201,5.500,backend-1,true
0.040,message,201,8.430,backend-3,true
0.040,message,201,8.530,backend-3,true
0.040,message,201,8.370,backend-3,true
0.043,message,201,5.490,backend-1,true
0.046,message,201,3.000,backend-3,true
0.040,message,201,8.270,backend-3,true
0.039,message,201,9.310,backend-3,true
0.041,message,201,8.100,backend-3,true
0.040,message,201,8.380,backend-3,true
0.043,message,201,5.770,backend-1,true
0.040,message,201,8.380,backend-3,true
0.046,message,201,2.560,backend-3,true
0.046,message,201,3.110,backend-3,true
0.046,message,201,3.290,backend-3,true
0.037,message,201,11.440,backend-1,true
0.040,message,201,8.590,backend-3,true
0.046,message,201,2.880,backend-3,true
0.045,message,201,3.430,backend-3,true
0.042,message,201,7.210,backend-3,true
0.041,message,201,8.150,backend-3,true
0.044,message,201,5.460,backend-1,true
0.041,message,201,8.080,backend-3,true
0.041,message,201,8.270,backend-3,true
0.041,message,201,8.490,backend-3,true
0.041,message,201,8.430,backend-3,true
0.041,message,201,8.030,backend-3,true
0.043,message,201,5.750,backend-1,true
0.041,message,201,7.580,backend-3,true
0.041,message,201,8.400,backend-3,true
0.044,message,201,5.460,backend-1,true
0.042,message,201,7.560,backend-3,true
0.042,message,201,7.480,backend-3,true
0.039,message,201,9.700,backend-3,true
0.038,message,201,11.520,backend-2,true
0.043,message,201,5.650,backend-1,true
0.045,message,201,5.270,backend-1,true
0.048,feed,200,2.040,backend-3,true
0.040,message,201,9.890,backend-2,true
0.041,message,201,9.140,backend-3,true
0.040,message,201,10.080,backend-2,true
0.040,message,201,9.990,backend-2,true
0.045,message,201,5.670,backend-1,true
0.040,message,201,10.230,backend-2,true
0.045,message,201,5.850,backend-1,true
0.045,message,201,5.800,backend-1,true
0.040,message,201,11.260,backend-2,true
0.040,message,201,10.510,backend-2,true
0.048,feed,200,2.720,backend-3,true
0.045,message,201,6.500,backend-1,true
0.045,message,201,6.260,backend-1,true
0.040,message,201,11.070,backend-2,true
0.040,message,201,10.820,backend-2,true
0.041,message,201,10.000,backend-3,true
0.040,message,201,11.080,backend-2,true
0.041,message,201,9.970,backend-3,true
0.041,message,201,10.680,backend-3,true
0.044,message,201,7.800,backend-1,true
0.044,message,201,7.950,backend-1,true
0.040,message,201,11.800,backend-2,true
0.040,message,201,12.250,backend-2,true
0.045,message,201,7.000,backend-1,true
0.045,message,201,7.020,backend-1,true
0.044,message,201,8.000,backend-1,true
0.044,message,201,7.550,backend-1,true
0.041,message,201,11.020,backend-3,true
0.042,message,201,10.790,backend-3,true
0.048,message,201,4.320,backend-3,true
0.040,message,201,12.590,backend-3,true
0.036,message,201,16.660,backend-3,true
0.042,message,201,10.840,backend-3,true
0.042,message,201,10.880,backend-3,true
0.048,message,201,4.480,backend-3,true
0.048,message,201,4.450,backend-3,true
0.048,message,201,4.480,backend-3,true
0.048,message,201,4.460,backend-3,true
0.041,message,201,11.620,backend-3,true
0.041,message,201,12.030,backend-2,true
0.044,message,201,8.310,backend-1,true
0.045,message,201,8.010,backend-1,true
0.045,message,201,8.240,backend-1,true
0.042,message,201,11.180,backend-3,true
0.041,message,201,11.620,backend-2,true
0.042,message,201,11.300,backend-2,true
0.041,message,201,12.000,backend-2,true
0.042,message,201,11.090,backend-3,true
0.040,message,201,13.060,backend-2,true
0.040,message,201,13.280,backend-2,true
0.036,message,201,17.220,backend-3,true
0.036,message,201,16.520,backend-3,true
0.049,message,201,4.310,backend-3,true
0.049,message,201,4.140,backend-3,true
0.044,message,201,8.930,backend-1,true
0.042,message,201,11.090,backend-3,true
0.040,message,201,13.260,backend-2,true
0.041,message,201,11.550,backend-3,true
0.044,message,201,9.520,backend-1,true
0.040,message,201,13.290,backend-2,true
0.036,message,201,17.320,backend-3,true
0.035,message,201,17.940,backend-3,true
0.042,message,201,11.300,backend-3,true
0.040,message,201,13.140,backend-2,true
0.044,message,201,8.670,backend-1,true
0.036,message,201,17.080,backend-3,true
0.044,message,201,9.110,backend-1,true
0.044,message,201,9.210,backend-1,true
0.036,message,201,17.130,backend-3,true
0.036,message,201,17.220,backend-3,true
0.036,message,201,17.560,backend-3,true
0.035,message,201,18.120,backend-3,true
0.036,message,201,17.680,backend-3,true
0.040,message,201,12.860,backend-2,true
0.045,message,201,8.420,backend-1,true
0.045,message,201,8.390,backend-1,true
0.041,message,201,12.520,backend-2,true
0.039,message,201,13.930,backend-2,true
0.041,message,201,12.720,backend-2,true
0.045,message,201,8.670,backend-1,true
0.045,message,201,8.580,backend-1,true
0.041,message,201,12.630,backend-2,true
0.041,message,201,12.880,backend-2,true
0.044,message,201,9.510,backend-1,true
0.041,message,201,12.700,backend-2,true
0.040,message,201,13.450,backend-2,true
0.040,message,201,13.530,backend-2,true
0.045,message,201,8.620,backend-1,true
0.040,message,201,13.540,backend-2,true
0.045,message,201,8.740,backend-1,true
0.046,message,201,7.300,backend-2,true
0.041,message,201,12.160,backend-3,true
0.044,message,201,9.790,backend-1,true
0.045,message,201,9.000,backend-1,true
0.044,message,201,9.860,backend-1,true
0.039,message,201,14.800,backend-2,true
0.041,message,201,13.380,backend-2,true
0.045,message,201,9.300,backend-1,true
0.045,message,201,9.080,backend-1,true
0.041,message,201,12.720,backend-2,true
0.045,message,201,9.160,backend-1,true
0.045,message,201,9.290,backend-1,true
0.041,message,201,13.500,backend-2,true
0.045,message,201,9.160,backend-1,true
0.045,message,201,9.480,backend-1,true
0.041,message,201,13.520,backend-2,true
0.046,message,201,8.160,backend-1,true
0.040,message,201,13.710,backend-2,true
0.046,message,201,7.760,backend-3,true
0.036,message,201,18.530,backend-3,true
0.045,message,201,9.430,backend-1,true
0.041,message,201,13.490,backend-2,true
0.045,message,201,9.600,backend-1,true
0.036,message,201,18.590,backend-3,true
0.041,message,201,13.130,backend-3,true
0.036,message,201,18.490,backend-3,true
0.046,message,201,7.780,backend-3,true
0.036,message,201,18.450,backend-3,true
0.045,message,201,9.630,backend-1,true
0.046,message,201,8.650,backend-1,true
0.041,message,201,13.510,backend-3,true
0.045,message,201,9.480,backend-1,true
0.045,message,201,9.620,backend-1,true
0.045,message,201,9.640,backend-1,true
0.046,message,201,7.850,backend-3,true
0.046,message,201,8.620,backend-1,true
0.052,feed,200,2.450,backend-1,true
0.036,message,201,18.020,backend-3,true
0.041,message,201,13.330,backend-2,true
0.041,message,201,13.400,backend-2,true
0.045,message,201,9.580,backend-1,true
0.041,message,201,13.220,backend-2,true
0.046,message,201,7.940,backend-3,true
0.041,message,201,13.210,backend-2,true
0.047,message,201,7.890,backend-3,true
0.045,message,201,9.560,backend-1,true
0.045,message,201,9.540,backend-1,true
0.036,message,201,18.300,backend-3,true
0.041,message,201,13.660,backend-2,true
0.041,message,201,13.350,backend-2,true
0.041,message,201,13.570,backend-2,true
0.044,message,201,10.390,backend-1,true
0.040,message,201,14.920,backend-2,true
0.044,message,201,10.580,backend-1,true
0.046,message,201,8.530,backend-2,true
0.041,message,201,13.390,backend-3,true
0.044,message,201,10.990,backend-1,true
0.046,message,201,8.930,backend-2,true
0.041,message,201,13.460,backend-3,true
0.049,message,201,5.560,backend-3,true
0.041,message,201,13.270,backend-3,true
0.049,message,201,5.580,backend-3,true
0.051,message,201,3.430,backend-1,true
0.041,message,201,13.550,backend-3,true
0.040,message,201,14.400,backend-2,true
0.042,message,201,12.970,backend-3,true
0.042,message,201,13.160,backend-3,true
0.040,message,201,14.280,backend-3,true
0.050,message,201,5.070,backend-1,true
0.052,message,201,2.860,backend-1,true
0.051,message,201,4.670,backend-1,true
0.051,message,201,4.520,backend-1,true
0.050,message,201,4.940,backend-1,true
0.051,message,201,4.390,backend-1,true
0.050,message,201,5.160,backend-1,true
0.053,message,201,2.570,backend-1,true
0.053,message,201,2.590,backend-1,true
0.051,message,201,4.080,backend-1,true
0.049,message,201,6.220,backend-1,true
0.053,message,201,2.580,backend-1,true
0.052,message,201,3.470,backend-1,true
0.046,message,201,12.010,backend-1,true
0.046,message,201,12.210,backend-1,true
0.049,message,201,8.950,backend-1,true
0.054,feed,200,3.300,backend-3,true
0.055,feed,200,3.240,backend-3,true
0.054,feed,200,4.170,backend-3,true
0.053,feed,200,5.240,backend-3,true
0.055,feed,200,3.380,backend-3,true
0.041,message,201,17.370,backend-3,true
0.049,message,201,9.150,backend-1,true
0.036,message,201,22.040,backend-3,true
0.036,message,201,21.620,backend-3,true
0.049,message,201,9.160,backend-1,true
0.045,message,201,12.480,backend-1,true
0.046,message,201,12.350,backend-1,true
0.036,message,201,22.110,backend-3,true
0.052,feed,200,5.540,backend-3,true
0.046,message,201,12.250,backend-1,true
0.045,message,201,12.550,backend-1,true
0.046,message,201,11.790,backend-1,true
0.054,message,201,6.410,backend-3,true
0.040,message,201,20.230,backend-3,true
0.055,message,201,4.710,backend-3,true
0.035,message,201,24.880,backend-3,true
0.055,message,201,4.740,backend-3,true
0.040,message,201,20.150,backend-3,true
0.035,message,201,24.860,backend-3,true
0.041,message,201,19.000,backend-3,true
0.055,message,201,4.820,backend-3,true
0.035,message,201,25.500,backend-3,true
0.042,message,201,18.240,backend-3,true
0.041,message,201,18.760,backend-3,true
0.053,message,201,7.480,backend-3,true
0.042,message,201,18.470,backend-3,true
0.036,message,201,23.920,backend-3,true
0.046,message,201,13.910,backend-1,true
0.053,message,201,7.650,backend-3,true
0.051,message,201,9.710,backend-1,true
0.055,message,201,5.630,backend-3,true
0.041,message,201,19.340,backend-3,true
0.050,message,201,9.960,backend-1,true
0.031,message,201,29.160,backend-3,true
0.031,message,201,29.700,backend-3,true
0.041,message,201,19.350,backend-3,true
0.053,message,201,7.670,backend-3,true
0.041,message,201,19.450,backend-3,true
0.041,message,201,19.520,backend-3,true
0.053,message,201,7.670,backend-3,true
0.032,message,201,28.720,backend-3,true
0.055,message,201,5.920,backend-3,true
0.032,message,201,28.610,backend-3,true
0.041,message,201,19.830,backend-3,true
0.053,message,201,7.700,backend-3,true
0.055,message,201,5.920,backend-3,true
0.054,message,201,6.410,backend-3,true
0.054,message,201,6.020,backend-3,true
0.054,message,201,6.040,backend-3,true
0.053,message,201,7.890,backend-3,true
0.053,message,201,7.650,backend-3,true
0.054,message,201,6.770,backend-3,true
0.046,message,201,14.130,backend-1,true
0.049,message,201,11.870,backend-1,true
0.050,message,201,10.200,backend-1,true
0.046,message,201,14.780,backend-1,true
0.046,message,201,14.740,backend-1,true
0.046,message,201,14.390,backend-1,true
0.046,message,201,15.070,backend-1,true
0.049,message,201,12.240,backend-1,true
0.041,message,201,19.960,backend-3,true
0.046,message,201,14.940,backend-1,true
0.052,message,201,8.930,backend-1,true
0.054,message,201,6.470,backend-1,true
0.046,message,201,15.210,backend-1,true
0.046,message,201,15.240,backend-1,true
0.053,message,201,8.070,backend-1,true
0.051,message,201,9.620,backend-1,true
0.046,message,201,15.450,backend-1,true
0.046,message,201,15.280,backend-1,true
0.041,message,201,19.870,backend-3,true
0.036,message,201,24.520,backend-3,true
0.055,message,201,6.320,backend-1,true
0.046,message,201,14.580,backend-1,true
0.055,feed,200,6.530,backend-1,true
0.046,message,201,14.620,backend-1,true
0.054,feed,200,7.180,backend-3,true
0.046,message,201,14.880,backend-1,true
0.049,feed,200,12.150,backend-1,true
0.049,message,201,12.030,backend-1,true
0.049,feed,200,12.300,backend-1,true
0.046,message,201,15.500,backend-1,true
0.049,message,201,12.080,backend-1,true
0.049,message,201,12.470,backend-1,true
0.049,message,201,12.070,backend-1,true
0.049,message,201,12.500,backend-1,true
0.049,message,201,12.110,backend-1,true
0.049,message,201,12.110,backend-1,true
0.051,message,201,10.640,backend-3,true
0.049,message,201,13.030,backend-1,true
0.049,message,201,12.950,backend-1,true
0.049,message,201,13.070,backend-1,true
0.049,message,201,12.930,backend-1,true
0.051,message,201,10.760,backend-3,true
0.051,message,201,10.910,backend-3,true
0.049,message,201,13.110,backend-1,true
0.049,message,201,12.930,backend-1,true
0.058,feed,200,4.280,backend-3,true
0.049,message,201,13.380,backend-1,true
0.049,message,201,13.340,backend-1,true
0.049,message,201,13.010,backend-1,true
0.054,feed,200,8.050,backend-3,true
0.053,feed,200,9.380,backend-1,true
0.049,message,201,13.390,backend-1,true
0.049,message,201,13.330,backend-1,true
0.049,message,201,13.040,backend-1,true
0.049,message,201,13.200,backend-1,true
0.049,message,201,13.180,backend-1,true
0.049,message,201,13.450,backend-1,true
0.051,message,201,10.830,backend-3,true
0.054,feed,200,7.810,backend-3,true
0.060,feed,200,1.850,backend-1,true
0.055,feed,200,6.790,backend-1,true
0.049,message,201,13.140,backend-1,true
0.055,feed,200,6.800,backend-1,true
0.055,feed,200,7.580,backend-1,true
0.049,message,201,13.460,backend-1,true
0.055,feed,200,6.870,backend-1,true
0.053,message,201,9.330,backend-1,true
0.051,message,201,10.800,backend-3,true
0.051,message,201,11.540,backend-3,true
0.049,message,201,13.320,backend-1,true
0.049,message,201,13.450,backend-1,true
0.051,message,201,11.400,backend-3,true
0.054,message,201,7.840,backend-1,true
0.051,message,201,11.740,backend-3,true
0.055,message,201,7.610,backend-1,true
0.052,message,201,10.450,backend-3,true
0.055,message,201,7.670,backend-1,true
0.055,message,201,7.770,backend-1,true
0.053,message,201,9.920,backend-3,true
0.055,message,201,7.780,backend-1,true
0.050,message,201,12.190,backend-3,true
0.055,feed,200,7.150,backend-1,true
0.053,message,201,9.700,backend-1,true
0.055,message,201,7.910,backend-1,true
0.049,message,201,13.590,backend-1,true
0.049,message,201,13.630,backend-1,true
0.053,message,201,9.750,backend-1,true
0.054,feed,200,8.730,backend-3,true
0.055,message,201,8.130,backend-1,true
0.053,message,201,9.350,backend-1,true
0.054,feed,200,8.280,backend-1,true
0.055,feed,200,7.330,backend-1,true
0.054,message,201,8.260,backend-1,true
0.060,feed,200,2.440,backend-3,true
0.055,feed,200,7.340,backend-1,true
0.060,feed,200,2.440,backend-1,true
0.053,message,201,10.220,backend-3,true
0.060,feed,200,2.550,backend-1,true
0.053,message,201,10.220,backend-3,true
0.055,message,201,8.100,backend-1,true
0.055,feed,200,7.460,backend-1,true
0.053,feed,200,9.380,backend-1,true
0.062,feed,200,1.340,backend-1,true
0.060,feed,200,3.440,backend-3,true
0.060,feed,200,3.480,backend-1,true
0.061,feed,200,2.300,backend-1,true
0.062,feed,200,1.460,backend-1,true
0.058,feed,200,5.780,backend-3,true
0.058,feed,200,5.620,backend-1,true
0.062,feed,200,1.350,backend-1,true
0.058,feed,200,5.620,backend-3,true
0.060,feed,200,3.640,backend-1,true
0.061,feed,200,3.120,backend-1,true
0.062,feed,200,1.620,backend-1,true
0.060,feed,200,3.250,backend-1,true
0.061,feed,200,2.520,backend-1,true
0.054,message,201,9.660,backend-3,true
0.054,message,201,10.170,backend-3,true
0.054,message,201,9.710,backend-3,true
0.054,message,201,10.210,backend-3,true
0.054,message,201,9.490,backend-3,true
0.061,feed,200,2.860,backend-1,true
0.053,feed,200,10.830,backend-2,true
0.054,message,201,9.530,backend-3,true
0.054,message,201,9.650,backend-3,true
0.054,message,201,9.580,backend-3,true
0.053,message,201,10.870,backend-1,true
0.053,message,201,10.970,backend-1,true
0.053,message,201,11.000,backend-1,true
0.061,feed,200,2.880,backend-1,true
0.053,message,201,10.800,backend-1,true
0.053,message,201,10.960,backend-1,true
0.054,message,201,9.670,backend-3,true
0.061,feed,200,3.020,backend-1,true
0.054,message,201,9.680,backend-3,true
0.053,message,201,10.940,backend-1,true
0.053,message,201,10.940,backend-1,true
0.054,message,201,9.730,backend-3,true
0.052,message,201,12.120,backend-3,true
0.053,message,201,10.920,backend-1,true
0.058,message,201,6.280,backend-3,true
0.053,message,201,11.000,backend-1,true
0.053,message,201,11.260,backend-1,true
0.054,message,201,9.750,backend-3,true
0.053,message,201,11.290,backend-1,true
0.054,message,201,10.770,backend-1,true
0.053,message,201,11.340,backend-1,true
0.058,message,201,6.550,backend-3,true
0.054,message,201,10.120,backend-3,true
0.053,message,201,11.190,backend-1,true
0.054,message,201,10.030,backend-3,true
0.054,message,201,10.240,backend-3,true
0.053,message,201,11.100,backend-1,true
0.054,message,201,10.260,backend-3,true
0.062,feed,200,2.620,backend-1,true
0.053,message,201,11.470,backend-1,true
0.062,feed,200,2.440,backend-1,true
0.054,message,201,10.320,backend-3,true
0.054,message,201,10.130,backend-3,true
0.054,message,201,10.140,backend-3,true
0.054,message,201,10.240,backend-3,true
0.054,message,201,10.460,backend-3,true
0.058,message,201,6.570,backend-3,true
0.060,message,201,4.330,backend-3,true
0.054,message,201,10.500,backend-3,true
0.055,message,201,10.160,backend-1,true
0.054,message,201,11.230,backend-3,true
0.054,message,201,10.800,backend-3,true
0.060,message,201,4.330,backend-3,true
0.054,message,201,10.500,backend-3,true
0.054,message,201,10.900,backend-3,true
0.054,message,201,10.380,backend-3,true
0.054,message,201,10.580,backend-3,true
0.053,message,201,11.440,backend-1,true
0.054,message,201,10.520,backend-3,true
0.060,message,201,4.590,backend-3,true
0.054,message,201,10.570,backend-3,true
0.053,message,201,11.500,backend-1,true
0.060,message,201,4.830,backend-3,true
0.053,message,201,11.540,backend-1,true
0.055,message,201,9.660,backend-1,true
0.055,message,201,9.670,backend-1,true
0.060,message,201,4.700,backend-3,true
0.053,message,201,11.630,backend-1,true
0.054,message,201,10.690,backend-3,true
0.060,message,201,4.910,backend-3,true
0.054,message,201,10.810,backend-1,true
0.053,message,201,11.790,backend-1,true
0.060,message,201,5.090,backend-3,true
0.054,message,201,10.800,backend-1,true
0.060,message,201,5.130,backend-3,true
0.060,message,201,5.160,backend-1,true
0.058,message,201,7.330,backend-3,true
0.060,message,201,5.080,backend-1,true
0.060,message,201,5.300,backend-3,true
0.060,message,201,5.320,backend-3,true
0.060,message,201,5.260,backend-1,true
0.058,message,201,7.380,backend-3,true
0.058,message,201,7.640,backend-3,true
0.060,message,201,5.590,backend-1,true
0.061,message,201,4.810,backend-1,true
0.061,message,201,4.670,backend-1,true
0.062,message,201,3.610,backend-1,true
0.061,message,201,4.520,backend-1,true
0.062,message,201,3.560,backend-1,true
0.060,message,201,5.550,backend-3,true
0.055,message,201,10.410,backend-1,true
0.061,message,201,5.000,backend-1,true
0.061,message,201,4.530,backend-1,true
0.058,message,201,7.780,backend-3,true
0.062,message,201,3.730,backend-1,true
0.061,message,201,5.070,backend-1,true
0.060,message,201,5.510,backend-1,true
0.060,message,201,5.560,backend-1,true
0.061,message,201,5.460,backend-1,true
0.061,message,201,4.820,backend-1,true
0.062,message,201,3.740,backend-1,true
0.061,message,201,4.920,backend-1,true
0.060,message,201,5.590,backend-1,true
0.062,message,201,4.080,backend-1,true
0.061,message,201,4.870,backend-1,true
0.061,message,201,5.000,backend-1,true
0.061,feed,200,5.940,backend-3,true
0.062,feed,200,4.390,backend-1,true
0.060,feed,200,6.030,backend-3,true
0.061,feed,200,5.950,backend-3,true
0.060,feed,200,6.100,backend-3,true
0.063,feed,200,4.160,backend-1,true
0.065,feed,200,1.380,backend-1,true
0.066,feed,200,0.760,backend-1,true
0.061,feed,200,6.060,backend-3,true
0.066,feed,200,1.500,backend-1,true
0.066,feed,200,1.440,backend-1,true
0.066,feed,200,1.600,backend-1,true
0.066,feed,200,1.460,backend-1,true
0.061,feed,200,6.250,backend-3,true
0.066,feed,200,1.280,backend-1,true
0.066,feed,200,1.680,backend-1,true
0.064,feed,200,3.410,backend-1,true
0.066,feed,200,1.850,backend-1,true
0.062,feed,200,5.560,backend-1,true
0.062,feed,200,5.540,backend-1,true
0.062,feed,200,5.710,backend-1,true
0.062,feed,200,5.540,backend-1,true
0.062,feed,200,5.740,backend-1,true
0.062,feed,200,5.640,backend-1,true
0.062,feed,200,6.000,backend-1,true
0.062,feed,200,6.100,backend-1,true
0.062,feed,200,6.160,backend-1,true
0.042,message,201,26.600,backend-2,true
0.041,message,201,26.780,backend-2,true
0.062,feed,200,5.850,backend-3,true
0.064,feed,200,4.380,backend-3,true
0.063,feed,200,5.830,backend-1,true
0.042,message,201,26.900,backend-2,true
0.063,feed,200,5.910,backend-1,true
0.039,message,201,29.050,backend-2,true
0.042,message,201,26.870,backend-2,true
0.041,message,201,27.100,backend-2,true
0.042,message,201,26.970,backend-2,true
0.064,feed,200,4.760,backend-3,true
0.063,feed,200,6.050,backend-1,true
0.064,feed,200,4.870,backend-3,true
0.042,message,201,26.980,backend-2,true
0.064,feed,200,4.780,backend-3,true
0.041,message,201,27.240,backend-2,true
0.062,feed,200,6.640,backend-1,true
0.042,message,201,26.780,backend-2,true
0.041,message,201,27.270,backend-2,true
0.041,message,201,27.330,backend-2,true
0.042,message,201,27.040,backend-2,true
0.064,feed,200,4.980,backend-3,true
0.041,message,201,27.710,backend-2,true
0.041,message,201,27.780,backend-2,true
0.064,feed,200,5.290,backend-3,true
0.042,message,201,27.190,backend-2,true
0.064,feed,200,5.120,backend-3,true
0.042,message,201,27.210,backend-2,true
0.064,feed,200,5.020,backend-3,true
0.062,feed,200,6.790,backend-1,true
0.062,feed,200,6.630,backend-1,true
0.064,feed,200,5.370,backend-3,true
0.041,message,201,27.870,backend-2,true
0.064,feed,200,5.210,backend-3,true
0.041,message,201,27.920,backend-2,true
0.037,message,201,31.820,backend-2,true
0.064,feed,200,5.300,backend-3,true
0.064,feed,200,5.120,backend-3,true
0.037,message,201,31.810,backend-2,true
0.062,feed,200,6.910,backend-1,true
0.064,feed,200,5.330,backend-3,true
0.064,feed,200,5.330,backend-3,true
0.042,message,201,27.560,backend-2,true
0.064,feed,200,5.120,backend-3,true
0.040,message,201,29.310,backend-2,true
0.043,message,201,26.430,backend-2,true
0.064,feed,200,5.380,backend-3,true
0.042,message,201,27.910,backend-2,true
0.062,feed,200,7.130,backend-1,true
0.040,message,201,29.640,backend-2,true
0.042,message,201,27.830,backend-2,true
0.064,feed,200,5.090,backend-3,true
0.063,feed,200,6.880,backend-1,true
0.061,message,201,8.870,backend-3,true
0.061,message,201,8.830,backend-3,true
0.061,message,201,8.910,backend-3,true
0.061,message,201,9.450,backend-3,true
0.065,feed,200,4.720,backend-1,true
0.065,feed,200,5.360,backend-1,true
0.061,message,201,8.880,backend-3,true
0.060,message,201,9.780,backend-3,true
0.061,message,201,9.240,backend-3,true
0.061,message,201,9.430,backend-3,true
0.061,message,201,9.580,backend-3,true
0.061,message,201,9.590,backend-3,true
0.060,message,201,9.890,backend-3,true
0.065,feed,200,4.780,backend-1,true
0.061,message,201,9.380,backend-3,true
0.065,feed,200,5.600,backend-1,true
0.065,feed,200,4.840,backend-1,true
0.061,message,201,9.520,backend-3,true
0.058,message,201,12.280,backend-3,true
0.061,message,201,9.450,backend-3,true
0.061,message,201,9.740,backend-3,true
0.061,message,201,9.650,backend-3,true
0.066,feed,200,4.450,backend-1,true
0.066,feed,200,4.480,backend-1,true
0.065,feed,200,5.260,backend-1,true
0.061,message,201,9.560,backend-3,true
0.061,message,201,9.690,backend-3,true
0.058,message,201,12.680,backend-3,true
0.061,message,201,9.570,backend-3,true
0.061,message,201,9.610,backend-3,true
0.066,feed,200,4.610,backend-1,true
0.061,message,201,9.660,backend-3,true
0.066,feed,200,4.640,backend-1,true
0.061,message,201,9.720,backend-3,true
0.064,message,201,7.230,backend-3,true
0.062,message,201,8.730,backend-1,true
0.043,message,201,27.660,backend-2,true
0.062,message,201,8.780,backend-1,true
0.062,message,201,8.730,backend-1,true
0.066,message,201,4.800,backend-1,true
0.062,message,201,8.380,backend-3,true
0.064,message,201,7.320,backend-3,true
0.066,message,201,4.870,backend-1,true
0.063,message,201,8.290,backend-1,true
0.062,message,201,8.690,backend-1,true
0.064,message,201,6.980,backend-3,true
0.064,message,201,7.330,backend-3,true
0.064,message,201,7.450,backend-3,true
0.063,message,201,8.350,backend-1,true
0.064,message,201,7.440,backend-1,true
0.062,message,201,8.900,backend-1,true
0.063,message,201,8.530,backend-1,true
0.066,message,201,5.650,backend-1,true
0.063,message,201,8.650,backend-3,true
0.064,message,201,7.680,backend-3,true
0.066,message,201,5.300,backend-1,true
0.066,message,201,5.660,backend-1,true
0.062,message,201,9.260,backend-1,true
0.064,message,201,7.850,backend-3,true
0.062,message,201,9.200,backend-1,true
0.066,message,201,5.640,backend-1,true
0.063,message,201,8.730,backend-1,true
0.063,message,201,8.630,backend-1,true
0.064,message,201,7.780,backend-1,true
0.062,message,201,9.480,backend-1,true
0.064,message,201,7.600,backend-3,true
0.062,message,201,9.360,backend-1,true
0.064,message,201,7.570,backend-3,true
0.066,message,201,5.600,backend-1,true
0.063,message,201,8.830,backend-1,true
0.062,message,201,9.620,backend-1,true
0.064,message,201,7.960,backend-3,true
0.062,message,201,9.150,backend-1,true
0.066,message,201,5.880,backend-1,true
0.062,message,201,9.420,backend-1,true
0.063,message,201,8.890,backend-1,true
0.064,message,201,8.040,backend-3,true
0.062,message,201,9.650,backend-1,true
0.064,message,201,8.000,backend-3,true
0.064,message,201,8.090,backend-3,true
0.063,message,201,9.110,backend-1,true
0.066,message,201,5.920,backend-1,true
0.064,message,201,8.050,backend-3,true
0.063,message,201,8.890,backend-1,true
0.062,message,201,9.170,backend-1,true
0.063,message,201,8.970,backend-1,true
0.064,message,201,7.690,backend-3,true
0.064,message,201,7.990,backend-1,true
0.063,message,201,8.950,backend-1,true
0.064,message,201,8.000,backend-3,true
0.063,message,201,8.520,backend-3,true
0.062,message,201,9.640,backend-1,true
0.064,message,201,8.000,backend-3,true
0.064,message,201,7.920,backend-3,true
0.063,message,201,8.570,backend-3,true
0.062,message,201,9.650,backend-1,true
0.066,message,201,5.920,backend-1,true
0.064,message,201,8.290,backend-3,true
0.063,message,201,9.320,backend-1,true
0.064,message,201,7.640,backend-1,true
0.066,message,201,6.420,backend-1,true
0.064,message,201,7.970,backend-3,true
0.063,message,201,9.390,backend-1,true
0.065,message,201,6.710,backend-1,true
0.065,message,201,6.730,backend-1,true
0.064,message,201,8.100,backend-3,true
0.064,message,201,7.720,backend-3,true
0.066,message,201,6.010,backend-1,true
0.053,message,201,18.850,backend-1,true
0.071,feed,200,1.750,backend-1,true
0.064,feed,200,8.150,backend-3,true
0.071,feed,200,1.990,backend-1,true
0.043,message,201,29.550,backend-2,true
0.064,feed,200,8.320,backend-3,true
0.071,feed,200,2.190,backend-1,true
0.043,message,201,29.630,backend-2,true
0.043,message,201,29.540,backend-2,true
0.046,message,201,27.310,backend-2,true
0.046,message,201,27.480,backend-2,true
0.046,message,201,27.420,backend-2,true
0.046,message,201,27.480,backend-2,true
0.071,feed,200,2.340,backend-1,true
0.065,feed,200,8.540,backend-3,true
0.065,feed,200,8.560,backend-3,true
0.046,message,201,27.570,backend-2,true
0.046,message,201,26.800,backend-2,true
0.047,message,201,26.760,backend-2,true
0.047,message,201,26.760,backend-2,true
0.046,message,201,26.810,backend-2,true
0.065,feed,200,8.600,backend-3,true
0.065,feed,200,8.720,backend-3,true
0.065,feed,200,8.890,backend-3,true
0.046,message,201,27.300,backend-2,true
0.065,feed,200,9.000,backend-3,true
0.065,feed,200,9.020,backend-3,true
0.065,feed,200,8.990,backend-3,true
0.046,message,201,27.390,backend-2,true
0.065,feed,200,8.990,backend-3,true
0.065,feed,200,9.010,backend-3,true
0.046,message,201,27.320,backend-2,true
0.065,feed,200,9.080,backend-3,true
0.065,feed,200,9.110,backend-3,true
0.065,feed,200,9.030,backend-3,true
0.065,feed,200,9.150,backend-3,true
0.065,feed,200,9.160,backend-3,true
0.065,feed,200,9.020,backend-3,true
0.065,feed,200,9.030,backend-3,true
0.065,feed,200,9.100,backend-3,true
0.065,feed,200,9.100,backend-3,true
0.065,feed,200,9.230,backend-3,true
0.071,feed,200,3.070,backend-1,true
0.071,feed,200,3.790,backend-3,true
0.065,feed,200,9.280,backend-3,true
0.036,message,201,38.880,backend-2,true
0.071,feed,200,3.420,backend-3,true
0.071,feed,200,3.650,backend-3,true
0.069,feed,200,6.330,backend-3,true
0.071,feed,200,3.660,backend-3,true
0.053,message,201,21.920,backend-2,true
0.053,message,201,21.720,backend-2,true
0.053,message,201,21.870,backend-2,true
0.053,message,201,21.990,backend-2,true
0.054,message,201,21.310,backend-2,true
0.054,message,201,21.530,backend-2,true
0.071,feed,200,3.860,backend-1,true
0.053,feed,200,22.990,backend-2,true
0.072,feed,200,4.030,backend-1,true
0.064,message,201,11.460,backend-3,true
0.071,message,201,5.170,backend-1,true
0.067,message,201,9.300,backend-1,true
0.065,message,201,11.390,backend-3,true
0.064,message,201,11.420,backend-3,true
0.064,message,201,11.520,backend-3,true
0.067,message,201,9.370,backend-1,true
0.065,message,201,11.460,backend-3,true
0.071,message,201,5.260,backend-1,true
0.067,message,201,9.270,backend-1,true
0.065,message,201,11.550,backend-3,true
0.065,message,201,11.570,backend-3,true
0.071,message,201,5.250,backend-1,true
0.064,message,201,11.650,backend-3,true
0.067,message,201,8.910,backend-1,true
0.065,message,201,11.120,backend-3,true
0.067,message,201,8.990,backend-1,true
0.065,message,201,11.420,backend-3,true
0.065,message,201,11.460,backend-3,true
0.065,message,201,11.280,backend-3,true
0.065,message,201,11.440,backend-3,true
0.071,message,201,5.610,backend-1,true
0.065,message,201,11.710,backend-3,true
0.065,message,201,11.260,backend-3,true
0.065,message,201,11.270,backend-3,true
0.067,message,201,9.290,backend-1,true
0.054,feed,200,22.720,backend-2,true
0.068,message,201,7.940,backend-3,true
0.068,message,201,7.990,backend-3,true
0.069,message,201,7.880,backend-3,true
0.071,message,201,5.770,backend-3,true
0.065,message,201,11.300,backend-3,true
0.071,message,201,5.620,backend-1,true
0.071,message,201,5.720,backend-3,true
0.065,message,201,11.540,backend-3,true
0.067,message,201,9.350,backend-1,true
0.071,message,201,5.820,backend-1,true
0.071,message,201,5.500,backend-3,true
0.071,message,201,5.740,backend-3,true
0.068,message,201,8.190,backend-3,true
0.071,message,201,5.760,backend-1,true
0.067,message,201,9.490,backend-1,true
0.071,message,201,5.280,backend-3,true
0.071,message,201,5.230,backend-3,true
0.071,message,201,5.630,backend-1,true
0.071,message,201,5.460,backend-3,true
0.071,message,201,5.340,backend-3,true
0.071,message,201,5.990,backend-3,true
0.069,message,201,8.060,backend-3,true
0.071,message,201,5.680,backend-3,true
0.067,message,201,9.550,backend-1,true
0.069,message,201,7.900,backend-3,true
0.069,message,201,7.920,backend-3,true
0.071,message,201,5.790,backend-3,true
0.068,message,201,9.330,backend-1,true
0.076,feed,200,0.940,backend-2,true
0.071,message,201,5.940,backend-3,true
0.069,message,201,8.530,backend-3,true
0.067,message,201,9.900,backend-1,true
0.068,message,201,9.480,backend-1,true
0.069,message,201,8.080,backend-3,true
0.067,message,201,9.740,backend-1,true
0.071,message,201,6.180,backend-1,true
0.069,message,201,8.040,backend-3,true
0.071,message,201,5.820,backend-1,true
0.072,message,201,5.540,backend-3,true
0.068,message,201,9.490,backend-1,true
0.068,message,201,9.720,backend-1,true
0.068,message,201,9.560,backend-1,true
0.072,message,201,5.980,backend-3,true
0.072,message,201,5.950,backend-1,true
0.069,message,201,8.590,backend-3,true
0.069,message,201,8.950,backend-1,true
0.072,message,201,5.980,backend-3,true
0.069,message,201,8.570,backend-3,true
0.069,message,201,8.970,backend-1,true
0.072,message,201,5.940,backend-3,true
0.072,message,201,5.990,backend-3,true
0.071,message,201,6.140,backend-1,true
0.072,message,201,6.040,backend-3,true
0.053,feed,200,24.150,backend-2,true
0.068,message,201,9.190,backend-1,true
0.069,message,201,8.610,backend-3,true
0.072,message,201,6.010,backend-1,true
0.072,message,201,6.100,backend-3,true
0.071,message,201,6.260,backend-1,true
0.068,message,201,9.750,backend-1,true
0.068,message,201,9.530,backend-1,true
0.068,message,201,9.740,backend-1,true
0.071,message,201,6.660,backend-1,true
0.068,message,201,10.100,backend-1,true
0.072,feed,200,5.740,backend-3,true
0.072,message,201,6.300,backend-1,true
0.071,message,201,6.600,backend-1,true
0.071,message,201,6.810,backend-1,true
0.069,message,201,9.440,backend-1,true
0.072,message,201,6.400,backend-1,true
0.069,message,201,9.010,backend-1,true
0.069,message,201,9.430,backend-1,true
0.069,message,201,8.900,backend-1,true
0.071,message,201,7.160,backend-1,true
0.073,feed,200,4.990,backend-3,true
0.069,message,201,9.050,backend-1,true
0.071,message,201,6.960,backend-1,true
0.072,message,201,6.710,backend-1,true
0.072,feed,200,7.180,backend-1,true
0.070,feed,200,9.160,backend-3,true
0.070,feed,200,8.730,backend-1,true
0.070,feed,200,8.790,backend-1,true
0.070,feed,200,8.930,backend-1,true
0.070,feed,200,8.920,backend-1,true
0.070,feed,200,8.870,backend-3,true
0.070,feed,200,8.920,backend-3,true
0.072,feed,200,7.400,backend-3,true
0.070,feed,200,8.940,backend-1,true
0.072,feed,200,7.550,backend-3,true
0.072,feed,200,7.930,backend-3,true
0.071,feed,200,8.850,backend-1,true
0.072,feed,200,7.900,backend-3,true
0.060,feed,200,19.150,backend-2,true
0.072,feed,200,7.940,backend-3,true
0.072,feed,200,7.430,backend-3,true
0.072,feed,200,7.910,backend-3,true
0.072,feed,200,7.450,backend-3,true
0.072,feed,200,7.650,backend-3,true
0.072,feed,200,7.630,backend-3,true
0.076,feed,200,3.970,backend-1,true
0.076,feed,200,4.070,backend-1,true
0.076,feed,200,3.970,backend-1,true
0.076,feed,200,3.930,backend-1,true
0.076,feed,200,3.980,backend-3,true
0.077,feed,200,3.710,backend-3,true
0.077,feed,200,3.680,backend-3,true
0.072,message,201,8.790,backend-1,true
0.070,message,201,10.920,backend-1,true
0.069,message,201,11.580,backend-3,true
0.072,message,201,8.880,backend-3,true
0.071,message,201,9.580,backend-3,true
0.069,message,201,11.940,backend-3,true
0.072,message,201,9.720,backend-1,true
0.070,message,201,11.230,backend-1,true
0.066,message,201,14.930,backend-1,true
0.069,message,201,12.380,backend-3,true
0.067,message,201,14.860,backend-1,true
0.069,message,201,12.570,backend-1,true
0.071,message,201,11.190,backend-1,true
0.053,message,201,28.660,backend-2,true
0.070,message,201,11.830,backend-1,true
0.069,message,201,12.810,backend-3,true
0.071,message,201,11.570,backend-1,true
0.069,message,201,13.200,backend-1,true
0.069,message,201,13.130,backend-1,true
0.067,message,201,15.610,backend-1,true
0.070,message,201,12.200,backend-1,true
0.069,message,201,13.180,backend-3,true
0.069,message,201,13.020,backend-3,true
0.069,message,201,13.040,backend-3,true
0.069,message,201,13.050,backend-3,true
0.078,message,201,4.880,backend-1,true
0.077,message,201,5.980,backend-3,true
0.053,message,201,29.980,backend-2,true
0.054,message,201,28.890,backend-2,true
0.072,message,201,11.690,backend-3,true
0.076,feed,200,6.850,backend-3,true
0.076,message,201,7.380,backend-1,true
0.072,message,201,11.230,backend-3,true
0.076,message,201,7.030,backend-3,true
0.076,message,201,7.370,backend-1,true
0.073,message,201,10.690,backend-3,true
0.070,message,201,13.240,backend-3,true
0.078,message,201,5.730,backend-1,true
0.073,message,201,10.680,backend-1,true
0.076,message,201,6.880,backend-3,true
0.078,message,201,5.810,backend-1,true
0.053,message,201,30.160,backend-2,true
0.072,feed,200,11.300,backend-1,true
0.077,feed,200,6.710,backend-3,true
0.075,message,201,8.360,backend-3,true
0.073,message,201,10.600,backend-1,true
0.075,message,201,8.590,backend-3,true
0.054,message,201,29.920,backend-2,true
0.076,message,201,7.520,backend-2,true
0.073,message,201,10.790,backend-3,true
0.069,message,201,14.270,backend-3,true
0.069,message,201,14.890,backend-1,true
0.069,message,201,14.400,backend-1,true
0.069,message,201,14.890,backend-3,true
0.069,message,201,14.930,backend-1,true
0.069,message,201,14.460,backend-1,true
0.063,feed,200,20.830,backend-1,true
0.082,feed,200,1.930,backend-1,true
0.076,message,201,7.540,backend-2,true
0.076,feed,200,7.380,backend-3,true
0.069,message,201,14.410,backend-3,true
0.069,message,201,14.450,backend-1,true
0.069,message,201,15.030,backend-3,true
0.069,message,201,14.200,backend-3,true
0.070,message,201,13.560,backend-3,true
0.076,message,201,7.710,backend-1,true
0.068,message,201,15.600,backend-1,true
0.073,message,201,10.880,backend-3,true
0.070,message,201,14.300,backend-3,true
0.074,message,201,10.070,backend-3,true
0.076,message,201,7.760,backend-2,true
0.076,message,201,7.780,backend-2,true
0.069,message,201,14.850,backend-1,true
0.076,feed,200,7.660,backend-3,true
0.073,message,201,10.790,backend-3,true
0.068,message,201,15.820,backend-1,true
0.074,message,201,9.840,backend-3,true
0.037,message,201,46.640,backend-2,true
0.074,message,201,10.160,backend-3,true
0.068,message,201,15.820,backend-1,true
0.068,message,201,15.850,backend-1,true
0.069,message,201,14.830,backend-3,true
0.067,message,201,17.510,backend-1,true
0.053,message,201,30.670,backend-1,true
0.066,message,201,17.560,backend-1,true
0.072,message,201,11.950,backend-1,true
0.068,message,201,15.960,backend-1,true
0.069,message,201,15.440,backend-3,true
0.073,message,201,11.040,backend-3,true
0.072,feed,200,12.000,backend-1,true
0.067,message,201,16.940,backend-1,true
0.077,feed,200,7.100,backend-3,true
0.073,feed,200,11.020,backend-1,true
0.072,feed,200,12.070,backend-1,true
0.078,feed,200,6.610,backend-3,true
0.077,feed,200,7.130,backend-3,true
0.083,feed,200,0.880,backend-1,true
0.070,message,201,14.000,backend-3,true
0.076,message,201,7.750,backend-1,true
0.073,message,201,11.400,backend-1,true
0.072,message,201,12.700,backend-3,true
0.076,message,201,8.040,backend-1,true
0.074,message,201,10.030,backend-1,true
0.071,message,201,13.710,backend-3,true
0.070,message,201,14.210,backend-1,true
0.072,message,201,12.230,backend-3,true
0.077,feed,200,7.670,backend-3,true
0.076,message,201,8.230,backend-1,true
0.077,message,201,7.320,backend-1,true
0.072,message,201,12.380,backend-3,true
0.076,message,201,8.360,backend-1,true
0.076,message,201,8.170,backend-1,true
0.077,message,201,7.860,backend-3,true
0.072,feed,200,12.380,backend-1,true
0.073,message,201,11.130,backend-3,true
0.076,message,201,8.280,backend-3,true
0.075,message,201,9.370,backend-1,true
0.076,message,201,8.600,backend-1,true
0.076,message,201,8.340,backend-3,true
0.077,feed,200,7.950,backend-3,true
0.074,message,201,10.240,backend-3,true
0.072,message,201,12.500,backend-3,true
0.073,message,201,11.460,backend-3,true
0.076,message,201,8.720,backend-1,true
0.054,message,201,30.340,backend-2,true
0.078,feed,200,6.950,backend-3,true
0.078,feed,200,7.040,backend-3,true
0.054,message,201,30.370,backend-2,true
0.083,feed,200,1.240,backend-1,true
0.076,message,201,8.350,backend-3,true
0.073,message,201,11.350,backend-3,true
0.054,message,201,30.740,backend-2,true
0.084,feed,200,0.980,backend-1,true
0.070,message,201,14.530,backend-3,true
0.054,message,201,30.410,backend-2,true
0.075,message,201,9.890,backend-3,true
0.078,message,201,7.280,backend-1,true
0.075,message,201,10.030,backend-3,true
0.078,message,201,6.940,backend-1,true
0.076,message,201,9.300,backend-1,true
0.078,message,201,7.120,backend-1,true
0.077,message,201,8.380,backend-3,true
0.078,message,201,6.740,backend-1,true
0.078,message,201,6.960,backend-1,true
0.078,message,201,6.840,backend-1,true
0.077,message,201,8.480,backend-3,true
0.078,message,201,7.220,backend-1,true
0.079,message,201,6.100,backend-1,true
0.076,message,201,8.770,backend-3,true
0.079,message,201,6.170,backend-1,true
0.072,message,201,13.120,backend-1,true
0.079,message,201,6.010,backend-1,true
0.072,message,201,13.190,backend-1,true
0.079,message,201,6.260,backend-1,true
0.079,message,201,6.440,backend-1,true
0.076,message,201,8.830,backend-3,true
0.072,message,201,13.180,backend-1,true
0.073,message,201,12.560,backend-1,true
0.080,message,201,5.400,backend-1,true
0.080,message,201,5.990,backend-1,true
0.072,message,201,13.140,backend-1,true
0.080,message,201,5.280,backend-1,true
0.077,message,201,8.990,backend-3,true
0.077,message,201,8.890,backend-3,true
0.072,message,201,13.520,backend-1,true
0.078,message,201,7.980,backend-3,true
0.073,message,201,12.760,backend-1,true
0.080,message,201,5.670,backend-1,true
0.052,message,201,33.630,backend-1,true
0.077,message,201,8.560,backend-3,true
0.080,message,201,5.670,backend-1,true
0.073,message,201,12.490,backend-1,true
0.076,message,201,9.170,backend-3,true
0.072,message,201,13.560,backend-1,true
0.077,message,201,8.410,backend-3,true
0.077,message,201,8.980,backend-3,true
0.080,message,201,5.780,backend-1,true
0.077,message,201,8.990,backend-3,true
0.083,message,201,2.670,backend-1,true
0.084,message,201,2.450,backend-1,true
0.079,message,201,7.390,backend-3,true
0.082,message,201,4.310,backend-1,true
0.077,message,201,9.070,backend-3,true
0.079,message,201,7.280,backend-3,true
0.077,message,201,9.030,backend-3,true
0.083,message,201,2.710,backend-1,true
0.083,message,201,3.640,backend-1,true
0.079,message,201,7.160,backend-3,true
0.079,message,201,7.140,backend-3,true
0.082,message,201,4.600,backend-1,true
0.062,message,201,24.080,backend-1,true
0.083,message,201,2.930,backend-1,true
0.083,message,201,2.860,backend-1,true
0.080,message,201,6.550,backend-3,true
0.079,message,201,7.300,backend-3,true
0.084,message,201,2.660,backend-1,true
0.077,message,201,9.180,backend-3,true
0.081,message,201,5.300,backend-1,true
0.081,message,201,5.030,backend-1,true
0.083,message,201,3.740,backend-1,true
0.063,message,201,23.520,backend-1,true
0.084,message,201,2.810,backend-1,true
0.078,message,201,8.090,backend-3,true
0.083,message,201,3.090,backend-1,true
0.082,message,201,4.040,backend-1,true
0.082,message,201,3.980,backend-1,true
0.081,message,201,5.320,backend-1,true
0.078,message,201,8.740,backend-3,true
0.082,message,201,4.310,backend-1,true
0.083,message,201,3.100,backend-1,true
0.078,message,201,8.820,backend-3,true
0.078,message,201,8.970,backend-3,true
0.058,message,201,28.740,backend-2,true
0.077,message,201,9.590,backend-3,true
0.078,message,201,9.090,backend-3,true
0.078,message,201,9.210,backend-3,true
0.054,message,201,32.660,backend-2,true
0.078,message,201,9.320,backend-3,true
0.078,message,201,9.280,backend-3,true
0.078,message,201,9.350,backend-3,true
0.054,message,201,33.070,backend-2,true
0.053,message,201,33.590,backend-2,true
0.078,message,201,9.530,backend-3,true
0.060,message,201,26.710,backend-2,true
0.077,message,201,9.870,backend-3,true
0.080,message,201,7.570,backend-3,true
0.060,message,201,26.940,backend-2,true
0.077,message,201,9.950,backend-3,true
0.084,feed,200,3.070,backend-1,true
0.077,message,201,10.000,backend-3,true
0.058,message,201,29.160,backend-2,true
0.058,message,201,29.280,backend-2,true
0.077,message,201,10.040,backend-3,true
0.086,feed,200,1.690,backend-1,true
0.074,message,201,12.720,backend-3,true
0.080,message,201,7.690,backend-3,true
0.058,message,201,29.210,backend-2,true
0.084,feed,200,3.120,backend-1,true
0.077,message,201,10.080,backend-3,true
0.076,message,201,11.570,backend-3,true
0.058,message,201,29.290,backend-2,true
0.074,message,201,13.000,backend-3,true
0.084,feed,200,3.030,backend-1,true
0.060,message,201,26.870,backend-2,true
0.086,feed,200,1.700,backend-1,true
0.058,message,201,29.500,backend-2,true
0.080,message,201,7.710,backend-3,true
0.080,message,201,7.750,backend-3,true
0.060,message,201,27.060,backend-2,true
0.054,message,201,32.930,backend-2,true
0.074,message,201,13.010,backend-3,true
0.058,message,201,29.470,backend-2,true
0.080,message,201,7.780,backend-3,true
0.080,message,201,7.750,backend-3,true
0.079,message,201,7.840,backend-3,true
0.085,feed,200,3.210,backend-1,true
0.084,feed,200,3.530,backend-1,true
0.084,feed,200,3.710,backend-1,true
0.078,feed,200,9.970,backend-3,true
0.078,feed,200,10.070,backend-3,true
0.084,feed,200,3.570,backend-1,true
0.085,feed,200,3.490,backend-1,true
0.085,feed,200,3.240,backend-1,true
0.084,feed,200,4.180,backend-3,true
0.080,feed,200,8.310,backend-3,true
0.037,message,201,52.260,backend-2,true
0.082,feed,200,8.550,backend-3,true
0.086,message,201,4.900,backend-3,true
0.082,message,201,8.170,backend-3,true
0.083,feed,200,7.150,backend-3,true
0.078,message,201,12.650,backend-3,true
0.081,message,201,9.050,backend-3,true
0.084,message,201,6.230,backend-1,true
0.084,message,201,6.340,backend-1,true
0.084,message,201,6.940,backend-3,true
0.085,message,201,6.060,backend-1,true
0.084,message,201,6.160,backend-1,true
0.086,message,201,5.020,backend-1,true
0.085,message,201,5.340,backend-1,true
0.085,message,201,5.370,backend-1,true
0.078,message,201,12.690,backend-3,true
0.078,message,201,12.370,backend-3,true
0.083,feed,200,7.260,backend-3,true
0.085,message,201,5.440,backend-1,true
0.087,feed,200,3.910,backend-1,true
0.078,message,201,12.700,backend-3,true
0.085,message,201,5.380,backend-1,true
0.084,message,201,6.150,backend-1,true
0.084,message,201,6.460,backend-1,true
0.084,message,201,6.120,backend-1,true
0.070,message,201,20.550,backend-1,true
0.085,message,201,5.570,backend-1,true
0.085,message,201,6.090,backend-1,true
0.084,message,201,6.430,backend-1,true
0.084,message,201,6.320,backend-1,true
0.084,message,201,6.620,backend-1,true
0.084,message,201,6.380,backend-1,true
0.083,feed,200,7.740,backend-3,true
0.084,message,201,6.290,backend-1,true
0.080,message,201,11.020,backend-3,true
0.085,message,201,6.070,backend-1,true
0.085,message,201,6.090,backend-1,true
0.086,message,201,5.220,backend-1,true
0.085,message,201,5.500,backend-3,true
0.086,feed,200,5.170,backend-3,true
0.084,message,201,6.650,backend-1,true
0.082,feed,200,8.630,backend-3,true
0.084,message,201,6.420,backend-1,true
0.084,message,201,6.500,backend-1,true
0.085,message,201,6.160,backend-1,true
0.084,feed,200,7.280,backend-3,true
0.084,message,201,7.230,backend-3,true
0.084,message,201,6.520,backend-1,true
0.084,message,201,6.740,backend-1,true
0.079,message,201,11.920,backend-3,true
0.084,message,201,7.850,backend-1,true
0.078,message,201,14.400,backend-3,true
0.086,message,201,5.760,backend-1,true
0.078,message,201,14.480,backend-3,true
0.086,feed,200,5.820,backend-1,true
0.082,message,201,9.720,backend-3,true
0.085,message,201,7.010,backend-3,true
0.086,message,201,6.640,backend-3,true
0.085,message,201,7.130,backend-1,true
0.082,feed,200,10.210,backend-3,true
0.085,message,201,7.620,backend-3,true
0.083,message,201,8.940,backend-3,true
0.078,message,201,14.460,backend-3,true
0.086,message,201,6.760,backend-3,true
0.087,feed,200,5.470,backend-1,true
0.085,message,201,7.250,backend-1,true
0.086,feed,200,6.760,backend-3,true
0.083,message,201,8.890,backend-3,true
0.086,message,201,6.800,backend-3,true
0.085,message,201,7.470,backend-1,true
0.085,message,201,7.300,backend-1,true
0.080,message,201,12.360,backend-3,true
0.081,message,201,10.970,backend-3,true
0.083,message,201,9.020,backend-3,true
0.084,message,201,8.240,backend-1,true
0.081,message,201,11.600,backend-3,true
0.070,message,201,22.940,backend-1,true
0.086,feed,200,6.230,backend-1,true
0.085,message,201,7.780,backend-1,true
0.086,message,201,6.350,backend-1,true
0.078,message,201,14.890,backend-3,true
0.083,message,201,9.210,backend-3,true
0.086,message,201,6.960,backend-3,true
0.086,message,201,6.990,backend-3,true
0.083,message,201,10.020,backend-3,true
0.086,message,201,7.010,backend-1,true
0.086,message,201,6.920,backend-3,true
0.083,message,201,9.240,backend-3,true
0.083,message,201,9.150,backend-3,true
0.084,message,201,8.530,backend-1,true
0.087,feed,200,5.590,backend-1,true
0.086,message,201,6.310,backend-1,true
0.083,message,201,9.180,backend-3,true
0.087,feed,200,5.570,backend-1,true
0.087,feed,200,5.530,backend-1,true
0.083,message,201,9.210,backend-3,true
0.084,feed,200,8.920,backend-3,true
0.083,message,201,9.150,backend-3,true
0.080,message,201,12.240,backend-3,true
0.083,message,201,9.400,backend-3,true
0.083,message,201,9.210,backend-3,true
0.085,message,201,8.060,backend-3,true
0.085,message,201,8.090,backend-1,true
0.078,message,201,14.730,backend-3,true
0.084,message,201,8.330,backend-3,true
0.084,message,201,8.810,backend-1,true
0.086,message,201,7.120,backend-1,true
0.085,feed,200,7.780,backend-2,true
0.085,message,201,7.490,backend-3,true
0.084,feed,200,8.310,backend-3,true
0.078,message,201,14.940,backend-3,true
0.084,message,201,8.610,backend-1,true
0.087,feed,200,5.520,backend-1,true
0.083,message,201,9.290,backend-3,true
0.083,feed,200,9.400,backend-3,true
0.087,feed,200,5.590,backend-1,true
0.084,message,201,8.860,backend-1,true
0.082,message,201,10.470,backend-3,true
0.085,message,201,7.680,backend-1,true
0.077,feed,200,16.110,backend-2,true
0.086,message,201,7.200,backend-1,true
0.085,message,201,7.730,backend-1,true
0.084,feed,200,8.900,backend-3,true
0.084,feed,200,8.810,backend-3,true
0.083,message,201,9.670,backend-3,true
0.084,message,201,9.440,backend-3,true
0.086,message,201,7.400,backend-1,true
0.086,message,201,7.380,backend-1,true
0.086,message,201,7.280,backend-1,true
0.086,message,201,7.360,backend-1,true
0.087,message,201,6.850,backend-1,true
0.086,message,201,7.300,backend-1,true
0.086,message,201,7.440,backend-1,true
0.086,message,201,7.510,backend-1,true
0.086,message,201,7.480,backend-1,true
0.086,message,201,7.380,backend-1,true
0.087,message,201,6.630,backend-1,true
0.084,feed,200,9.630,backend-2,true
0.087,message,201,7.100,backend-1,true
0.088,message,201,5.690,backend-1,true
0.086,message,201,7.390,backend-1,true
0.086,message,201,7.350,backend-1,true
0.086,message,201,7.480,backend-1,true
0.086,message,201,7.330,backend-1,true
0.087,message,201,6.580,backend-1,true
0.087,message,201,7.200,backend-1,true
0.086,message,201,7.630,backend-1,true
0.087,message,201,7.280,backend-1,true
0.086,message,201,7.550,backend-1,true
0.086,message,201,7.660,backend-1,true
0.087,message,201,6.660,backend-1,true
0.087,message,201,6.640,backend-1,true
0.086,message,201,7.440,backend-1,true
0.086,message,201,7.540,backend-1,true
0.086,message,201,7.680,backend-1,true
0.086,message,201,7.680,backend-1,true
0.091,feed,200,3.180,backend-3,true
0.087,message,201,7.160,backend-1,true
0.087,message,201,7.030,backend-1,true
0.086,message,201,7.770,backend-1,true
0.086,message,201,7.930,backend-1,true
0.086,message,201,8.000,backend-1,true
0.086,message,201,7.950,backend-1,true
0.086,message,201,8.030,backend-1,true
0.087,message,201,7.190,backend-1,true
0.086,message,201,8.060,backend-1,true
0.086,message,201,8.070,backend-1,true
0.086,message,201,8.200,backend-1,true
0.086,message,201,7.950,backend-1,true
0.087,message,201,7.030,backend-1,true
0.087,message,201,7.240,backend-1,true
0.087,message,201,7.360,backend-1,true
0.087,message,201,7.500,backend-1,true
0.087,message,201,7.590,backend-1,true
0.087,message,201,7.480,backend-1,true
0.087,message,201,7.510,backend-1,true
0.087,message,201,7.580,backend-1,true
0.087,message,201,7.600,backend-1,true
0.086,feed,200,9.690,backend-2,true
0.076,feed,200,19.210,backend-2,true
0.084,message,201,11.840,backend-3,true
0.091,feed,200,4.790,backend-1,true
0.084,message,201,12.240,backend-3,true
0.077,feed,200,19.260,backend-2,true
0.093,feed,200,3.220,backend-1,true
0.083,message,201,12.540,backend-3,true
0.092,feed,200,3.620,backend-1,true
0.084,message,201,12.400,backend-3,true
0.094,feed,200,2.310,backend-1,true
0.076,feed,200,19.630,backend-2,true
0.084,message,201,12.390,backend-3,true
0.083,message,201,12.660,backend-3,true
0.084,message,201,12.510,backend-3,true
0.084,message,201,12.580,backend-3,true
0.084,message,201,12.460,backend-3,true
0.084,message,201,12.640,backend-3,true
0.077,feed,200,19.940,backend-2,true
0.094,feed,200,2.750,backend-1,true
0.094,feed,200,2.870,backend-1,true
0.084,message,201,12.840,backend-3,true
0.094,feed,200,2.590,backend-1,true
0.094,feed,200,2.690,backend-1,true
0.084,message,201,13.150,backend-3,true
0.087,message,201,9.940,backend-1,true
0.087,message,201,9.950,backend-1,true
0.084,message,201,13.350,backend-3,true
0.087,message,201,10.100,backend-1,true
0.070,message,201,27.600,backend-1,true
0.084,message,201,13.400,backend-3,true
0.087,message,201,10.030,backend-1,true
0.092,message,201,4.890,backend-1,true
0.087,message,201,10.070,backend-1,true
0.093,message,201,4.580,backend-1,true
0.093,message,201,4.810,backend-1,true
0.092,message,201,4.990,backend-1,true
0.092,message,201,5.080,backend-1,true
0.092,message,201,5.140,backend-1,true
0.092,message,201,5.000,backend-1,true
0.091,message,201,6.500,backend-1,true
0.093,message,201,4.890,backend-1,true
0.092,message,201,5.060,backend-1,true
0.092,message,201,5.340,backend-1,true
0.092,message,201,5.220,backend-1,true
0.093,message,201,4.830,backend-1,true
0.093,message,201,4.870,backend-1,true
0.093,message,201,4.900,backend-1,true
0.093,message,201,5.000,backend-1,true
0.093,message,201,4.940,backend-1,true
0.093,message,201,5.050,backend-1,true
0.093,message,201,4.870,backend-1,true
0.093,message,201,5.140,backend-1,true
0.093,message,201,5.100,backend-1,true
0.093,message,201,5.120,backend-1,true
0.092,message,201,5.480,backend-1,true
0.094,message,201,4.080,backend-1,true
0.091,message,201,7.290,backend-1,true
0.094,message,201,4.150,backend-1,true
0.094,message,201,4.200,backend-1,true
0.094,message,201,4.050,backend-1,true
0.094,message,201,4.330,backend-1,true
0.094,message,201,4.170,backend-1,true
0.094,message,201,4.180,backend-1,true
0.094,message,201,4.250,backend-1,true
0.093,message,201,5.540,backend-1,true
0.095,message,201,3.560,backend-1,true
0.092,message,201,5.820,backend-1,true
0.091,message,201,7.700,backend-1,true
0.081,message,201,16.820,backend-3,true
0.094,message,201,4.110,backend-1,true
0.092,message,201,6.120,backend-1,true
0.095,message,201,3.750,backend-1,true
0.084,message,201,14.370,backend-3,true
0.095,message,201,3.510,backend-1,true
0.095,message,201,3.480,backend-1,true
0.094,message,201,4.130,backend-1,true
0.095,message,201,3.500,backend-1,true
0.084,message,201,14.410,backend-3,true
0.094,message,201,4.100,backend-1,true
0.084,message,201,14.470,backend-3,true
0.084,message,201,14.530,backend-3,true
0.083,message,201,16.010,backend-3,true
0.084,message,201,14.730,backend-3,true
0.091,feed,200,8.140,backend-1,true
0.093,feed,200,6.420,backend-1,true
0.084,message,201,14.870,backend-3,true
0.092,feed,200,6.580,backend-1,true
0.093,feed,200,6.450,backend-1,true
0.085,message,201,14.100,backend-2,true
0.084,message,201,14.990,backend-3,true
0.081,message,201,18.000,backend-2,true
0.085,message,201,14.450,backend-2,true
0.084,message,201,15.110,backend-3,true
0.080,message,201,18.950,backend-2,true
0.084,message,201,15.090,backend-3,true
0.085,message,201,14.980,backend-3,true
0.097,feed,200,2.300,backend-1,true
0.084,message,201,15.490,backend-2,true
0.097,feed,200,2.250,backend-1,true
0.085,message,201,15.040,backend-2,true
0.085,message,201,15.170,backend-3,true
0.097,feed,200,2.340,backend-1,true
0.098,feed,200,2.210,backend-1,true
0.086,message,201,14.250,backend-2,true
0.098,feed,200,2.240,backend-1,true
0.085,message,201,15.410,backend-2,true
0.098,feed,200,1.820,backend-1,true
0.085,message,201,15.380,backend-3,true
0.085,message,201,15.430,backend-3,true
0.084,message,201,16.160,backend-2,true
0.096,feed,200,3.920,backend-1,true
0.077,message,201,23.540,backend-2,true
0.077,message,201,23.720,backend-2,true
0.089,message,201,11.470,backend-1,true
0.098,feed,200,2.530,backend-1,true
0.091,message,201,9.720,backend-1,true
0.090,message,201,10.000,backend-1,true
0.077,message,201,23.300,backend-2,true
0.091,message,201,9.750,backend-1,true
0.091,message,201,9.950,backend-1,true
0.091,message,201,9.800,backend-1,true
0.091,message,201,9.870,backend-3,true
0.091,message,201,9.610,backend-1,true
0.091,message,201,9.790,backend-1,true
0.077,message,201,23.460,backend-2,true
0.091,message,201,10.090,backend-3,true
0.092,message,201,8.360,backend-1,true
0.091,message,201,10.290,backend-1,true
0.091,message,201,10.320,backend-3,true
0.091,message,201,10.150,backend-3,true
0.092,message,201,8.880,backend-3,true
0.092,message,201,8.670,backend-1,true
0.091,message,201,10.160,backend-1,true
0.092,message,201,8.650,backend-1,true
0.091,message,201,10.130,backend-1,true
0.092,message,201,8.770,backend-1,true
0.091,message,201,10.330,backend-3,true
0.096,message,201,5.170,backend-1,true
0.097,message,201,3.700,backend-1,true
0.097,message,201,3.530,backend-1,true
0.097,message,201,3.550,backend-1,true
0.094,message,201,7.220,backend-1,true
0.097,message,201,3.680,backend-1,true
0.070,message,201,30.900,backend-1,true
0.092,message,201,8.870,backend-3,true
0.098,message,201,2.590,backend-1,true
0.092,message,201,8.590,backend-1,true
0.091,message,201,10.390,backend-3,true
0.093,message,201,8.430,backend-1,true
0.091,message,201,10.360,backend-3,true
0.093,message,201,8.440,backend-1,true
0.098,message,201,3.750,backend-1,true
0.091,message,201,10.800,backend-3,true
0.098,message,201,2.990,backend-1,true
0.096,message,201,5.340,backend-1,true
0.097,message,201,3.970,backend-1,true
0.097,message,201,4.020,backend-1,true
0.091,message,201,10.800,backend-3,true
0.096,message,201,5.430,backend-1,true
0.091,message,201,10.800,backend-3,true
0.091,message,201,10.750,backend-3,true
0.097,message,201,4.000,backend-1,true
0.097,message,201,3.900,backend-1,true
0.098,message,201,3.840,backend-1,true
0.091,message,201,10.700,backend-3,true
0.091,message,201,10.600,backend-3,true
0.091,message,201,10.680,backend-3,true
0.091,message,201,10.760,backend-3,true
0.091,message,201,10.770,backend-3,true
0.098,message,201,3.780,backend-1,true
0.096,message,201,5.540,backend-1,true
0.098,message,201,3.990,backend-1,true
0.092,message,201,9.650,backend-3,true
0.091,message,201,10.980,backend-3,true
0.098,message,201,4.170,backend-1,true
0.096,message,201,5.320,backend-1,true
0.098,message,201,3.850,backend-1,true
0.098,message,201,3.490,backend-1,true
0.098,message,201,3.980,backend-1,true
0.098,message,201,3.850,backend-1,true
0.098,message,201,3.540,backend-1,true
0.077,message,201,24.690,backend-2,true
0.098,message,201,3.580,backend-1,true
0.098,message,201,4.130,backend-1,true
0.098,message,201,4.050,backend-1,true
0.091,message,201,11.210,backend-3,true
0.098,message,201,4.070,backend-1,true
0.098,message,201,3.960,backend-1,true
0.098,feed,200,3.690,backend-1,true
0.097,feed,200,5.310,backend-1,true
0.098,feed,200,3.880,backend-1,true
0.098,feed,200,3.960,backend-1,true
0.085,message,201,16.910,backend-2,true
0.077,message,201,24.920,backend-2,true
0.096,feed,200,6.210,backend-1,true
0.096,feed,200,6.220,backend-1,true
0.091,feed,200,11.640,backend-3,true
0.096,feed,200,6.130,backend-1,true
0.085,message,201,17.290,backend-2,true
0.099,feed,200,3.820,backend-1,true
0.085,message,201,17.320,backend-2,true
0.070,feed,200,32.500,backend-1,true
0.091,feed,200,11.870,backend-3,true
0.086,message,201,17.150,backend-2,true
0.101,feed,200,1.720,backend-1,true
0.040,message,201,62.510,backend-2,true
0.101,feed,200,2.040,backend-1,true
0.101,feed,200,1.970,backend-1,true
0.091,feed,200,12.450,backend-3,true
0.101,feed,200,1.780,backend-1,true
0.101,feed,200,2.040,backend-1,true
0.102,feed,200,1.580,backend-1,true
0.102,feed,200,1.590,backend-1,true
0.102,feed,200,1.840,backend-1,true
0.098,message,201,5.660,backend-1,true
0.097,message,201,7.010,backend-1,true
0.098,message,201,5.660,backend-1,true
0.098,message,201,5.490,backend-1,true
0.098,message,201,5.520,backend-1,true
0.092,feed,200,11.310,backend-2,true
0.098,message,201,5.800,backend-1,true
0.098,message,201,5.540,backend-1,true
0.098,message,201,5.710,backend-1,true
0.098,message,201,5.580,backend-1,true
0.099,message,201,4.860,backend-1,true
0.098,message,201,5.780,backend-1,true
0.099,message,201,4.890,backend-1,true
0.099,message,201,4.890,backend-1,true
0.099,message,201,4.890,backend-1,true
0.097,message,201,7.180,backend-1,true
0.095,message,201,8.710,backend-1,true
0.097,message,201,7.500,backend-1,true
0.097,message,201,6.990,backend-1,true
0.097,message,201,7.340,backend-1,true
0.098,message,201,5.980,backend-1,true
0.099,message,201,5.130,backend-1,true
0.101,message,201,3.380,backend-1,true
0.101,message,201,3.320,backend-1,true
0.101,message,201,3.430,backend-1,true
0.101,message,201,3.470,backend-1,true
0.100,message,201,4.700,backend-1,true
0.101,message,201,3.110,backend-1,true
0.100,message,201,4.710,backend-1,true
0.101,message,201,3.550,backend-1,true
0.099,message,201,5.110,backend-1,true
0.101,message,201,3.140,backend-1,true
0.100,message,201,4.860,backend-1,true
0.101,message,201,3.550,backend-1,true
0.101,message,201,3.240,backend-1,true
0.101,message,201,3.250,backend-1,true
0.100,message,201,4.700,backend-1,true
0.101,message,201,3.340,backend-1,true
0.101,feed,200,3.740,backend-3,true
0.102,feed,200,2.870,backend-3,true
0.101,message,201,3.410,backend-1,true
0.101,message,201,3.470,backend-1,true
0.101,message,201,3.580,backend-1,true
0.100,message,201,4.920,backend-1,true
0.102,message,201,3.320,backend-1,true
0.102,message,201,3.310,backend-1,true
0.100,message,201,4.960,backend-1,true
0.101,message,201,3.720,backend-1,true
0.102,message,201,3.170,backend-1,true
0.102,message,201,3.400,backend-1,true
0.102,message,201,3.190,backend-1,true
0.101,feed,200,4.210,backend-3,true
0.102,message,201,3.310,backend-1,true
0.102,message,201,3.460,backend-1,true
0.102,feed,200,3.520,backend-1,true
0.100,feed,200,4.910,backend-2,true
0.100,feed,200,4.980,backend-2,true
0.101,feed,200,4.150,backend-3,true
0.099,feed,200,6.210,backend-1,true
0.092,feed,200,13.480,backend-2,true
0.093,feed,200,13.190,backend-2,true
0.101,feed,200,4.580,backend-3,true
0.100,feed,200,5.980,backend-1,true
0.101,feed,200,5.140,backend-1,true
0.101,feed,200,5.320,backend-1,true
0.101,feed,200,5.630,backend-1,true
0.101,feed,200,5.300,backend-1,true
0.091,feed,200,15.260,backend-3,true
0.101,feed,200,5.010,backend-1,true
0.095,feed,200,11.640,backend-2,true
0.071,feed,200,35.890,backend-1,true
0.104,feed,200,2.400,backend-1,true
0.104,feed,200,2.490,backend-1,true
0.096,feed,200,10.590,backend-2,true
0.105,feed,200,2.410,backend-1,true
0.105,feed,200,2.330,backend-1,true
0.097,feed,200,9.730,backend-2,true
0.105,feed,200,2.010,backend-1,true
0.102,message,201,5.020,backend-1,true
0.102,message,201,5.030,backend-1,true
0.102,message,201,5.420,backend-1,true
0.102,message,201,4.870,backend-1,true
0.102,message,201,5.000,backend-1,true
0.099,message,201,8.130,backend-1,true
0.102,message,201,5.000,backend-1,true
0.100,message,201,7.670,backend-1,true
0.100,message,201,7.760,backend-1,true
0.100,message,201,7.750,backend-1,true
0.099,message,201,8.010,backend-1,true
0.099,message,201,8.140,backend-1,true
0.100,message,201,7.310,backend-1,true
0.100,message,201,7.470,backend-1,true
0.100,message,201,7.370,backend-1,true
0.100,message,201,7.430,backend-1,true
0.100,message,201,8.040,backend-1,true
0.100,message,201,7.350,backend-1,true
0.101,message,201,6.690,backend-1,true
0.100,message,201,7.250,backend-1,true
0.101,message,201,6.740,backend-1,true
0.101,message,201,7.110,backend-1,true
0.101,message,201,6.930,backend-1,true
0.101,message,201,6.520,backend-1,true
0.102,message,201,6.080,backend-1,true
0.101,message,201,6.640,backend-1,true
0.105,message,201,3.350,backend-1,true
0.105,message,201,3.260,backend-1,true
0.102,message,201,5.990,backend-1,true
0.102,message,201,5.980,backend-1,true
0.102,message,201,6.160,backend-1,true
0.104,message,201,3.720,backend-1,true
0.105,message,201,3.580,backend-1,true
0.104,message,201,3.910,backend-1,true
0.103,message,201,5.360,backend-1,true
0.104,message,201,3.770,backend-1,true
0.104,message,201,3.750,backend-1,true
0.105,message,201,3.760,backend-1,true
0.104,message,201,3.820,backend-1,true
0.104,message,201,3.840,backend-1,true
0.098,feed,200,10.470,backend-2,true
0.104,message,201,3.860,backend-1,true
0.105,message,201,3.190,backend-1,true
0.093,feed,200,16.090,backend-3,true
0.105,message,201,3.660,backend-1,true
0.103,message,201,5.610,backend-1,true
0.104,message,201,5.260,backend-1,true
0.093,feed,200,16.010,backend-3,true
0.104,message,201,4.420,backend-1,true
0.103,message,201,5.500,backend-1,true
0.105,message,201,4.210,backend-1,true
0.098,feed,200,10.610,backend-2,true
0.105,feed,200,4.080,backend-1,true
0.104,message,201,4.630,backend-1,true
0.093,feed,200,16.440,backend-3,true
0.103,message,201,6.060,backend-1,true
0.105,feed,200,4.380,backend-1,true
0.104,feed,200,5.810,backend-1,true
0.093,feed,200,16.710,backend-3,true
0.093,feed,200,16.880,backend-3,true
0.091,message,201,19.120,backend-2,true
0.093,feed,200,17.040,backend-3,true
0.104,feed,200,5.940,backend-1,true
0.099,message,201,10.700,backend-2,true
0.093,message,201,17.160,backend-2,true
0.104,feed,200,6.150,backend-1,true
0.104,feed,200,5.840,backend-1,true
0.099,message,201,10.550,backend-2,true
0.100,message,201,10.470,backend-2,true
0.095,message,201,14.730,backend-2,true
0.095,message,201,14.880,backend-2,true
0.096,message,201,14.200,backend-2,true
0.096,message,201,14.480,backend-2,true
0.094,message,201,16.490,backend-2,true
0.094,message,201,16.340,backend-2,true
0.098,message,201,12.720,backend-2,true
0.098,message,201,12.860,backend-2,true
0.097,message,201,13.310,backend-2,true
0.102,message,201,8.150,backend-2,true
0.097,message,201,13.420,backend-2,true
0.098,message,201,12.900,backend-2,true
0.096,message,201,14.510,backend-2,true
0.096,message,201,14.510,backend-2,true
0.096,message,201,14.160,backend-2,true
0.098,message,201,13.100,backend-2,true
0.096,message,201,15.140,backend-2,true
0.097,message,201,13.460,backend-2,true
0.100,message,201,10.210,backend-2,true
0.097,message,201,13.530,backend-2,true
0.093,message,201,18.120,backend-2,true
0.091,message,201,20.180,backend-3,true
0.092,message,201,18.620,backend-2,true
0.037,message,201,73.810,backend-2,true
0.103,message,201,8.160,backend-2,true
0.093,message,201,18.190,backend-2,true
0.099,message,201,12.080,backend-2,true
0.098,message,201,12.450,backend-2,true
0.099,message,201,12.190,backend-2,true
0.092,message,201,18.910,backend-3,true
0.091,message,201,20.350,backend-3,true
0.101,message,201,10.650,backend-3,true
0.111,feed,200,0.740,backend-2,true
0.101,message,201,10.840,backend-3,true
0.100,message,201,10.900,backend-3,true
0.107,feed,200,4.170,backend-2,true
0.101,message,201,10.870,backend-3,true
0.101,message,201,10.650,backend-3,true
0.101,message,201,10.980,backend-3,true
0.101,message,201,11.030,backend-3,true
0.108,feed,200,4.160,backend-2,true
0.108,feed,200,4.050,backend-2,true
0.101,message,201,10.740,backend-3,true
0.101,message,201,11.130,backend-3,true
0.101,message,201,11.150,backend-3,true
0.101,message,201,11.160,backend-3,true
0.101,message,201,11.240,backend-3,true
0.111,feed,200,1.060,backend-2,true
0.112,feed,200,0.270,backend-2,true
0.094,message,201,18.730,backend-3,true
0.101,message,201,11.140,backend-3,true
0.101,message,201,11.180,backend-3,true
0.108,feed,200,4.410,backend-1,true
0.109,message,201,3.870,backend-2,true
0.109,message,201,3.660,backend-2,true
0.109,message,201,3.590,backend-2,true
0.106,message,201,6.450,backend-2,true
0.106,message,201,6.360,backend-2,true
0.107,message,201,5.970,backend-2,true
0.110,message,201,2.670,backend-2,true
0.107,message,201,6.030,backend-2,true
0.107,message,201,6.200,backend-2,true
0.102,message,201,11.110,backend-3,true
0.106,message,201,6.710,backend-2,true
0.107,message,201,5.880,backend-2,true
0.106,message,201,6.790,backend-2,true
0.103,message,201,10.490,backend-3,true
0.107,message,201,5.840,backend-2,true
0.107,message,201,5.640,backend-2,true
0.102,message,201,10.790,backend-3,true
0.111,message,201,2.520,backend-2,true
0.108,message,201,5.590,backend-2,true
0.091,message,201,22.470,backend-3,true
0.107,message,201,5.970,backend-2,true
0.110,message,201,3.540,backend-2,true
0.108,message,201,5.610,backend-2,true
0.107,message,201,5.870,backend-2,true
0.107,message,201,5.820,backend-2,true
0.108,message,201,5.690,backend-2,true
0.101,message,201,11.840,backend-3,true
0.110,message,201,3.050,backend-2,true
0.110,message,201,3.590,backend-2,true
0.111,message,201,2.680,backend-2,true
0.107,message,201,5.760,backend-2,true
0.091,message,201,22.820,backend-3,true
0.110,message,201,3.690,backend-2,true
0.108,message,201,5.750,backend-2,true
0.110,message,201,3.740,backend-2,true
0.108,message,201,5.770,backend-2,true
0.091,message,201,22.690,backend-3,true
0.109,message,201,4.050,backend-2,true
0.110,message,201,3.770,backend-2,true
0.091,message,201,22.660,backend-3,true
0.091,message,201,22.800,backend-3,true
0.092,message,201,21.000,backend-3,true
0.091,message,201,22.850,backend-3,true
0.091,message,201,22.940,backend-3,true
0.036,message,201,77.360,backend-2,true
0.112,message,201,2.080,backend-2,true
0.112,message,201,1.970,backend-2,true
0.111,message,201,2.240,backend-2,true
0.111,message,201,3.120,backend-2,true
0.108,feed,200,5.510,backend-1,true
0.093,message,201,21.290,backend-3,true
0.091,message,201,23.040,backend-3,true
0.111,message,201,3.200,backend-2,true
0.111,message,201,3.010,backend-2,true
0.111,message,201,3.000,backend-2,true
0.093,message,201,21.250,backend-3,true
0.111,message,201,3.050,backend-2,true
0.031,message,201,83.210,backend-2,true
0.037,message,201,77.360,backend-2,true
0.112,message,201,1.760,backend-2,true
0.112,message,201,1.780,backend-2,true
0.112,message,201,2.060,backend-2,true
0.092,message,201,21.680,backend-3,true
0.112,message,201,1.850,backend-2,true
0.031,message,201,83.360,backend-2,true
0.093,message,201,21.440,backend-3,true
0.112,message,201,1.860,backend-2,true
0.093,message,201,21.510,backend-3,true
0.092,message,201,21.750,backend-3,true
0.038,message,201,76.500,backend-2,true
0.093,message,201,21.460,backend-3,true
0.092,message,201,21.790,backend-3,true
0.092,message,201,22.300,backend-3,true
0.093,message,201,21.880,backend-3,true
0.092,message,201,22.190,backend-3,true
0.113,feed,200,1.910,backend-2,true
0.093,message,201,21.740,backend-3,true
0.093,message,201,21.900,backend-3,true
0.092,message,201,22.060,backend-3,true
0.092,message,201,22.280,backend-3,true
0.093,message,201,21.840,backend-3,true
0.093,message,201,21.950,backend-3,true
0.093,message,201,22.190,backend-3,true
0.093,message,201,21.890,backend-3,true
0.113,feed,200,2.190,backend-2,true
0.113,feed,200,2.030,backend-2,true
0.113,feed,200,1.940,backend-2,true
0.113,feed,200,2.040,backend-2,true
0.108,feed,200,7.110,backend-1,true
0.113,feed,200,2.230,backend-2,true
0.094,feed,200,21.740,backend-3,true
0.113,feed,200,2.320,backend-2,true
0.113,feed,200,2.100,backend-2,true
0.113,feed,200,2.090,backend-2,true
0.094,feed,200,21.970,backend-3,true
0.108,feed,200,7.550,backend-1,true
0.094,feed,200,22.190,backend-3,true
0.105,message,201,11.010,backend-1,true
0.105,message,201,11.210,backend-1,true
0.038,message,201,78.350,backend-2,true
0.114,message,201,2.370,backend-2,true
0.094,feed,200,22.540,backend-3,true
0.103,message,201,13.000,backend-1,true
0.113,message,201,3.840,backend-2,true
0.105,message,201,11.390,backend-1,true
0.113,message,201,3.930,backend-2,true
0.105,message,201,11.470,backend-1,true
0.113,message,201,4.040,backend-2,true
0.105,message,201,11.630,backend-1,true
0.113,message,201,4.060,backend-2,true
0.113,message,201,3.990,backend-2,true
0.105,message,201,11.330,backend-1,true
0.113,message,201,4.010,backend-2,true
0.106,message,201,11.190,backend-1,true
0.105,message,201,11.590,backend-1,true
0.106,message,201,10.580,backend-1,true
0.113,message,201,4.160,backend-2,true
0.113,message,201,4.220,backend-2,true
0.106,message,201,10.680,backend-1,true
0.104,message,201,13.410,backend-1,true
0.104,message,201,13.390,backend-1,true
0.113,message,201,4.290,backend-2,true
0.113,message,201,4.250,backend-2,true
0.113,message,201,4.260,backend-2,true
0.104,message,201,13.580,backend-1,true
0.113,message,201,4.380,backend-2,true
0.094,feed,200,23.370,backend-3,true
0.104,message,201,13.590,backend-1,true
0.113,message,201,4.490,backend-2,true
0.113,message,201,4.200,backend-2,true
0.113,message,201,4.230,backend-2,true
0.113,message,201,4.260,backend-2,true
0.113,message,201,4.500,backend-2,true
0.094,feed,200,23.730,backend-3,true
0.104,message,201,13.700,backend-1,true
0.104,message,201,13.710,backend-1,true
0.113,message,201,4.490,backend-2,true
0.113,message,201,4.490,backend-2,true
0.104,message,201,13.650,backend-1,true
0.113,message,201,4.470,backend-2,true
0.104,message,201,13.670,backend-1,true
0.113,message,201,4.510,backend-2,true
0.113,message,201,4.750,backend-2,true
0.113,message,201,4.680,backend-2,true
0.113,message,201,4.750,backend-2,true
0.104,message,201,13.860,backend-1,true
0.113,message,201,4.910,backend-2,true
0.113,message,201,4.630,backend-2,true
0.113,message,201,4.640,backend-2,true
0.113,message,201,4.930,backend-2,true
0.113,message,201,4.860,backend-2,true
0.105,message,201,13.360,backend-1,true
0.105,message,201,13.390,backend-1,true
0.095,feed,200,23.670,backend-3,true
0.113,message,201,4.820,backend-2,true
0.105,message,201,13.100,backend-1,true
0.114,message,201,4.820,backend-2,true
0.105,message,201,13.040,backend-1,true
0.105,message,201,13.140,backend-1,true
0.106,message,201,12.990,backend-1,true
0.106,message,201,12.820,backend-1,true
0.106,message,201,12.880,backend-1,true
0.114,message,201,5.120,backend-2,true
0.114,message,201,5.070,backend-2,true
0.114,message,201,5.210,backend-2,true
0.114,message,201,5.040,backend-2,true
0.114,message,201,5.170,backend-2,true
0.114,message,201,5.030,backend-2,true
0.102,feed,200,17.170,backend-3,true
0.071,message,201,48.390,backend-1,true
0.114,message,201,5.170,backend-2,true
0.031,message,201,88.460,backend-2,true
0.110,message,201,9.400,backend-1,true
0.114,message,201,4.740,backend-2,true
0.115,message,201,4.330,backend-2,true
0.115,message,201,4.340,backend-2,true
0.109,message,201,10.200,backend-1,true
0.108,message,201,11.290,backend-1,true
0.115,message,201,4.210,backend-2,true
0.115,message,201,4.250,backend-2,true
0.115,message,201,4.020,backend-2,true
0.115,message,201,4.080,backend-2,true
0.116,message,201,3.960,backend-2,true
0.115,message,201,4.120,backend-2,true
0.108,message,201,11.550,backend-1,true
0.111,message,201,8.970,backend-1,true
0.109,message,201,10.780,backend-1,true
0.111,message,201,9.080,backend-1,true
0.108,message,201,11.890,backend-1,true
0.108,message,201,11.930,backend-1,true
0.108,message,201,12.030,backend-1,true
0.119,feed,200,0.860,backend-2,true
0.108,message,201,11.780,backend-1,true
0.108,message,201,12.140,backend-1,true
0.108,message,201,11.930,backend-1,true
0.108,message,201,12.230,backend-1,true
0.108,message,201,12.120,backend-1,true
0.093,message,201,27.700,backend-3,true
0.107,message,201,13.310,backend-1,true
0.111,message,201,9.620,backend-1,true
0.108,message,201,12.260,backend-1,true
0.116,feed,200,4.340,backend-2,true
0.107,message,201,13.570,backend-1,true
0.108,message,201,12.450,backend-1,true
0.108,message,201,12.450,backend-1,true
0.093,message,201,28.310,backend-3,true
0.094,message,201,27.320,backend-3,true
0.116,feed,200,4.630,backend-2,true
0.094,message,201,27.380,backend-3,true
0.094,message,201,27.520,backend-3,true
0.094,message,201,27.540,backend-3,true
0.094,message,201,27.580,backend-3,true
0.094,message,201,27.750,backend-3,true
0.094,message,201,27.660,backend-3,true
0.094,message,201,27.700,backend-3,true
0.094,message,201,27.790,backend-3,true
0.117,feed,200,4.310,backend-2,true
0.094,message,201,27.960,backend-3,true
0.094,message,201,27.940,backend-3,true
0.094,message,201,27.930,backend-3,true
0.117,feed,200,4.440,backend-2,true
0.094,message,201,28.060,backend-3,true
0.118,feed,200,4.310,backend-2,true
0.094,message,201,28.140,backend-3,true
0.094,message,201,27.740,backend-3,true
0.094,message,201,27.940,backend-3,true
0.094,message,201,27.980,backend-3,true
0.108,feed,200,13.740,backend-1,true
0.101,message,201,21.410,backend-3,true
0.102,message,201,20.500,backend-3,true
0.095,message,201,27.550,backend-3,true
0.101,message,201,21.370,backend-3,true
0.101,message,201,21.740,backend-3,true
0.118,feed,200,4.630,backend-2,true
0.094,message,201,28.020,backend-3,true
0.102,message,201,20.220,backend-3,true
0.102,message,201,20.260,backend-3,true
0.103,message,201,19.980,backend-3,true
0.102,message,201,20.140,backend-3,true
0.103,message,201,19.950,backend-3,true
0.103,message,201,19.980,backend-3,true
0.103,message,201,19.890,backend-3,true
0.114,message,201,8.330,backend-2,true
0.116,message,201,7.250,backend-2,true
0.103,message,201,19.910,backend-3,true
0.116,message,201,7.390,backend-2,true
0.038,message,201,85.610,backend-2,true
0.119,message,201,3.800,backend-2,true
0.119,message,201,3.880,backend-2,true
0.120,message,201,3.500,backend-2,true
0.108,feed,200,15.640,backend-1,true
0.119,message,201,3.720,backend-2,true
0.120,message,201,3.670,backend-2,true
0.119,message,201,3.950,backend-2,true
0.119,message,201,3.970,backend-2,true
0.116,message,201,7.410,backend-2,true
0.116,message,201,7.610,backend-2,true
0.107,feed,200,15.990,backend-3,true
0.116,message,201,7.630,backend-2,true
0.108,feed,200,15.680,backend-1,true
0.116,message,201,7.220,backend-2,true
0.116,message,201,7.300,backend-2,true
0.116,message,201,7.310,backend-2,true
0.116,message,201,7.390,backend-2,true
0.108,feed,200,15.920,backend-1,true
0.116,message,201,7.430,backend-2,true
0.117,message,201,7.320,backend-2,true
0.117,message,201,7.310,backend-2,true
0.117,message,201,7.290,backend-2,true
0.117,message,201,7.320,backend-2,true
0.117,message,201,7.410,backend-2,true
0.114,feed,200,9.870,backend-3,true
0.114,feed,200,10.040,backend-3,true
0.117,message,201,7.580,backend-2,true
0.117,message,201,7.820,backend-2,true
0.117,message,201,7.760,backend-2,true
0.120,feed,200,4.520,backend-3,true
0.117,message,201,7.750,backend-2,true
0.117,message,201,7.670,backend-2,true
0.117,message,201,7.770,backend-2,true
0.117,message,201,7.770,backend-2,true
0.120,feed,200,4.810,backend-3,true
0.117,message,201,7.730,backend-2,true
0.117,message,201,7.680,backend-2,true
0.117,message,201,7.690,backend-2,true
0.117,message,201,7.750,backend-2,true
0.117,message,201,7.760,backend-2,true
0.117,message,201,7.870,backend-2,true
0.117,message,201,7.650,backend-2,true
0.120,feed,200,5.290,backend-3,true
0.117,message,201,7.690,backend-2,true
0.117,message,201,7.810,backend-2,true
0.117,message,201,7.720,backend-2,true
0.117,message,201,7.790,backend-2,true
0.118,message,201,7.630,backend-2,true
0.118,message,201,7.670,backend-2,true
0.118,message,201,7.660,backend-2,true
0.118,message,201,7.760,backend-2,true
0.118,message,201,7.770,backend-2,true
0.118,message,201,7.900,backend-2,true
0.118,message,201,7.930,backend-2,true
0.118,message,201,8.000,backend-2,true
0.118,feed,200,7.980,backend-2,true
0.121,feed,200,4.690,backend-3,true
0.118,feed,200,8.010,backend-2,true
0.110,feed,200,15.700,backend-1,true
0.118,feed,200,8.020,backend-2,true
0.118,feed,200,8.060,backend-2,true
0.111,feed,200,15.790,backend-1,true
0.119,feed,200,7.720,backend-2,true
0.119,feed,200,7.700,backend-2,true
0.122,feed,200,4.330,backend-3,true
0.111,feed,200,16.090,backend-1,true
0.119,feed,200,7.700,backend-2,true
0.119,feed,200,7.670,backend-2,true
0.111,feed,200,16.130,backend-1,true
0.120,feed,200,6.740,backend-2,true
0.111,feed,200,16.280,backend-1,true
0.111,feed,200,16.180,backend-1,true
0.111,feed,200,16.310,backend-1,true
0.124,feed,200,3.100,backend-2,true
0.111,feed,200,16.360,backend-1,true
0.124,feed,200,3.490,backend-2,true
0.125,feed,200,2.550,backend-2,true
0.122,feed,200,5.740,backend-2,true
0.122,feed,200,5.540,backend-2,true
0.125,feed,200,2.130,backend-2,true
0.104,feed,200,23.070,backend-3,true
0.108,message,201,19.330,backend-1,true
0.109,message,201,18.410,backend-1,true
0.126,feed,200,2.050,backend-2,true
0.108,message,201,20.100,backend-3,true
0.109,message,201,18.960,backend-1,true
0.120,feed,200,7.790,backend-2,true
0.106,message,201,21.490,backend-3,true
0.109,message,201,19.190,backend-1,true
0.120,feed,200,7.720,backend-2,true
0.106,message,201,22.040,backend-3,true
0.109,message,201,18.920,backend-1,true
0.106,message,201,22.410,backend-3,true
0.118,message,201,10.450,backend-2,true
0.107,message,201,21.240,backend-1,true
0.109,message,201,19.500,backend-1,true
0.118,message,201,10.540,backend-2,true
0.106,message,201,22.030,backend-3,true
0.118,message,201,10.610,backend-2,true
0.118,message,201,10.460,backend-2,true
0.107,message,201,21.350,backend-1,true
0.114,message,201,14.540,backend-3,true
0.120,message,201,8.830,backend-3,true
0.118,message,201,10.630,backend-2,true
0.107,message,201,21.440,backend-1,true
0.118,message,201,10.670,backend-2,true
0.120,message,201,9.280,backend-3,true
0.108,message,201,21.330,backend-1,true
0.108,message,201,21.440,backend-1,true
0.120,message,201,9.650,backend-3,true
0.108,message,201,21.480,backend-1,true
0.118,message,201,11.140,backend-2,true
0.118,message,201,11.180,backend-2,true
0.119,message,201,10.780,backend-2,true
0.119,message,201,10.940,backend-2,true
0.119,message,201,10.900,backend-2,true
0.110,message,201,19.740,backend-1,true
0.118,message,201,11.060,backend-2,true
0.109,message,201,20.090,backend-1,true
0.109,message,201,20.420,backend-1,true
0.038,message,201,91.980,backend-2,true
0.118,message,201,11.140,backend-2,true
0.110,message,201,19.860,backend-1,true
0.118,message,201,11.310,backend-2,true
0.118,message,201,11.290,backend-2,true
0.119,message,201,10.840,backend-2,true
0.119,message,201,10.690,backend-2,true
0.119,message,201,10.810,backend-2,true
0.110,message,201,20.060,backend-1,true
0.110,message,201,20.020,backend-1,true
0.123,message,201,6.550,backend-2,true
0.123,message,201,6.590,backend-2,true
0.110,message,201,20.020,backend-1,true
0.111,message,201,19.180,backend-1,true
0.123,message,201,6.430,backend-2,true
0.123,message,201,6.400,backend-2,true
0.123,message,201,6.440,backend-2,true
0.121,message,201,9.360,backend-2,true
0.111,message,201,19.180,backend-1,true
0.111,message,201,19.320,backend-1,true
0.111,message,201,19.250,backend-1,true
0.111,message,201,19.270,backend-1,true
0.124,message,201,6.180,backend-2,true
0.123,message,201,6.800,backend-2,true
0.110,message,201,19.870,backend-1,true
0.123,message,201,6.500,backend-2,true
0.111,message,201,19.440,backend-1,true
0.110,message,201,19.850,backend-1,true
0.124,message,201,6.300,backend-2,true
0.073,message,201,56.990,backend-1,true
0.111,message,201,19.180,backend-1,true
0.111,message,201,19.260,backend-1,true
0.124,message,201,6.590,backend-2,true
0.121,message,201,9.080,backend-2,true
0.124,message,201,6.070,backend-2,true
0.111,message,201,19.280,backend-1,true
0.124,message,201,6.230,backend-2,true
0.124,message,201,6.280,backend-2,true
0.125,message,201,5.760,backend-2,true
0.125,message,201,5.650,backend-2,true
0.125,message,201,5.480,backend-2,true
0.119,message,201,10.950,backend-3,true
0.125,message,201,5.400,backend-2,true
0.122,message,201,8.840,backend-2,true
0.126,message,201,4.490,backend-2,true
0.127,message,201,4.010,backend-2,true
0.122,message,201,8.480,backend-2,true
0.125,message,201,5.290,backend-2,true
0.120,message,201,10.750,backend-2,true
0.120,message,201,10.460,backend-2,true
0.120,message,201,10.560,backend-2,true
0.119,message,201,11.380,backend-3,true
0.120,message,201,10.480,backend-2,true
0.120,message,201,10.490,backend-2,true
0.120,message,201,10.490,backend-2,true
0.119,message,201,11.690,backend-3,true
0.120,message,201,10.610,backend-2,true
0.119,message,201,11.950,backend-3,true
0.120,feed,200,10.650,backend-2,true
0.116,message,201,14.720,backend-3,true
0.121,message,201,9.800,backend-3,true
0.116,message,201,14.880,backend-3,true
0.121,feed,200,10.560,backend-2,true
0.121,feed,200,10.110,backend-2,true
0.121,feed,200,9.950,backend-2,true
0.122,feed,200,9.900,backend-2,true
0.130,feed,200,2.010,backend-1,true
0.122,feed,200,9.470,backend-2,true
0.122,message,201,9.720,backend-3,true
0.119,message,201,12.640,backend-3,true
0.119,message,201,12.630,backend-3,true
0.122,feed,200,9.370,backend-2,true
0.122,feed,200,9.980,backend-2,true
0.122,message,201,9.760,backend-3,true
0.122,feed,200,9.420,backend-2,true
0.119,message,201,12.820,backend-3,true
0.122,message,201,9.520,backend-3,true
0.111,feed,200,20.510,backend-1,true
0.119,message,201,12.870,backend-3,true
0.122,feed,200,9.380,backend-2,true
0.122,message,201,9.600,backend-3,true
0.123,message,201,9.120,backend-3,true
0.103,message,201,28.840,backend-3,true
0.104,message,201,28.290,backend-3,true
0.112,feed,200,20.440,backend-1,true
0.104,message,201,28.470,backend-3,true
0.104,message,201,28.480,backend-3,true
0.112,feed,200,20.510,backend-1,true
0.130,feed,200,2.350,backend-2,true
0.104,message,201,28.390,backend-3,true
0.130,feed,200,2.280,backend-2,true
0.104,message,201,28.460,backend-3,true
0.104,message,201,28.500,backend-3,true
0.104,message,201,28.550,backend-3,true
0.131,feed,200,1.410,backend-2,true
0.104,message,201,28.380,backend-3,true
0.121,message,201,12.240,backend-2,true
0.121,message,201,11.900,backend-2,true
0.112,feed,200,20.760,backend-1,true
0.121,message,201,12.100,backend-2,true
0.121,message,201,11.870,backend-2,true
0.121,message,201,11.760,backend-2,true
0.121,message,201,11.620,backend-2,true
0.122,message,201,11.380,backend-2,true
0.122,message,201,11.220,backend-2,true
0.122,message,201,10.910,backend-2,true
0.122,message,201,11.030,backend-2,true
0.122,message,201,10.980,backend-2,true
0.122,message,201,10.860,backend-2,true
0.122,message,201,10.760,backend-2,true
0.122,message,201,10.840,backend-2,true
0.123,message,201,10.590,backend-2,true
0.122,message,201,10.770,backend-2,true
0.123,message,201,10.570,backend-2,true
0.123,message,201,10.620,backend-2,true
0.123,message,201,10.470,backend-2,true
0.123,message,201,10.480,backend-2,true
0.123,message,201,10.500,backend-2,true
0.130,message,201,3.950,backend-2,true
0.113,feed,200,20.000,backend-1,true
0.127,message,201,6.630,backend-2,true
0.130,message,201,3.940,backend-2,true
0.040,message,201,93.990,backend-2,true
0.130,message,201,3.920,backend-2,true
0.130,message,201,3.990,backend-2,true
0.130,message,201,3.820,backend-2,true
0.130,message,201,3.800,backend-2,true
0.130,message,201,3.740,backend-2,true
0.130,message,201,3.820,backend-2,true
0.130,message,201,3.860,backend-2,true
0.130,message,201,3.650,backend-2,true
0.130,message,201,3.790,backend-2,true
0.127,message,201,6.600,backend-2,true
0.127,message,201,6.320,backend-2,true
0.130,message,201,3.660,backend-2,true
0.130,message,201,3.670,backend-2,true
0.130,message,201,3.430,backend-2,true
0.132,message,201,2.150,backend-2,true
0.123,feed,200,10.390,backend-3,true
0.130,message,201,3.620,backend-2,true
0.127,message,201,6.540,backend-2,true
0.130,message,201,3.510,backend-2,true
0.127,message,201,6.530,backend-2,true
0.131,message,201,3.340,backend-2,true
0.127,message,201,6.680,backend-2,true
0.127,message,201,6.680,backend-2,true
0.131,message,201,3.420,backend-2,true
0.128,message,201,6.410,backend-2,true
0.131,message,201,3.500,backend-2,true
0.130,feed,200,3.740,backend-2,true
0.131,feed,200,3.760,backend-2,true
0.131,feed,200,3.560,backend-2,true
0.131,feed,200,3.480,backend-2,true
0.114,feed,200,20.820,backend-1,true
0.125,feed,200,9.680,backend-3,true
0.114,feed,200,20.800,backend-1,true
0.129,feed,200,5.800,backend-3,true
0.113,message,201,21.520,backend-1,true
0.128,feed,200,6.780,backend-2,true
0.128,feed,200,6.750,backend-2,true
0.129,feed,200,6.720,backend-2,true
0.129,feed,200,6.730,backend-2,true
0.115,message,201,19.960,backend-1,true
0.114,message,201,21.530,backend-1,true
0.129,feed,200,6.500,backend-2,true
0.111,message,201,24.220,backend-1,true
0.111,message,201,24.360,backend-1,true
0.132,feed,200,3.820,backend-2,true
0.130,feed,200,5.540,backend-2,true
0.134,feed,200,1.740,backend-2,true
0.111,message,201,24.360,backend-1,true
0.111,message,201,24.420,backend-1,true
0.112,message,201,24.330,backend-1,true
0.134,feed,200,2.360,backend-2,true
0.134,feed,200,2.070,backend-2,true
0.112,message,201,24.310,backend-1,true
0.131,message,201,5.540,backend-2,true
0.113,message,201,22.630,backend-1,true
0.134,feed,200,2.420,backend-2,true
0.131,message,201,5.530,backend-2,true
0.128,message,201,8.170,backend-2,true
0.131,message,201,5.070,backend-2,true
0.128,message,201,8.280,backend-2,true
0.131,message,201,5.170,backend-2,true
0.132,message,201,4.620,backend-2,true
0.127,message,201,11.330,backend-2,true
0.128,message,201,10.230,backend-2,true
0.128,message,201,10.520,backend-2,true
0.131,message,201,6.780,backend-2,true
0.128,message,201,9.990,backend-2,true
0.129,message,201,9.250,backend-2,true
0.134,message,201,4.000,backend-2,true
0.131,message,201,7.420,backend-2,true
0.129,message,201,9.100,backend-2,true
0.128,message,201,10.600,backend-2,true
0.132,message,201,6.460,backend-2,true
0.128,message,201,10.330,backend-2,true
0.128,message,201,10.490,backend-2,true
0.134,feed,200,4.500,backend-2,true
0.132,message,201,5.800,backend-2,true
0.128,message,201,10.160,backend-2,true
0.128,message,201,10.040,backend-2,true
0.133,message,201,4.740,backend-2,true
0.133,message,201,4.790,backend-2,true
0.132,feed,200,6.500,backend-3,true
0.127,message,201,11.270,backend-2,true
0.129,message,201,9.530,backend-2,true
0.132,feed,200,6.450,backend-3,true
0.128,message,201,10.590,backend-2,true
0.129,message,201,9.110,backend-2,true
0.129,message,201,9.630,backend-2,true
0.129,message,201,9.570,backend-2,true
0.130,message,201,8.400,backend-2,true
0.131,message,201,7.000,backend-2,true
0.133,feed,200,5.200,backend-2,true
0.128,message,201,9.930,backend-2,true
0.133,feed,200,5.440,backend-2,true
0.133,feed,200,5.530,backend-2,true
0.134,message,201,4.320,backend-2,true
0.132,message,201,6.830,backend-2,true
0.132,message,201,6.620,backend-2,true
0.134,message,201,4.560,backend-2,true
0.132,message,201,6.860,backend-2,true
0.134,message,201,4.360,backend-2,true
0.130,message,201,8.510,backend-2,true
0.131,message,201,7.870,backend-2,true
0.134,feed,200,4.600,backend-2,true
0.134,message,201,4.930,backend-2,true
0.128,message,201,9.990,backend-2,true
0.131,message,201,7.040,backend-2,true
0.132,message,201,6.230,backend-2,true
0.133,message,201,5.000,backend-2,true
0.130,message,201,8.560,backend-2,true
0.133,feed,200,5.720,backend-2,true
0.134,message,201,4.790,backend-2,true
0.134,message,201,5.160,backend-2,true
0.134,message,201,4.930,backend-2,true
0.134,message,201,4.830,backend-2,true
0.134,message,201,5.440,backend-2,true
0.135,message,201,4.320,backend-2,true
0.134,message,201,5.450,backend-2,true
0.134,message,201,5.370,backend-2,true
0.134,message,201,5.610,backend-2,true
0.114,message,201,25.420,backend-1,true
0.114,message,201,25.520,backend-1,true
0.124,feed,200,15.480,backend-3,true
0.134,message,201,5.370,backend-2,true
0.135,message,201,4.180,backend-2,true
0.073,message,201,66.390,backend-1,true
0.134,message,201,5.690,backend-2,true
0.133,feed,200,6.540,backend-2,true
0.134,message,201,5.710,backend-2,true
0.134,message,201,5.840,backend-2,true
0.134,message,201,6.050,backend-2,true
0.125,feed,200,14.230,backend-3,true
0.133,message,201,7.010,backend-2,true
0.134,message,201,5.930,backend-2,true
0.134,message,201,5.820,backend-2,true
0.134,message,201,5.920,backend-2,true
0.133,feed,200,6.800,backend-2,true
0.133,feed,200,6.500,backend-2,true
0.134,message,201,5.960,backend-2,true
0.136,message,201,4.260,backend-2,true
0.136,message,201,4.160,backend-2,true
0.136,message,201,3.850,backend-2,true
0.133,message,201,6.600,backend-2,true
0.135,message,201,4.450,backend-2,true
0.133,message,201,6.570,backend-2,true
0.113,message,201,26.410,backend-1,true
0.125,feed,200,15.140,backend-3,true
0.133,message,201,7.050,backend-2,true
0.114,message,201,25.990,backend-1,true
0.128,message,201,11.990,backend-3,true
0.138,message,201,1.970,backend-2,true
0.132,message,201,7.900,backend-2,true
0.133,message,201,7.130,backend-2,true
0.135,message,201,5.340,backend-2,true
0.135,message,201,5.310,backend-2,true
0.133,message,201,6.990,backend-2,true
0.132,message,201,7.730,backend-2,true
0.133,message,201,7.510,backend-2,true
0.135,feed,200,5.180,backend-2,true
0.138,message,201,2.080,backend-2,true
0.135,message,201,5.400,backend-2,true
0.126,feed,200,14.660,backend-3,true
0.133,message,201,7.240,backend-2,true
0.138,message,201,2.110,backend-2,true
0.138,message,201,2.190,backend-2,true
0.133,message,201,7.450,backend-2,true
0.113,message,201,26.810,backend-1,true
0.135,message,201,5.070,backend-2,true
0.135,message,201,5.190,backend-2,true
0.128,message,201,12.020,backend-3,true
0.129,message,201,11.790,backend-3,true
0.136,feed,200,4.240,backend-2,true
0.128,message,201,12.130,backend-3,true
0.135,message,201,5.240,backend-2,true
0.135,message,201,5.000,backend-2,true
0.136,feed,200,4.580,backend-2,true
0.129,message,201,11.960,backend-3,true
0.124,message,201,16.260,backend-3,true
0.133,message,201,7.190,backend-2,true
0.126,feed,200,14.960,backend-3,true
0.113,message,201,27.080,backend-1,true
0.134,message,201,6.330,backend-2,true
0.113,message,201,27.120,backend-1,true
0.125,feed,200,15.110,backend-3,true
0.133,message,201,7.930,backend-2,true
0.132,message,201,8.710,backend-2,true
0.114,message,201,26.970,backend-1,true
0.113,message,201,27.160,backend-1,true
0.132,message,201,8.680,backend-2,true
0.125,message,201,16.130,backend-3,true
0.132,message,201,8.580,backend-2,true
0.129,message,201,11.470,backend-3,true
0.124,message,201,16.600,backend-3,true
0.133,feed,200,7.660,backend-2,true
0.134,message,201,6.990,backend-2,true
0.140,feed,200,1.390,backend-2,true
0.139,feed,200,1.730,backend-2,true
0.140,feed,200,1.910,backend-2,true
0.129,message,201,12.840,backend-3,true
0.125,message,201,17.080,backend-3,true
0.129,message,201,12.550,backend-3,true
0.131,message,201,11.190,backend-3,true
0.130,message,201,11.400,backend-3,true
0.131,message,201,11.070,backend-3,true
0.131,message,201,11.090,backend-3,true
0.131,message,201,10.630,backend-3,true
0.131,message,201,10.920,backend-3,true
0.131,message,201,11.180,backend-3,true
0.126,message,201,16.360,backend-3,true
0.138,feed,200,3.970,backend-2,true
0.138,feed,200,3.870,backend-2,true
0.134,feed,200,8.840,backend-1,true
0.138,feed,200,4.350,backend-2,true
0.132,message,201,10.880,backend-3,true
0.132,message,201,10.970,backend-3,true
0.138,feed,200,4.540,backend-2,true
0.132,message,201,10.780,backend-3,true
0.127,message,201,16.110,backend-3,true
0.140,feed,200,3.120,backend-2,true
0.132,message,201,10.980,backend-3,true
0.132,message,201,10.900,backend-3,true
0.130,message,201,13.380,backend-3,true
0.136,message,201,7.370,backend-2,true
0.123,message,201,20.040,backend-3,true
0.136,message,201,7.270,backend-2,true
0.136,message,201,7.170,backend-2,true
0.136,message,201,7.340,backend-2,true
0.136,message,201,7.080,backend-2,true
0.133,feed,200,9.980,backend-1,true
0.136,message,201,7.070,backend-2,true
0.123,message,201,20.130,backend-3,true
0.136,message,201,7.160,backend-2,true
0.139,message,201,3.930,backend-2,true
0.123,message,201,20.140,backend-3,true
0.136,message,201,7.050,backend-2,true
0.138,message,201,5.300,backend-2,true
0.136,message,201,7.250,backend-2,true
0.139,message,201,3.920,backend-2,true
0.123,message,201,20.230,backend-3,true
0.139,message,201,4.030,backend-2,true
0.138,message,201,5.210,backend-2,true
0.139,message,201,4.010,backend-2,true
0.123,message,201,20.160,backend-3,true
0.136,message,201,7.130,backend-2,true
0.123,message,201,20.220,backend-3,true
0.125,message,201,19.250,backend-3,true
0.138,message,201,5.390,backend-2,true
0.124,message,201,20.130,backend-3,true
0.140,message,201,4.080,backend-2,true
0.124,message,201,20.330,backend-3,true
0.138,message,201,5.900,backend-2,true
0.123,message,201,20.620,backend-3,true
0.139,message,201,4.770,backend-2,true
0.124,message,201,20.280,backend-3,true
0.140,message,201,4.440,backend-2,true
0.139,message,201,5.170,backend-2,true
0.139,message,201,5.330,backend-2,true
0.140,message,201,4.920,backend-2,true
0.139,message,201,5.410,backend-2,true
0.140,message,201,4.930,backend-2,true
0.138,message,201,7.090,backend-2,true
0.138,message,201,6.700,backend-2,true
0.138,message,201,6.670,backend-2,true
0.138,message,201,7.080,backend-2,true
0.140,message,201,5.330,backend-2,true
0.138,feed,200,6.740,backend-2,true
0.138,feed,200,7.190,backend-2,true
0.125,message,201,21.030,backend-3,true
0.139,message,201,6.130,backend-2,true
0.138,feed,200,7.310,backend-2,true
0.138,message,201,7.270,backend-2,true
0.139,message,201,6.150,backend-2,true
0.140,message,201,6.070,backend-2,true
0.138,message,201,7.200,backend-2,true
0.138,message,201,7.280,backend-2,true
0.139,message,201,7.070,backend-2,true
0.138,message,201,7.590,backend-2,true
0.140,feed,200,5.550,backend-2,true
0.139,message,201,6.320,backend-2,true
0.140,message,201,6.190,backend-2,true
0.140,message,201,6.140,backend-2,true
0.138,message,201,7.680,backend-2,true
0.138,message,201,7.360,backend-2,true
0.139,message,201,6.350,backend-2,true
0.141,feed,200,5.110,backend-2,true
0.138,message,201,7.680,backend-2,true
0.140,message,201,6.020,backend-2,true
0.140,message,201,6.310,backend-2,true
0.143,feed,200,2.550,backend-2,true
0.141,feed,200,5.210,backend-2,true
0.132,message,201,13.630,backend-1,true
0.140,feed,200,5.840,backend-2,true
0.138,message,201,7.400,backend-2,true
0.140,message,201,6.090,backend-2,true
0.132,message,201,13.690,backend-1,true
0.132,message,201,14.060,backend-1,true
0.140,message,201,6.140,backend-2,true
0.139,message,201,6.890,backend-2,true
0.125,message,201,21.570,backend-3,true
0.132,message,201,13.930,backend-1,true
0.140,message,201,6.250,backend-2,true
0.139,message,201,7.000,backend-2,true
0.133,message,201,13.330,backend-1,true
0.140,message,201,6.590,backend-2,true
0.132,message,201,14.020,backend-1,true
0.125,message,201,21.640,backend-3,true
0.140,message,201,6.550,backend-2,true
0.133,message,201,13.850,backend-1,true
0.125,message,201,21.440,backend-3,true
0.133,message,201,13.500,backend-1,true
0.125,message,201,21.520,backend-3,true
0.140,message,201,6.470,backend-2,true
0.138,message,201,7.950,backend-2,true
0.125,message,201,21.430,backend-3,true
0.138,message,201,8.220,backend-2,true
0.125,message,201,21.410,backend-3,true
0.133,message,201,13.240,backend-1,true
0.140,message,201,6.620,backend-2,true
0.133,message,201,13.340,backend-1,true
0.133,message,201,13.310,backend-1,true
0.134,message,201,13.070,backend-1,true
0.138,message,201,8.140,backend-2,true
0.125,message,201,21.500,backend-3,true
0.126,message,201,20.780,backend-3,true
0.074,message,201,73.030,backend-1,true
0.125,message,201,21.610,backend-3,true
0.073,message,201,73.460,backend-1,true
0.138,message,201,8.300,backend-2,true
0.125,message,201,21.310,backend-3,true
0.073,message,201,73.500,backend-1,true
0.073,message,201,73.350,backend-1,true
0.140,message,201,6.700,backend-2,true
0.125,message,201,21.680,backend-3,true
0.140,message,201,6.540,backend-2,true
0.140,message,201,6.720,backend-2,true
0.140,message,201,6.560,backend-2,true
0.074,message,201,73.140,backend-1,true
0.074,message,201,73.070,backend-1,true
0.140,message,201,6.430,backend-2,true
0.142,message,201,5.390,backend-2,true
0.143,message,201,3.620,backend-2,true
0.143,message,201,3.800,backend-2,true
0.142,message,201,5.520,backend-2,true
0.143,message,201,3.770,backend-2,true
0.144,feed,200,3.270,backend-1,true
0.142,message,201,4.970,backend-2,true
0.143,message,201,3.880,backend-2,true
0.143,message,201,3.890,backend-2,true
0.142,message,201,4.990,backend-2,true
0.142,message,201,5.010,backend-2,true
0.142,message,201,4.890,backend-2,true
0.144,message,201,3.310,backend-2,true
0.144,message,201,3.280,backend-2,true
0.143,message,201,4.800,backend-2,true
0.145,feed,200,2.320,backend-1,true
0.144,message,201,3.260,backend-2,true
0.140,message,201,7.360,backend-2,true
0.138,message,201,9.190,backend-2,true
0.140,message,201,7.260,backend-2,true
0.140,message,201,7.310,backend-2,true
0.140,message,201,7.410,backend-2,true
0.141,message,201,7.020,backend-2,true
0.140,message,201,7.410,backend-2,true
0.140,message,201,7.520,backend-2,true
0.138,message,201,9.300,backend-2,true
0.138,message,201,9.440,backend-2,true
0.140,message,201,7.600,backend-2,true
0.140,message,201,7.530,backend-2,true
0.138,message,201,9.330,backend-2,true
0.138,message,201,9.390,backend-2,true
0.140,message,201,7.640,backend-2,true
0.140,message,201,7.400,backend-2,true
0.138,message,201,9.720,backend-2,true
0.138,feed,200,9.710,backend-2,true
0.140,message,201,7.910,backend-2,true
0.141,feed,200,7.330,backend-2,true
0.141,feed,200,7.710,backend-2,true
0.146,feed,200,2.590,backend-1,true
0.141,feed,200,7.830,backend-2,true
0.141,feed,200,7.940,backend-2,true
0.142,feed,200,6.900,backend-2,true
0.143,feed,200,5.840,backend-2,true
0.146,feed,200,2.650,backend-1,true
0.143,feed,200,5.750,backend-2,true
0.146,feed,200,2.740,backend-1,true
0.143,feed,200,5.760,backend-2,true
0.143,feed,200,5.890,backend-2,true
0.146,feed,200,2.840,backend-1,true
0.147,feed,200,2.520,backend-2,true
0.147,feed,200,2.360,backend-2,true
0.147,feed,200,2.230,backend-2,true
0.148,feed,200,1.500,backend-2,true
0.147,feed,200,2.210,backend-2,true
0.147,feed,200,2.380,backend-2,true
0.148,feed,200,2.280,backend-2,true
0.138,message,201,11.780,backend-2,true
0.138,message,201,11.780,backend-2,true
0.140,message,201,9.550,backend-2,true
0.140,message,201,10.200,backend-2,true
0.138,message,201,11.860,backend-2,true
0.141,message,201,9.590,backend-2,true
0.141,message,201,9.580,backend-2,true
0.141,message,201,9.570,backend-2,true
0.141,message,201,9.630,backend-2,true
0.141,message,201,9.350,backend-2,true
0.140,message,201,9.760,backend-2,true
0.141,message,201,9.840,backend-2,true
0.141,message,201,9.870,backend-2,true
0.141,message,201,9.890,backend-2,true
0.142,message,201,8.710,backend-2,true
0.141,message,201,9.870,backend-2,true
0.142,message,201,8.740,backend-2,true
0.142,message,201,8.770,backend-2,true
0.142,message,201,8.610,backend-2,true
0.143,message,201,7.880,backend-2,true
0.142,message,201,8.620,backend-2,true
0.142,message,201,8.640,backend-2,true
0.147,message,201,3.730,backend-2,true
0.143,message,201,7.660,backend-2,true
0.143,message,201,7.580,backend-2,true
0.150,feed,200,0.660,backend-1,true
0.143,message,201,7.600,backend-2,true
0.143,message,201,7.400,backend-2,true
0.147,message,201,3.980,backend-2,true
0.142,message,201,8.530,backend-2,true
0.147,message,201,3.890,backend-2,true
0.143,message,201,7.720,backend-2,true
0.147,message,201,3.620,backend-2,true
0.147,message,201,3.680,backend-2,true
0.147,message,201,3.590,backend-2,true
0.147,message,201,3.780,backend-2,true
0.147,message,201,3.510,backend-2,true
0.144,message,201,6.520,backend-2,true
0.148,message,201,2.970,backend-2,true
0.146,message,201,5.440,backend-2,true
0.147,message,201,3.650,backend-2,true
0.148,message,201,3.510,backend-2,true
0.148,message,201,3.360,backend-2,true
0.148,message,201,3.200,backend-2,true
0.145,message,201,5.940,backend-2,true
0.148,message,201,3.490,backend-2,true
0.148,message,201,3.220,backend-2,true
0.146,message,201,5.470,backend-2,true
0.148,message,201,3.500,backend-2,true
0.148,message,201,3.520,backend-2,true
0.140,message,201,10.780,backend-2,true
0.151,feed,200,0.860,backend-1,true
0.150,feed,200,1.160,backend-1,true
0.151,feed,200,1.240,backend-1,true
0.130,feed,200,21.850,backend-3,true
0.146,feed,200,6.240,backend-2,true
0.130,feed,200,22.080,backend-3,true
0.146,feed,200,6.300,backend-2,true
0.146,feed,200,6.380,backend-2,true
0.146,feed,200,6.370,backend-2,true
0.146,message,201,6.630,backend-1,true
0.146,feed,200,6.330,backend-2,true
0.146,message,201,6.660,backend-1,true
0.146,message,201,6.680,backend-1,true
0.146,message,201,6.610,backend-1,true
0.146,feed,200,6.570,backend-2,true
0.146,feed,200,6.370,backend-2,true
0.146,message,201,6.720,backend-1,true
0.130,feed,200,22.470,backend-3,true
0.146,message,201,6.800,backend-1,true
0.146,feed,200,6.440,backend-2,true
0.147,feed,200,6.340,backend-2,true
0.146,message,201,7.040,backend-1,true
0.147,feed,200,6.460,backend-2,true
0.145,message,201,7.850,backend-1,true
0.147,feed,200,6.550,backend-2,true
0.146,message,201,6.890,backend-1,true
0.146,message,201,7.150,backend-1,true
0.147,feed,200,6.540,backend-2,true
0.130,feed,200,22.910,backend-3,true
0.146,message,201,6.940,backend-1,true
0.146,message,201,6.790,backend-1,true
0.146,message,201,6.820,backend-1,true
0.147,feed,200,6.580,backend-2,true
0.074,message,201,79.540,backend-1,true
0.149,message,201,4.480,backend-1,true
0.147,feed,200,6.570,backend-2,true
0.147,feed,200,6.560,backend-2,true
0.149,message,201,4.380,backend-1,true
0.147,feed,200,6.640,backend-2,true
0.147,feed,200,6.660,backend-2,true
0.074,message,201,79.660,backend-1,true
0.149,message,201,4.230,backend-1,true
0.126,message,201,27.200,backend-3,true
0.126,message,201,27.300,backend-3,true
0.126,message,201,27.190,backend-3,true
0.126,message,201,27.220,backend-3,true
0.074,message,201,79.860,backend-1,true
0.074,message,201,79.860,backend-1,true
0.150,message,201,3.490,backend-1,true
0.127,message,201,26.940,backend-3,true
0.150,message,201,3.600,backend-1,true
0.147,feed,200,6.850,backend-2,true
0.127,message,201,26.900,backend-3,true
0.127,message,201,26.970,backend-3,true
0.127,message,201,27.160,backend-3,true
0.074,message,201,79.580,backend-1,true
0.074,message,201,79.560,backend-1,true
0.150,message,201,3.340,backend-1,true
0.150,message,201,3.660,backend-1,true
0.150,message,201,3.330,backend-1,true
0.127,message,201,26.700,backend-3,true
0.127,message,201,26.840,backend-3,true
0.074,message,201,79.800,backend-1,true
0.150,message,201,3.610,backend-1,true
0.151,message,201,3.120,backend-1,true
0.151,message,201,3.130,backend-1,true
0.074,message,201,79.920,backend-1,true
0.130,message,201,24.470,backend-3,true
0.151,message,201,2.810,backend-1,true
0.152,message,201,2.470,backend-1,true
0.074,message,201,79.920,backend-1,true
0.130,message,201,24.750,backend-3,true
0.146,message,201,8.790,backend-2,true
0.146,message,201,8.790,backend-2,true
0.148,message,201,6.770,backend-2,true
0.148,message,201,6.750,backend-2,true
0.148,message,201,6.700,backend-2,true
0.148,message,201,6.300,backend-2,true
0.148,message,201,6.850,backend-2,true
0.148,message,201,6.650,backend-2,true
0.143,message,201,11.210,backend-2,true
0.149,message,201,5.850,backend-2,true
0.144,message,201,10.870,backend-2,true
0.144,message,201,10.620,backend-2,true
0.148,message,201,6.360,backend-2,true
0.149,message,201,6.200,backend-2,true
0.145,message,201,10.110,backend-2,true
0.149,message,201,5.950,backend-2,true
0.144,message,201,10.270,backend-2,true
0.143,message,201,11.370,backend-2,true
0.154,feed,200,0.740,backend-1,true
0.145,message,201,10.070,backend-2,true
0.145,message,201,9.710,backend-2,true
0.146,message,201,9.230,backend-2,true
0.146,message,201,9.220,backend-2,true
0.146,message,201,9.150,backend-2,true
0.129,message,201,25.490,backend-3,true
0.146,message,201,8.940,backend-2,true
0.130,message,201,25.540,backend-3,true
0.146,message,201,9.300,backend-2,true
0.146,message,201,9.270,backend-2,true
0.146,message,201,8.780,backend-2,true
0.146,message,201,8.920,backend-2,true
0.146,message,201,8.980,backend-2,true
0.147,message,201,8.660,backend-2,true
0.146,message,201,8.800,backend-2,true
0.129,message,201,25.730,backend-3,true
0.146,message,201,8.830,backend-2,true
0.129,message,201,25.770,backend-3,true
0.146,message,201,8.920,backend-2,true
0.146,message,201,8.890,backend-2,true
0.147,message,201,8.760,backend-2,true
0.147,message,201,8.730,backend-2,true
0.130,message,201,25.780,backend-3,true
0.147,message,201,8.610,backend-2,true
0.130,message,201,25.850,backend-3,true
0.147,message,201,8.890,backend-2,true
0.147,message,201,8.700,backend-2,true
0.129,message,201,26.150,backend-3,true
0.146,message,201,9.590,backend-2,true
0.149,message,201,6.430,backend-2,true
0.130,message,201,26.100,backend-3,true
0.151,message,201,4.970,backend-2,true
0.130,message,201,25.890,backend-3,true
0.142,message,201,13.340,backend-2,true
0.151,message,201,4.920,backend-2,true
0.151,message,201,4.980,backend-2,true
0.130,message,201,25.920,backend-3,true
0.151,message,201,5.030,backend-2,true
0.130,message,201,25.810,backend-3,true
0.130,message,201,25.970,backend-3,true
0.149,message,201,6.300,backend-2,true
0.149,message,201,6.650,backend-2,true
0.130,message,201,25.830,backend-3,true
0.130,message,201,25.820,backend-3,true
0.130,message,201,25.950,backend-3,true
0.151,feed,200,5.200,backend-2,true
0.130,message,201,25.920,backend-3,true
0.146,message,201,10.210,backend-2,true
0.151,feed,200,5.030,backend-2,true
0.130,message,201,25.990,backend-3,true
0.146,message,201,10.460,backend-2,true
0.130,message,201,26.110,backend-3,true
0.131,message,201,25.820,backend-3,true
0.152,feed,200,4.460,backend-2,true
0.153,feed,200,3.770,backend-1,true
0.153,feed,200,3.920,backend-1,true
0.153,feed,200,3.830,backend-2,true
0.136,feed,200,21.450,backend-3,true
0.154,feed,200,3.550,backend-1,true
0.154,feed,200,3.520,backend-1,true
0.150,feed,200,6.960,backend-2,true
0.151,feed,200,6.960,backend-2,true
0.154,feed,200,3.550,backend-1,true
0.151,feed,200,6.440,backend-2,true
0.150,message,201,7.730,backend-2,true
0.151,message,201,6.980,backend-2,true
0.151,message,201,6.870,backend-2,true
0.151,message,201,6.950,backend-2,true
0.151,message,201,6.980,backend-2,true
0.149,message,201,8.280,backend-2,true
0.150,message,201,8.230,backend-2,true
0.151,message,201,6.830,backend-2,true
0.151,message,201,7.100,backend-2,true
0.151,message,201,6.880,backend-2,true
0.151,message,201,7.130,backend-2,true
0.151,message,201,7.000,backend-2,true
0.151,message,201,7.130,backend-2,true
0.150,message,201,8.340,backend-2,true
0.151,message,201,7.190,backend-2,true
0.151,message,201,7.040,backend-2,true
0.151,message,201,6.950,backend-2,true
0.150,message,201,8.420,backend-2,true
0.152,message,201,5.920,backend-2,true
0.151,message,201,7.160,backend-2,true
0.152,message,201,6.300,backend-2,true
0.151,message,201,7.460,backend-2,true
0.152,message,201,6.200,backend-2,true
0.153,message,201,5.830,backend-2,true
0.152,message,201,6.650,backend-2,true
0.153,message,201,5.340,backend-2,true
0.153,message,201,5.350,backend-2,true
0.153,message,201,5.410,backend-2,true
0.152,message,201,6.330,backend-2,true
0.153,message,201,5.510,backend-2,true
0.153,message,201,5.510,backend-2,true
0.153,message,201,5.560,backend-2,true
0.153,message,201,5.740,backend-2,true
0.153,message,201,5.820,backend-2,true
0.153,message,201,5.480,backend-2,true
0.149,message,201,9.610,backend-2,true
0.150,message,201,8.980,backend-2,true
0.150,message,201,8.880,backend-2,true
0.150,message,201,8.970,backend-2,true
0.150,message,201,9.030,backend-2,true
0.150,message,201,8.970,backend-2,true
0.150,message,201,9.130,backend-2,true
0.150,message,201,8.780,backend-2,true
0.150,message,201,8.880,backend-2,true
0.151,message,201,8.340,backend-2,true
0.153,message,201,6.760,backend-2,true
0.151,message,201,8.280,backend-2,true
0.151,message,201,8.280,backend-2,true
0.151,message,201,8.390,backend-2,true
0.151,message,201,8.350,backend-2,true
0.155,feed,200,4.800,backend-1,true
0.155,feed,200,4.840,backend-1,true
0.155,feed,200,4.830,backend-1,true
0.156,feed,200,4.430,backend-2,true
0.156,feed,200,4.620,backend-2,true
0.156,feed,200,4.260,backend-2,true
0.158,feed,200,2.400,backend-2,true
0.158,feed,200,2.330,backend-2,true
0.158,feed,200,2.280,backend-2,true
0.158,feed,200,2.400,backend-2,true
0.158,feed,200,2.470,backend-2,true
0.154,message,201,6.760,backend-1,true
0.152,message,201,9.160,backend-1,true
0.159,feed,200,1.830,backend-2,true
0.152,message,201,8.930,backend-1,true
0.152,message,201,8.940,backend-1,true
0.154,feed,200,7.260,backend-2,true
0.152,message,201,8.990,backend-1,true
0.152,message,201,9.090,backend-1,true
0.151,message,201,10.050,backend-2,true
0.152,message,201,9.560,backend-2,true
0.153,message,201,8.710,backend-2,true
0.152,message,201,9.800,backend-2,true
0.154,message,201,7.790,backend-2,true
0.154,message,201,7.770,backend-2,true
0.154,message,201,7.820,backend-2,true
0.153,message,201,8.860,backend-2,true
0.156,message,201,5.810,backend-2,true
0.153,message,201,8.070,backend-2,true
0.142,message,201,19.060,backend-2,true
0.155,message,201,6.210,backend-2,true
0.155,message,201,6.100,backend-2,true
0.154,message,201,7.940,backend-2,true
0.154,message,201,7.900,backend-2,true
0.155,message,201,6.090,backend-2,true
0.154,message,201,7.870,backend-2,true
0.154,message,201,7.880,backend-2,true
0.158,message,201,4.020,backend-2,true
0.158,message,201,3.890,backend-2,true
0.156,message,201,6.050,backend-2,true
0.158,message,201,4.020,backend-2,true
0.158,message,201,4.170,backend-2,true
0.158,message,201,4.010,backend-2,true
0.159,message,201,3.090,backend-2,true
0.159,message,201,2.890,backend-2,true
0.157,message,201,4.710,backend-2,true
0.158,message,201,3.480,backend-2,true
0.158,message,201,3.800,backend-2,true
0.158,message,201,3.510,backend-2,true
0.158,message,201,3.630,backend-2,true
0.159,message,201,3.070,backend-2,true
0.159,message,201,2.780,backend-2,true
0.157,message,201,5.150,backend-2,true
0.158,message,201,3.870,backend-2,true
0.159,message,201,3.210,backend-2,true
0.136,feed,200,25.810,backend-3,true
0.158,message,201,3.880,backend-2,true
0.159,message,201,3.010,backend-2,true
0.159,message,201,3.050,backend-2,true
0.159,message,201,3.150,backend-2,true
0.159,message,201,3.200,backend-2,true
0.157,message,201,4.600,backend-2,true
0.157,message,201,4.700,backend-2,true
0.157,message,201,4.700,backend-2,true
0.154,message,201,8.460,backend-2,true
0.159,message,201,2.650,backend-2,true
0.154,message,201,8.310,backend-2,true
0.154,message,201,8.420,backend-2,true
0.152,message,201,9.890,backend-1,true
0.154,message,201,8.500,backend-2,true
0.154,message,201,8.460,backend-2,true
0.153,message,201,9.870,backend-1,true
0.153,message,201,9.700,backend-1,true
0.153,message,201,9.430,backend-1,true
0.153,message,201,9.720,backend-1,true
0.153,message,201,9.500,backend-1,true
0.153,message,201,9.670,backend-1,true
0.154,feed,200,8.690,backend-2,true
0.153,message,201,9.670,backend-1,true
0.153,message,201,9.670,backend-1,true
0.153,message,201,9.760,backend-1,true
0.154,message,201,9.210,backend-1,true
0.154,feed,200,8.540,backend-2,true
0.154,feed,200,8.630,backend-2,true
0.074,message,201,88.680,backend-1,true
0.155,message,201,8.590,backend-1,true
0.157,message,201,6.200,backend-1,true
0.157,message,201,5.890,backend-1,true
0.157,message,201,5.900,backend-1,true
0.155,message,201,8.780,backend-1,true
0.155,feed,200,8.830,backend-2,true
0.155,message,201,8.730,backend-1,true
0.155,message,201,8.700,backend-1,true
0.155,message,201,8.780,backend-1,true
0.155,feed,200,8.810,backend-2,true
0.155,message,201,8.740,backend-1,true
0.155,message,201,8.810,backend-1,true
0.155,feed,200,8.600,backend-2,true
0.155,feed,200,8.550,backend-2,true
0.155,message,201,8.820,backend-1,true
0.155,message,201,8.590,backend-1,true
0.074,message,201,89.380,backend-1,true
0.156,message,201,8.190,backend-1,true
0.156,feed,200,8.340,backend-2,true
0.156,feed,200,8.070,backend-2,true
0.156,feed,200,8.070,backend-2,true
0.155,feed,200,9.110,backend-2,true
0.156,feed,200,7.860,backend-2,true
0.156,feed,200,7.780,backend-2,true
0.145,feed,200,19.130,backend-3,true
0.156,feed,200,7.810,backend-2,true
0.164,feed,200,0.740,backend-1,true
0.162,feed,200,2.860,backend-2,true
0.162,feed,200,2.960,backend-2,true
0.162,feed,200,2.600,backend-2,true
0.162,feed,200,2.690,backend-2,true
0.162,feed,200,2.830,backend-2,true
0.162,feed,200,2.620,backend-2,true
0.162,feed,200,2.770,backend-2,true
0.162,feed,200,2.340,backend-2,true
0.158,feed,200,6.910,backend-1,true
0.164,feed,200,1.080,backend-2,true
0.164,feed,200,1.260,backend-2,true
0.163,feed,200,1.650,backend-2,true
0.143,feed,200,22.300,backend-2,true
0.144,feed,200,21.170,backend-3,true
0.159,feed,200,6.010,backend-1,true
0.159,feed,200,5.870,backend-1,true
0.159,feed,200,5.790,backend-1,true
0.161,feed,200,3.920,backend-1,true
0.143,feed,200,22.070,backend-3,true
0.164,feed,200,1.630,backend-1,true
0.147,feed,200,18.360,backend-3,true
0.147,feed,200,18.450,backend-3,true
0.075,feed,200,90.520,backend-1,true
0.075,feed,200,90.590,backend-1,true
0.087,feed,200,78.560,backend-1,true
0.147,feed,200,19.150,backend-3,true
0.141,feed,200,25.010,backend-3,true
0.153,feed,200,12.950,backend-3,true
0.154,feed,200,11.710,backend-3,true
0.141,message,201,25.820,backend-3,true
0.139,message,201,27.090,backend-3,true
0.154,message,201,12.250,backend-2,true
0.154,message,201,12.550,backend-2,true
0.154,message,201,12.000,backend-2,true
0.155,message,201,11.840,backend-2,true
0.155,message,201,11.950,backend-2,true
0.155,message,201,11.790,backend-2,true
0.155,message,201,11.940,backend-2,true
0.140,message,201,26.870,backend-3,true
0.155,message,201,11.830,backend-2,true
0.155,message,201,11.900,backend-2,true
0.155,message,201,11.660,backend-2,true
0.155,message,201,11.570,backend-2,true
0.155,message,201,11.540,backend-2,true
0.154,message,201,12.770,backend-2,true
0.155,message,201,11.660,backend-2,true
0.155,message,201,11.600,backend-2,true
0.155,message,201,11.530,backend-2,true
0.155,message,201,11.600,backend-2,true
0.155,message,201,11.610,backend-2,true
0.155,message,201,11.690,backend-2,true
0.156,message,201,11.170,backend-2,true
0.155,message,201,11.470,backend-2,true
0.156,message,201,11.140,backend-2,true
0.156,message,201,11.280,backend-2,true
0.156,message,201,11.310,backend-2,true
0.156,message,201,11.280,backend-2,true
0.155,message,201,12.140,backend-2,true
0.140,message,201,26.830,backend-3,true
0.156,message,201,11.040,backend-2,true
0.138,message,201,28.880,backend-3,true
0.157,message,201,10.520,backend-2,true
0.158,message,201,9.790,backend-2,true
0.156,message,201,10.990,backend-2,true
0.142,message,201,24.920,backend-2,true
0.140,message,201,27.540,backend-3,true
0.162,message,201,5.670,backend-2,true
0.162,message,201,5.610,backend-2,true
0.162,message,201,5.150,backend-2,true
0.161,message,201,6.120,backend-2,true
0.143,message,201,24.770,backend-2,true
0.143,message,201,24.800,backend-2,true
0.143,message,201,24.980,backend-2,true
0.162,message,201,5.330,backend-2,true
0.164,message,201,3.900,backend-2,true
0.143,message,201,24.860,backend-2,true
0.140,message,201,27.380,backend-3,true
0.145,message,201,22.520,backend-2,true
0.143,message,201,24.340,backend-2,true
0.141,message,201,27.140,backend-3,true
0.157,message,201,10.460,backend-2,true
0.135,message,201,32.510,backend-3,true
0.166,feed,200,1.480,backend-2,true
0.140,message,201,27.510,backend-3,true
0.135,message,201,32.720,backend-3,true
0.167,feed,200,1.350,backend-2,true
0.149,message,201,19.340,backend-3,true
0.148,message,201,19.550,backend-3,true
0.167,feed,200,1.390,backend-2,true
0.167,feed,200,1.530,backend-2,true
0.167,feed,200,1.330,backend-2,true
0.167,feed,200,1.340,backend-2,true
0.167,feed,200,1.370,backend-2,true
0.167,feed,200,1.350,backend-2,true
0.148,message,201,19.890,backend-3,true
0.167,feed,200,1.410,backend-2,true
0.167,feed,200,1.350,backend-2,true
0.167,feed,200,1.240,backend-2,true
0.168,feed,200,0.770,backend-2,true
0.168,feed,200,0.770,backend-2,true
0.148,message,201,20.710,backend-3,true
0.168,feed,200,0.870,backend-2,true
0.158,message,201,10.840,backend-1,true
0.148,message,201,20.880,backend-3,true
0.148,message,201,20.830,backend-3,true
0.158,message,201,10.950,backend-1,true
0.148,message,201,21.060,backend-3,true
0.158,message,201,11.060,backend-1,true
0.147,message,201,21.290,backend-3,true
0.169,feed,200,0.180,backend-2,true
0.158,message,201,10.690,backend-1,true
0.158,message,201,10.530,backend-1,true
0.158,message,201,11.040,backend-1,true
0.159,message,201,10.110,backend-1,true
0.159,message,201,10.070,backend-1,true
0.159,message,201,9.950,backend-1,true
0.138,message,201,30.480,backend-3,true
0.169,feed,200,0.240,backend-2,true
0.147,message,201,21.810,backend-3,true
0.159,message,201,10.230,backend-1,true
0.169,feed,200,0.170,backend-2,true
0.159,message,201,10.100,backend-1,true
0.146,message,201,23.360,backend-3,true
0.159,message,201,10.080,backend-1,true
0.146,message,201,23.410,backend-3,true
0.159,message,201,10.010,backend-1,true
0.159,message,201,10.030,backend-1,true
0.161,message,201,7.700,backend-1,true
0.075,message,201,94.600,backend-1,true
0.143,message,201,26.090,backend-3,true
0.075,message,201,94.500,backend-1,true
0.143,message,201,26.250,backend-3,true
0.075,message,201,94.330,backend-1,true
0.075,message,201,94.600,backend-1,true
0.075,message,201,94.260,backend-1,true
0.144,message,201,25.660,backend-3,true
0.145,message,201,24.810,backend-3,true
0.087,message,201,82.270,backend-1,true
0.169,feed,200,0.210,backend-2,true
0.170,feed,200,0.150,backend-2,true
0.087,message,201,82.500,backend-1,true
0.087,message,201,82.470,backend-1,true
0.143,message,201,26.400,backend-3,true
0.087,message,201,82.610,backend-1,true
0.087,message,201,82.670,backend-1,true
0.170,feed,200,0.140,backend-2,true
0.087,message,201,82.810,backend-1,true
0.087,message,201,82.840,backend-1,true
0.087,message,201,82.880,backend-1,true
0.144,message,201,25.920,backend-3,true
0.087,message,201,82.800,backend-1,true
0.143,message,201,26.730,backend-3,true
0.088,message,201,82.160,backend-1,true
0.087,message,201,82.880,backend-1,true
0.088,message,201,82.180,backend-1,true
0.087,message,201,83.050,backend-1,true
0.088,message,201,82.240,backend-1,true
0.087,message,201,82.960,backend-1,true
0.088,message,201,82.340,backend-1,true
0.145,message,201,25.700,backend-3,true
0.141,message,201,29.190,backend-3,true
0.143,message,201,27.030,backend-3,true
0.146,message,201,24.860,backend-3,true
0.140,message,201,31.030,backend-3,true
0.170,feed,200,0.170,backend-2,true
0.147,message,201,23.690,backend-3,true
0.147,message,201,23.790,backend-3,true
0.147,message,201,23.920,backend-3,true
0.171,feed,200,0.110,backend-2,true
0.147,message,201,24.020,backend-3,true
0.147,message,201,24.200,backend-3,true
0.147,message,201,24.170,backend-3,true
0.138,message,201,32.620,backend-3,true
0.114,feed,200,56.930,backend-1,true
0.147,message,201,24.360,backend-3,true
0.114,feed,200,56.730,backend-1,true
0.141,message,201,30.070,backend-3,true
0.171,feed,200,0.270,backend-2,true
0.140,message,201,31.460,backend-3,true
0.171,feed,200,0.300,backend-2,true
0.171,feed,200,0.300,backend-2,true
0.154,message,201,17.730,backend-3,true
0.153,message,201,18.060,backend-3,true
0.147,message,201,24.610,backend-3,true
0.153,message,201,17.960,backend-3,true
0.154,message,201,17.950,backend-3,true
0.154,feed,200,17.510,backend-3,true
0.154,feed,200,17.730,backend-3,true
0.156,feed,200,16.580,backend-3,true
0.138,feed,200,34.160,backend-3,true
0.167,message,201,5.900,backend-2,true
0.167,message,201,5.850,backend-2,true
0.168,message,201,5.200,backend-2,true
0.169,message,201,4.350,backend-2,true
0.169,message,201,3.460,backend-2,true
0.169,message,201,3.770,backend-2,true
0.171,message,201,2.040,backend-2,true
0.170,message,201,2.880,backend-2,true
0.171,message,201,1.650,backend-2,true
0.171,message,201,2.080,backend-2,true
0.173,feed,200,0.170,backend-2,true
0.173,feed,200,0.340,backend-2,true
0.173,feed,200,0.190,backend-2,true
0.088,message,201,87.030,backend-1,true
0.088,message,201,87.360,backend-1,true
0.088,message,201,87.360,backend-1,true
0.089,message,201,86.820,backend-1,true
0.089,message,201,86.720,backend-1,true
0.114,message,201,61.580,backend-1,true
0.114,message,201,61.310,backend-1,true
0.114,message,201,61.340,backend-1,true
0.114,message,201,61.320,backend-1,true
0.114,message,201,61.320,backend-1,true
0.114,message,201,61.440,backend-1,true
0.114,message,201,61.500,backend-1,true
0.176,feed,200,0.140,backend-2,true
0.115,message,201,61.240,backend-1,true
0.115,message,201,61.310,backend-1,true
0.114,message,201,61.350,backend-1,true
0.115,message,201,61.320,backend-1,true
0.115,message,201,61.400,backend-1,true
0.115,message,201,61.250,backend-1,true
0.176,feed,200,0.140,backend-2,true
0.115,message,201,61.290,backend-1,true
0.115,message,201,61.320,backend-1,true
0.115,message,201,61.120,backend-1,true
0.154,message,201,22.490,backend-3,true
0.176,feed,200,0.200,backend-2,true
0.154,message,201,22.500,backend-3,true
0.115,message,201,61.310,backend-1,true
0.156,message,201,20.600,backend-3,true
0.155,message,201,20.990,backend-3,true
0.176,feed,200,0.300,backend-1,true
0.156,message,201,20.640,backend-3,true
0.176,feed,200,0.180,backend-2,true
0.176,feed,200,0.200,backend-2,true
0.176,feed,200,0.170,backend-2,true
0.176,feed,200,0.190,backend-1,true
0.156,message,201,20.580,backend-3,true
0.155,message,201,21.280,backend-3,true
0.155,message,201,21.120,backend-3,true
0.156,message,201,20.890,backend-3,true
0.156,message,201,20.950,backend-3,true
0.156,message,201,20.960,backend-3,true
0.155,message,201,21.750,backend-3,true
0.136,message,201,40.520,backend-3,true
0.136,message,201,40.680,backend-3,true
0.138,message,201,38.430,backend-3,true
0.177,feed,200,0.240,backend-2,true
0.138,message,201,38.590,backend-3,true
0.138,message,201,38.670,backend-3,true
0.177,feed,200,0.240,backend-2,true
0.177,feed,200,0.290,backend-1,true
0.176,message,201,3.890,backend-2,true
0.176,message,201,3.560,backend-2,true
0.177,message,201,2.580,backend-2,true
0.179,feed,200,0.160,backend-1,true
