t_s,route,status,latency_ms,backend,ok
0.000,message,201,19.730,backend-1,true
0.001,message,201,19.570,backend-1,true
0.001,message,201,19.900,backend-1,true
0.001,message,201,20.300,backend-3,true
0.001,message,201,20.250,backend-1,true
0.001,message,201,20.810,backend-3,true
0.001,message,201,20.810,backend-3,true
0.001,message,201,20.980,backend-2,true
0.001,message,201,20.910,backend-2,true
0.001,message,201,21.030,backend-3,true
0.001,message,201,21.040,backend-2,true
0.001,message,201,22.030,backend-3,true
0.001,message,201,22.090,backend-3,true
0.001,message,201,21.880,backend-3,true
0.001,message,201,21.960,backend-3,true
0.001,message,201,22.270,backend-3,true
0.001,message,201,21.960,backend-2,true
0.001,message,201,23.330,backend-2,true
0.001,message,201,23.770,backend-1,true
0.002,message,201,23.300,backend-1,true
0.001,message,201,23.730,backend-2,true
0.001,message,201,23.880,backend-1,true
0.001,message,201,24.010,backend-2,true
0.001,message,201,24.570,backend-1,true
0.001,message,201,24.860,backend-3,true
0.001,message,201,24.460,backend-2,true
0.002,message,201,24.020,backend-2,true
0.001,message,201,27.520,backend-1,true
0.005,message,201,24.410,backend-3,true
0.002,message,201,27.020,backend-1,true
0.002,message,201,27.280,backend-3,true
0.004,message,201,24.860,backend-1,true
0.002,message,201,27.600,backend-1,true
0.002,message,201,27.820,backend-2,true
0.003,message,201,27.760,backend-1,true
0.004,message,201,26.590,backend-3,true
0.008,message,201,24.230,backend-3,true
0.003,message,201,29.770,backend-2,true
0.003,message,201,29.510,backend-2,true
0.008,message,201,23.990,backend-2,true
0.001,message,201,31.610,backend-3,true
0.002,message,201,30.260,backend-1,true
0.001,message,201,31.530,backend-1,true
0.003,message,201,29.540,backend-2,true
0.008,message,201,24.140,backend-1,true
0.005,message,201,27.670,backend-3,true
0.004,message,201,28.080,backend-3,true
0.006,message,201,26.890,backend-3,true
0.001,message,201,31.710,backend-3,true
0.005,message,201,27.760,backend-2,true
0.009,message,201,23.700,backend-2,true
0.002,message,201,30.810,backend-2,true
0.008,message,201,24.160,backend-2,true
0.003,message,201,29.590,backend-2,true
0.004,message,201,28.930,backend-1,true
0.003,message,201,29.490,backend-3,true
0.006,message,201,27.050,backend-3,true
0.002,message,201,30.400,backend-3,true
0.004,message,201,28.940,backend-1,true
0.004,message,201,28.500,backend-2,true
0.005,message,201,27.990,backend-3,true
0.001,message,201,31.680,backend-2,true
0.004,message,201,28.220,backend-1,true
0.004,message,201,29.030,backend-1,true
0.003,message,201,29.790,backend-1,true
0.001,message,201,31.350,backend-2,true
0.004,message,201,28.900,backend-2,true
0.004,message,201,28.740,backend-1,true
0.003,message,201,29.640,backend-3,true
0.001,message,201,31.860,backend-1,true
0.004,message,201,28.500,backend-1,true
0.009,message,201,24.230,backend-2,true
0.003,message,201,29.710,backend-1,true
0.005,message,201,27.850,backend-1,true
0.003,message,201,29.500,backend-1,true
0.005,message,201,27.970,backend-3,true
0.003,message,201,29.590,backend-1,true
0.001,message,201,31.530,backend-1,true
0.004,message,201,28.670,backend-1,true
0.006,message,201,26.710,backend-2,true
0.002,message,201,30.690,backend-3,true
0.006,message,201,26.660,backend-2,true
0.005,message,201,28.020,backend-2,true
0.002,message,201,30.870,backend-3,true
0.003,message,201,29.640,backend-2,true
0.002,message,201,30.850,backend-1,true
0.001,message,201,31.590,backend-3,true
0.004,message,201,28.500,backend-3,true
0.002,message,201,30.890,backend-2,true
0.008,message,201,24.610,backend-2,true
0.007,message,201,26.130,backend-3,true
0.001,message,201,31.820,backend-1,true
0.001,message,201,31.930,backend-3,true
0.001,message,201,31.720,backend-3,true
0.008,message,201,24.630,backend-3,true
0.001,message,201,31.750,backend-1,true
0.002,message,201,30.770,backend-3,true
0.009,message,201,24.210,backend-2,true
0.002,message,201,30.990,backend-2,true
0.001,message,201,32.020,backend-3,true
0.006,message,201,27.450,backend-1,true
0.002,message,201,30.910,backend-1,true
0.004,message,201,29.030,backend-2,true
0.006,message,201,27.390,backend-1,true
0.001,message,201,32.600,backend-2,true
0.004,message,201,28.950,backend-3,true
0.004,message,201,29.410,backend-3,true
0.004,message,201,29.470,backend-2,true
0.005,message,201,28.190,backend-1,true
0.005,message,201,28.240,backend-1,true
0.004,message,201,29.280,backend-3,true
0.003,message,201,30.580,backend-2,true
0.004,message,201,29.120,backend-2,true
0.008,message,201,24.860,backend-3,true
0.009,message,201,24.390,backend-3,true
0.005,message,201,28.530,backend-2,true
0.001,message,201,32.100,backend-2,true
0.002,message,201,31.340,backend-2,true
0.004,message,201,28.990,backend-2,true
0.005,message,201,28.780,backend-2,true
0.004,message,201,29.530,backend-1,true
0.005,message,201,28.400,backend-1,true
0.002,message,201,31.230,backend-2,true
0.002,message,201,31.120,backend-1,true
0.003,message,201,30.710,backend-1,true
0.005,message,201,28.650,backend-3,true
0.006,message,201,27.500,backend-2,true
0.005,message,201,28.490,backend-2,true
0.001,message,201,32.250,backend-3,true
0.002,message,201,31.170,backend-1,true
0.005,message,201,28.610,backend-2,true
0.001,message,201,32.240,backend-3,true
0.008,message,201,25.130,backend-1,true
0.001,message,201,32.430,backend-1,true
0.001,message,201,32.520,backend-2,true
0.002,message,201,31.470,backend-2,true
0.005,message,201,28.740,backend-2,true
0.004,message,201,29.350,backend-2,true
0.006,message,201,27.720,backend-2,true
0.002,message,201,31.540,backend-2,true
0.006,message,201,28.000,backend-3,true
0.002,message,201,31.380,backend-2,true
0.002,message,201,31.250,backend-3,true
0.002,message,201,31.390,backend-3,true
0.003,message,201,30.350,backend-3,true
0.004,message,201,29.640,backend-3,true
0.004,message,201,29.840,backend-2,true
0.005,message,201,28.900,backend-2,true
0.001,message,201,32.600,backend-2,true
0.001,message,201,32.280,backend-2,true
0.005,message,201,28.950,backend-3,true
0.005,message,201,28.850,backend-3,true
0.004,message,201,29.260,backend-2,true
0.005,message,201,28.790,backend-2,true
0.001,message,201,32.820,backend-1,true
0.005,message,201,28.880,backend-2,true
0.004,message,201,29.800,backend-2,true
0.003,message,201,30.820,backend-3,true
0.001,message,201,32.870,backend-3,true
0.001,message,201,32.760,backend-3,true
0.004,message,201,29.890,backend-2,true
0.004,message,201,30.120,backend-2,true
0.004,message,201,30.150,backend-2,true
0.004,message,201,30.130,backend-2,true
0.003,message,201,31.450,backend-2,true
0.003,message,201,31.070,backend-2,true
0.002,message,201,31.950,backend-2,true
0.004,message,201,30.230,backend-2,true
0.001,message,201,33.270,backend-2,true
0.004,message,201,30.540,backend-3,true
0.002,message,201,32.370,backend-3,true
0.002,message,201,32.430,backend-1,true
0.002,message,201,32.250,backend-3,true
0.002,message,201,32.110,backend-3,true
0.002,message,201,32.760,backend-1,true
0.002,message,201,32.830,backend-1,true
0.003,message,201,31.620,backend-1,true
0.002,message,201,32.530,backend-1,true
0.002,message,201,32.650,backend-3,true
0.002,message,201,32.520,backend-3,true
0.003,message,201,31.750,backend-3,true
0.004,message,201,30.710,backend-1,true
0.001,message,201,33.100,backend-3,true
0.004,message,201,30.140,backend-1,true
0.002,message,201,32.220,backend-1,true
0.003,message,201,31.920,backend-1,true
0.004,message,201,30.260,backend-3,true
0.004,message,201,30.760,backend-3,true
0.004,message,201,30.830,backend-3,true
0.003,message,201,31.660,backend-1,true
0.003,message,201,31.880,backend-3,true
0.004,message,201,30.350,backend-1,true
0.004,message,201,30.860,backend-1,true
0.004,message,201,30.760,backend-1,true
0.003,message,201,32.120,backend-3,true
0.001,message,201,33.660,backend-1,true
0.001,message,201,33.560,backend-1,true
0.001,message,201,33.920,backend-3,true
0.002,message,201,32.660,backend-3,true
0.002,message,201,32.750,backend-1,true
0.002,message,201,33.200,backend-3,true
0.001,message,201,33.640,backend-3,true
0.002,message,201,33.220,backend-3,true
0.002,message,201,33.110,backend-3,true
0.002,message,201,32.950,backend-3,true
0.001,message,201,33.830,backend-2,true
0.002,message,201,33.390,backend-1,true
0.001,message,201,34.170,backend-1,true
0.009,message,201,26.340,backend-1,true
0.002,message,201,33.480,backend-1,true
0.021,message,201,14.520,backend-2,true
0.001,message,201,34.170,backend-1,true
0.002,message,201,33.390,backend-2,true
0.001,message,201,33.870,backend-3,true
0.002,message,201,33.620,backend-3,true
0.002,message,201,33.090,backend-3,true
0.002,message,201,33.700,backend-1,true
0.001,message,201,34.250,backend-1,true
0.002,message,201,33.600,backend-2,true
0.001,message,201,33.970,backend-2,true
0.002,message,201,33.650,backend-3,true
0.002,message,201,33.870,backend-1,true
0.003,message,201,32.450,backend-2,true
0.002,message,201,33.830,backend-1,true
0.002,message,201,33.570,backend-1,true
0.001,message,201,34.320,backend-2,true
0.002,message,201,34.150,backend-1,true
0.002,message,201,34.140,backend-2,true
0.002,message,201,34.030,backend-2,true
0.002,message,201,34.110,backend-1,true
0.001,message,201,35.050,backend-2,true
0.002,message,201,34.180,backend-1,true
0.023,message,201,12.930,backend-1,true
0.021,message,201,15.090,backend-3,true
0.009,message,201,26.790,backend-2,true
0.009,message,201,26.780,backend-3,true
0.010,message,201,26.210,backend-2,true
0.011,message,201,25.760,backend-2,true
0.010,message,201,25.990,backend-2,true
0.022,message,201,14.880,backend-3,true
0.010,message,201,26.620,backend-1,true
0.010,message,201,26.610,backend-3,true
0.031,message,201,6.140,backend-2,true
0.009,message,201,27.700,backend-1,true
0.026,message,201,11.080,backend-1,true
0.010,message,201,26.620,backend-2,true
0.003,message,201,34.080,backend-3,true
0.022,message,201,15.280,backend-3,true
0.003,message,201,34.050,backend-1,true
0.009,message,201,28.090,backend-1,true
0.010,message,201,26.770,backend-3,true
0.010,message,201,26.680,backend-2,true
0.033,message,201,4.130,backend-2,true
0.010,message,201,27.450,backend-3,true
0.009,message,201,27.700,backend-1,true
0.025,message,201,12.250,backend-1,true
0.009,message,201,27.820,backend-2,true
0.025,message,201,11.680,backend-1,true
0.010,message,201,27.190,backend-3,true
0.029,message,201,8.000,backend-1,true
0.010,message,201,27.320,backend-3,true
0.023,message,201,13.920,backend-3,true
0.009,message,201,28.170,backend-3,true
0.033,message,201,6.070,backend-2,true
0.005,message,201,34.070,backend-2,true
0.033,message,201,5.330,backend-2,true
0.033,message,201,5.350,backend-1,true
0.033,message,201,5.470,backend-2,true
0.033,message,201,6.100,backend-2,true
0.026,message,201,13.210,backend-1,true
0.033,message,201,5.520,backend-2,true
0.033,message,201,6.290,backend-1,true
0.033,message,201,6.220,backend-2,true
0.020,message,201,18.610,backend-2,true
0.022,message,201,17.270,backend-1,true
0.033,message,201,6.070,backend-2,true
0.022,message,201,17.020,backend-2,true
0.004,message,201,35.180,backend-3,true
0.033,message,201,6.080,backend-2,true
0.033,message,201,6.230,backend-1,true
0.009,message,201,29.700,backend-1,true
0.033,message,201,5.640,backend-2,true
0.029,message,201,9.530,backend-2,true
0.033,message,201,6.240,backend-2,true
0.033,message,201,6.100,backend-2,true
0.003,message,201,36.180,backend-1,true
0.033,message,201,5.690,backend-2,true
0.033,message,201,6.300,backend-1,true
0.033,message,201,6.480,backend-2,true
0.010,message,201,29.480,backend-1,true
0.033,message,201,6.120,backend-2,true
0.033,message,201,6.560,backend-2,true
0.033,message,201,5.760,backend-2,true
0.033,message,201,6.520,backend-2,true
0.033,message,201,6.540,backend-2,true
0.033,message,201,6.470,backend-2,true
0.010,message,201,28.960,backend-3,true
0.033,message,201,6.500,backend-2,true
0.003,message,201,36.580,backend-1,true
0.022,message,201,17.480,backend-1,true
0.009,message,201,30.410,backend-1,true
0.010,message,201,30.310,backend-1,true
0.010,message,201,30.140,backend-1,true
0.010,message,201,29.860,backend-3,true
0.009,message,201,30.880,backend-3,true
0.011,message,201,29.440,backend-3,true
0.010,message,201,30.580,backend-3,true
0.010,message,201,30.480,backend-3,true
0.011,message,201,29.510,backend-2,true
0.004,message,201,35.710,backend-1,true
0.033,message,201,9.820,backend-1,true
0.033,message,201,10.180,backend-1,true
0.033,message,201,10.200,backend-1,true
0.033,message,201,10.110,backend-2,true
0.033,message,201,10.220,backend-2,true
0.011,message,201,32.340,backend-3,true
0.010,message,201,32.620,backend-3,true
0.033,message,201,10.170,backend-1,true
0.011,message,201,32.320,backend-3,true
0.010,message,201,32.960,backend-1,true
0.006,message,201,37.370,backend-2,true
0.010,message,201,32.810,backend-3,true
0.033,message,201,10.170,backend-1,true
0.005,message,201,38.490,backend-3,true
0.033,message,201,10.210,backend-2,true
0.009,message,201,33.950,backend-1,true
0.029,message,201,14.160,backend-2,true
0.009,message,201,34.060,backend-3,true
0.025,message,201,17.850,backend-1,true
0.010,message,201,33.420,backend-1,true
0.009,message,201,34.070,backend-3,true
0.020,message,201,22.840,backend-2,true
0.025,message,201,18.130,backend-2,true
0.005,message,201,38.610,backend-3,true
0.010,message,201,32.900,backend-1,true
0.029,message,201,13.870,backend-2,true
0.032,message,201,11.560,backend-3,true
0.033,message,201,11.010,backend-2,true
0.034,message,201,10.410,backend-3,true
0.033,message,201,11.060,backend-2,true
0.010,message,201,33.810,backend-3,true
0.034,message,201,9.980,backend-1,true
0.035,message,201,9.410,backend-2,true
0.033,message,201,11.840,backend-2,true
0.033,message,201,11.960,backend-3,true
0.033,message,201,11.420,backend-3,true
0.034,message,201,11.030,backend-3,true
0.033,message,201,11.650,backend-1,true
0.035,message,201,10.030,backend-1,true
0.034,message,201,11.150,backend-3,true
0.034,message,201,11.140,backend-1,true
0.033,message,201,11.280,backend-3,true
0.034,message,201,10.720,backend-2,true
0.033,message,201,11.400,backend-1,true
0.035,message,201,10.160,backend-1,true
0.033,message,201,11.770,backend-3,true
0.033,message,201,11.550,backend-3,true
0.033,message,201,11.800,backend-3,true
0.034,message,201,11.110,backend-2,true
0.035,message,201,10.130,backend-1,true
0.033,message,201,12.000,backend-1,true
0.033,message,201,11.600,backend-3,true
0.033,message,201,12.020,backend-3,true
0.010,message,201,34.940,backend-3,true
0.033,message,201,12.230,backend-2,true
0.039,message,201,6.340,backend-3,true
0.035,message,201,10.550,backend-2,true
0.037,message,201,8.100,backend-1,true
0.033,message,201,12.010,backend-2,true
0.034,message,201,11.680,backend-2,true
0.035,message,201,10.580,backend-2,true
0.034,message,201,11.760,backend-3,true
0.033,message,201,12.760,backend-2,true
0.037,message,201,8.360,backend-2,true
0.034,message,201,11.120,backend-1,true
0.033,message,201,12.010,backend-1,true
0.033,message,201,12.000,backend-3,true
0.033,message,201,12.310,backend-3,true
0.034,message,201,11.140,backend-1,true
0.034,message,201,11.810,backend-2,true
0.037,message,201,8.510,backend-2,true
0.033,message,201,12.330,backend-3,true
0.032,message,201,13.210,backend-1,true
0.033,message,201,12.790,backend-3,true
0.037,message,201,8.770,backend-2,true
0.034,message,201,11.330,backend-1,true
0.032,message,201,13.380,backend-1,true
0.033,message,201,12.940,backend-3,true
0.034,message,201,12.260,backend-1,true
0.035,message,201,11.250,backend-2,true
0.033,message,201,12.820,backend-3,true
0.034,message,201,11.550,backend-1,true
0.032,message,201,13.580,backend-1,true
0.033,message,201,12.650,backend-3,true
0.034,message,201,12.570,backend-3,true
0.033,message,201,12.900,backend-1,true
0.039,message,201,7.200,backend-2,true
0.035,message,201,11.670,backend-1,true
0.033,message,201,12.960,backend-1,true
0.033,message,201,13.230,backend-3,true
0.033,message,201,12.980,backend-3,true
0.035,message,201,11.070,backend-2,true
0.034,message,201,12.620,backend-1,true
0.034,message,201,12.830,backend-1,true
0.035,message,201,11.520,backend-1,true
0.034,message,201,12.740,backend-3,true
0.034,message,201,12.300,backend-3,true
0.034,message,201,12.470,backend-3,true
0.034,message,201,12.770,backend-3,true
0.034,message,201,12.090,backend-2,true
0.021,message,201,25.560,backend-3,true
0.034,message,201,12.320,backend-1,true
0.036,message,201,10.320,backend-1,true
0.025,message,201,21.370,backend-1,true
0.034,message,201,12.560,backend-3,true
0.033,message,201,13.880,backend-3,true
0.005,message,201,42.080,backend-3,true
0.034,message,201,12.450,backend-2,true
0.010,message,201,36.690,backend-3,true
0.036,message,201,10.720,backend-1,true
0.034,message,201,12.570,backend-3,true
0.010,message,201,36.560,backend-2,true
0.034,message,201,12.670,backend-3,true
0.034,message,201,12.640,backend-2,true
0.034,message,201,12.800,backend-3,true
0.035,message,201,12.270,backend-1,true
0.033,message,201,13.850,backend-2,true
0.034,message,201,12.730,backend-3,true
0.034,message,201,12.770,backend-3,true
0.034,message,201,12.840,backend-2,true
0.035,message,201,13.390,backend-3,true
0.035,message,201,12.810,backend-1,true
0.023,message,201,24.520,backend-1,true
0.034,message,201,13.530,backend-3,true
0.035,message,201,13.030,backend-3,true
0.037,message,201,10.930,backend-1,true
0.033,message,201,15.290,backend-2,true
0.034,message,201,13.700,backend-2,true
0.034,message,201,14.560,backend-2,true
0.035,message,201,13.430,backend-1,true
0.033,message,201,14.710,backend-1,true
0.033,message,201,15.140,backend-1,true
0.010,message,201,38.200,backend-1,true
0.033,message,201,14.920,backend-2,true
0.035,message,201,13.700,backend-2,true
0.034,message,201,14.650,backend-1,true
0.009,message,201,38.900,backend-3,true
0.034,message,201,14.660,backend-2,true
0.036,message,201,12.610,backend-3,true
0.034,message,201,14.720,backend-2,true
0.033,message,201,15.560,backend-1,true
0.035,message,201,13.170,backend-3,true
0.033,message,201,15.140,backend-1,true
0.039,message,201,9.340,backend-1,true
0.037,message,201,11.170,backend-1,true
0.033,message,201,15.340,backend-1,true
0.039,message,201,9.090,backend-3,true
0.035,message,201,13.290,backend-3,true
0.011,message,201,37.600,backend-3,true
0.033,message,201,15.300,backend-1,true
0.009,message,201,38.910,backend-1,true
0.034,message,201,14.790,backend-2,true
0.033,message,201,15.200,backend-2,true
0.033,message,201,15.750,backend-3,true
0.035,message,201,13.680,backend-2,true
0.033,message,201,15.510,backend-3,true
0.010,message,201,38.420,backend-3,true
0.033,message,201,15.560,backend-3,true
0.037,message,201,11.780,backend-1,true
0.033,message,201,15.740,backend-3,true
0.034,message,201,14.560,backend-1,true
0.033,message,201,15.780,backend-3,true
0.033,message,201,15.790,backend-3,true
0.033,message,201,15.670,backend-2,true
0.033,message,201,15.780,backend-3,true
0.003,message,201,45.570,backend-3,true
0.023,message,201,25.120,backend-2,true
0.024,message,201,24.110,backend-2,true
0.033,message,201,15.770,backend-2,true
0.005,message,201,44.000,backend-3,true
0.037,message,201,11.540,backend-1,true
0.033,message,201,15.900,backend-1,true
0.029,message,201,19.280,backend-2,true
0.023,message,201,25.280,backend-3,true
0.036,message,201,12.860,backend-3,true
0.037,message,201,11.500,backend-2,true
0.033,message,201,16.020,backend-3,true
0.011,message,201,37.830,backend-3,true
0.004,message,201,44.150,backend-3,true
0.003,message,201,45.650,backend-3,true
0.023,message,201,25.280,backend-3,true
0.033,message,201,15.250,backend-2,true
0.035,message,201,13.310,backend-2,true
0.033,message,201,15.920,backend-1,true
0.034,message,201,15.140,backend-2,true
0.033,message,201,16.060,backend-2,true
0.011,message,201,37.870,backend-1,true
0.036,message,201,13.120,backend-2,true
0.022,message,201,26.900,backend-1,true
0.026,message,201,23.070,backend-1,true
0.033,message,201,15.360,backend-3,true
0.039,message,201,9.930,backend-3,true
0.034,message,201,14.520,backend-2,true
0.033,message,201,16.230,backend-3,true
0.025,message,201,24.030,backend-1,true
0.036,message,201,12.500,backend-2,true
0.010,message,201,38.390,backend-2,true
0.029,message,201,20.100,backend-1,true
0.033,message,201,15.660,backend-2,true
0.033,message,201,15.520,backend-3,true
0.037,message,201,12.040,backend-2,true
0.010,message,201,39.040,backend-1,true
0.033,message,201,15.410,backend-1,true
0.037,message,201,11.640,backend-2,true
0.035,message,201,13.560,backend-3,true
0.011,message,201,38.260,backend-1,true
0.033,message,201,16.240,backend-2,true
0.039,message,201,9.920,backend-1,true
0.033,message,201,16.090,backend-1,true
0.029,message,201,19.580,backend-1,true
0.035,message,201,13.950,backend-1,true
0.033,message,201,15.740,backend-2,true
0.035,message,201,13.760,backend-1,true
0.033,message,201,16.370,backend-3,true
0.033,message,201,17.370,backend-3,true
0.033,message,201,17.720,backend-2,true
0.032,message,201,18.360,backend-2,true
0.034,message,201,17.290,backend-2,true
0.035,message,201,16.780,backend-3,true
0.037,message,201,14.760,backend-2,true
0.037,message,201,14.460,backend-2,true
0.037,message,201,14.410,backend-2,true
0.045,message,201,6.980,backend-3,true
0.035,message,201,16.810,backend-3,true
0.045,message,201,7.040,backend-3,true
0.035,message,201,17.030,backend-2,true
0.037,message,201,14.540,backend-2,true
0.037,message,201,14.680,backend-2,true
0.039,message,201,13.000,backend-3,true
0.044,message,201,7.290,backend-3,true
0.035,message,201,16.830,backend-2,true
0.037,message,201,14.770,backend-2,true
0.044,message,201,7.430,backend-3,true
0.039,message,201,12.850,backend-2,true
0.035,message,201,16.680,backend-2,true
0.035,message,201,17.110,backend-2,true
0.039,message,201,12.960,backend-2,true
0.039,message,201,13.170,backend-3,true
0.035,message,201,16.510,backend-2,true
0.035,message,201,16.820,backend-2,true
0.035,message,201,17.410,backend-3,true
0.036,message,201,16.180,backend-3,true
0.037,message,201,15.150,backend-3,true
0.044,message,201,7.800,backend-3,true
0.045,message,201,6.590,backend-3,true
0.037,message,201,15.100,backend-1,true
0.044,message,201,8.030,backend-3,true
0.046,message,201,5.970,backend-3,true
0.045,message,201,7.320,backend-3,true
0.037,message,201,15.530,backend-1,true
0.040,message,201,12.060,backend-3,true
0.045,message,201,7.400,backend-3,true
0.036,message,201,16.330,backend-1,true
0.035,message,201,16.850,backend-2,true
0.049,message,201,3.380,backend-2,true
0.045,message,201,7.470,backend-3,true
0.039,message,201,13.410,backend-1,true
0.035,message,201,17.090,backend-1,true
0.046,message,201,6.210,backend-3,true
0.045,message,201,6.970,backend-3,true
0.036,message,201,16.900,backend-1,true
0.043,message,201,9.510,backend-1,true
0.037,message,201,15.440,backend-3,true
0.045,message,201,7.550,backend-3,true
0.044,message,201,8.280,backend-3,true
0.045,message,201,7.680,backend-3,true
0.047,message,201,5.510,backend-3,true
0.045,message,201,7.540,backend-3,true
0.046,message,201,6.960,backend-3,true
0.039,message,201,14.010,backend-3,true
0.046,message,201,6.210,backend-3,true
0.040,message,201,12.630,backend-3,true
0.046,message,201,7.070,backend-3,true
0.040,message,201,12.720,backend-3,true
0.035,message,201,17.520,backend-3,true
0.039,message,201,14.000,backend-2,true
0.045,message,201,7.850,backend-1,true
0.046,message,201,6.420,backend-3,true
0.044,message,201,8.580,backend-3,true
0.046,message,201,7.330,backend-3,true
0.045,message,201,8.270,backend-2,true
0.039,message,201,14.350,backend-1,true
0.039,message,201,14.390,backend-3,true
0.047,message,201,6.470,backend-3,true
0.044,message,201,8.970,backend-1,true
0.046,message,201,6.830,backend-3,true
0.047,message,201,6.560,backend-3,true
0.045,message,201,8.270,backend-3,true
0.048,message,201,4.900,backend-2,true
0.036,message,201,16.800,backend-1,true
0.046,message,201,7.680,backend-3,true
0.046,message,201,6.810,backend-2,true
0.046,message,201,7.330,backend-3,true
0.046,message,201,7.120,backend-3,true
0.046,message,201,6.920,backend-2,true
0.045,message,201,8.300,backend-1,true
0.045,message,201,8.850,backend-1,true
0.048,message,201,5.100,backend-2,true
0.039,message,201,14.310,backend-2,true
0.045,message,201,8.320,backend-2,true
0.045,message,201,8.270,backend-3,true
0.047,message,201,6.730,backend-2,true
0.045,message,201,9.030,backend-1,true
0.045,message,201,8.590,backend-3,true
0.046,message,201,7.610,backend-3,true
0.045,message,201,8.330,backend-2,true
0.045,message,201,8.920,backend-3,true
0.044,message,201,9.500,backend-1,true
0.040,message,201,13.500,backend-3,true
0.047,message,201,7.180,backend-2,true
0.039,message,201,14.830,backend-1,true
0.045,message,201,10.030,backend-2,true
0.043,message,201,12.390,backend-2,true
0.036,message,201,19.010,backend-2,true
0.037,message,201,18.290,backend-2,true
0.039,message,201,16.020,backend-2,true
0.046,message,201,9.000,backend-2,true
0.039,message,201,16.280,backend-2,true
0.046,message,201,9.290,backend-2,true
0.045,message,201,10.110,backend-2,true
0.046,message,201,9.270,backend-2,true
0.046,message,201,9.980,backend-2,true
0.036,message,201,19.750,backend-2,true
0.047,message,201,8.780,backend-2,true
0.036,message,201,19.410,backend-2,true
0.039,message,201,17.000,backend-2,true
0.035,message,201,20.690,backend-2,true
0.039,message,201,16.700,backend-2,true
0.046,message,201,10.250,backend-2,true
0.035,message,201,20.820,backend-2,true
0.046,message,201,10.580,backend-2,true
0.039,message,201,17.390,backend-2,true
0.048,message,201,8.260,backend-2,true
0.047,message,201,9.020,backend-2,true
0.048,message,201,8.400,backend-2,true
0.036,message,201,19.890,backend-2,true
0.043,message,201,13.220,backend-2,true
0.039,message,201,17.470,backend-2,true
0.049,message,201,7.650,backend-2,true
0.049,message,201,8.090,backend-2,true
0.045,message,201,11.180,backend-2,true
0.043,message,201,13.540,backend-2,true
0.046,message,201,10.610,backend-2,true
0.043,message,201,13.710,backend-2,true
0.045,message,201,11.380,backend-2,true
0.045,message,201,12.070,backend-2,true
0.043,message,201,13.740,backend-2,true
0.046,message,201,10.630,backend-2,true
0.047,message,201,10.280,backend-2,true
0.043,message,201,14.000,backend-2,true
0.052,message,201,5.250,backend-3,true
0.051,message,201,6.300,backend-3,true
0.052,message,201,5.330,backend-3,true
0.046,message,201,11.280,backend-1,true
0.046,message,201,11.100,backend-1,true
0.051,message,201,6.430,backend-3,true
0.037,message,201,20.680,backend-3,true
0.052,message,201,5.370,backend-3,true
0.045,message,201,12.020,backend-1,true
0.052,message,201,5.470,backend-3,true
0.039,message,201,18.250,backend-3,true
0.047,message,201,10.280,backend-1,true
0.036,message,201,21.390,backend-3,true
0.045,message,201,12.040,backend-3,true
0.045,message,201,12.160,backend-1,true
0.049,message,201,8.840,backend-3,true
0.049,message,201,8.530,backend-3,true
0.040,message,201,17.340,backend-1,true
0.051,message,201,6.660,backend-3,true
0.049,message,201,8.930,backend-3,true
0.052,message,201,5.530,backend-3,true
0.052,message,201,5.600,backend-3,true
0.051,message,201,6.770,backend-3,true
0.049,message,201,8.830,backend-3,true
0.049,message,201,8.840,backend-3,true
0.047,message,201,11.070,backend-1,true
0.052,feed,200,5.610,backend-2,true
0.052,message,201,5.680,backend-3,true
0.052,message,201,5.660,backend-3,true
0.052,message,201,7.580,backend-3,true
0.049,message,201,11.030,backend-3,true
0.046,message,201,13.660,backend-1,true
0.046,message,201,14.520,backend-1,true
0.049,message,201,11.840,backend-3,true
0.049,message,201,12.060,backend-3,true
0.049,message,201,11.690,backend-3,true
0.045,message,201,15.450,backend-1,true
0.047,message,201,13.700,backend-1,true
0.031,message,201,30.140,backend-1,true
0.053,message,201,7.770,backend-2,true
0.036,message,201,24.870,backend-1,true
0.039,message,201,21.800,backend-3,true
0.052,message,201,9.250,backend-2,true
0.048,message,201,12.510,backend-3,true
0.039,message,201,22.170,backend-2,true
0.048,message,201,12.770,backend-2,true
0.049,message,201,12.420,backend-3,true
0.045,message,201,15.770,backend-1,true
0.046,message,201,14.830,backend-3,true
0.049,message,201,12.340,backend-2,true
0.049,message,201,12.770,backend-2,true
0.046,message,201,15.240,backend-1,true
0.052,message,201,9.510,backend-2,true
0.054,message,201,7.720,backend-2,true
0.054,message,201,7.870,backend-2,true
0.052,message,201,9.770,backend-3,true
0.049,message,201,12.700,backend-2,true
0.046,message,201,15.080,backend-3,true
0.052,message,201,9.690,backend-3,true
0.052,message,201,9.760,backend-3,true
0.045,message,201,16.810,backend-1,true
0.046,message,201,15.720,backend-1,true
0.049,message,201,12.620,backend-3,true
0.052,message,201,9.950,backend-2,true
0.043,message,201,18.860,backend-1,true
0.043,message,201,19.000,backend-1,true
0.043,message,201,18.990,backend-2,true
0.048,message,201,13.980,backend-1,true
0.048,message,201,14.070,backend-2,true
0.043,message,201,19.080,backend-1,true
0.043,message,201,18.960,backend-1,true
0.043,message,201,19.190,backend-2,true
0.054,message,201,8.510,backend-3,true
0.047,message,201,14.940,backend-1,true
0.043,message,201,19.080,backend-1,true
0.048,message,201,14.140,backend-1,true
0.043,message,201,19.310,backend-1,true
0.048,message,201,14.230,backend-1,true
0.055,message,201,6.980,backend-3,true
0.049,message,201,13.580,backend-3,true
0.053,message,201,8.860,backend-3,true
0.040,message,201,22.290,backend-1,true
0.053,message,201,9.790,backend-3,true
0.046,message,201,16.540,backend-1,true
0.053,message,201,9.790,backend-3,true
0.048,message,201,14.170,backend-2,true
0.053,message,201,9.560,backend-2,true
0.052,message,201,10.440,backend-2,true
0.048,message,201,14.350,backend-2,true
0.054,message,201,8.740,backend-3,true
0.052,message,201,10.240,backend-3,true
0.043,message,201,19.640,backend-1,true
0.052,message,201,10.860,backend-3,true
0.049,message,201,13.800,backend-2,true
0.053,message,201,9.840,backend-3,true
0.039,message,201,23.230,backend-1,true
0.053,message,201,9.370,backend-3,true
0.039,message,201,23.260,backend-1,true
0.052,message,201,10.030,backend-3,true
0.043,message,201,19.470,backend-1,true
0.052,message,201,10.550,backend-2,true
0.047,message,201,15.620,backend-1,true
0.053,message,201,9.910,backend-3,true
0.039,message,201,23.340,backend-1,true
0.053,message,201,9.080,backend-3,true
0.054,message,201,8.940,backend-3,true
0.043,message,201,19.510,backend-1,true
0.055,message,201,7.500,backend-3,true
0.053,message,201,9.790,backend-3,true
0.057,feed,200,5.510,backend-3,true
0.053,message,201,9.930,backend-3,true
0.043,message,201,19.700,backend-1,true
0.045,message,201,17.480,backend-1,true
0.043,message,201,19.700,backend-1,true
0.035,message,201,27.390,backend-3,true
0.048,message,201,14.220,backend-2,true
0.053,message,201,9.310,backend-2,true
0.054,message,201,9.140,backend-3,true
0.053,message,201,9.360,backend-2,true
0.056,message,201,7.130,backend-3,true
0.053,message,201,9.520,backend-3,true
0.054,message,201,9.170,backend-3,true
0.053,message,201,9.750,backend-2,true
0.052,message,201,10.710,backend-2,true
0.053,message,201,10.050,backend-3,true
0.053,message,201,10.160,backend-2,true
0.053,message,201,10.100,backend-3,true
0.053,message,201,9.740,backend-3,true
0.052,message,201,10.460,backend-3,true
0.053,message,201,10.290,backend-3,true
0.051,message,201,11.390,backend-3,true
0.053,message,201,9.960,backend-3,true
0.052,message,201,10.800,backend-3,true
0.053,message,201,10.080,backend-2,true
0.053,message,201,9.680,backend-3,true
0.053,message,201,9.810,backend-3,true
0.053,message,201,10.130,backend-3,true
0.053,message,201,9.740,backend-3,true
0.052,message,201,10.550,backend-3,true
0.052,message,201,10.690,backend-3,true
0.056,message,201,7.390,backend-3,true
0.052,message,201,11.390,backend-2,true
0.049,message,201,14.150,backend-2,true
0.046,message,201,16.710,backend-1,true
0.043,message,201,19.910,backend-1,true
0.048,message,201,14.670,backend-3,true
0.047,message,201,15.980,backend-1,true
0.053,feed,200,10.230,backend-3,true
0.048,message,201,14.760,backend-3,true
0.039,message,201,24.130,backend-1,true
0.039,message,201,24.240,backend-1,true
0.039,message,201,24.270,backend-1,true
0.048,message,201,14.850,backend-2,true
0.043,message,201,20.200,backend-1,true
0.040,message,201,23.270,backend-1,true
0.047,message,201,16.340,backend-1,true
0.043,message,201,20.690,backend-1,true
0.048,message,201,15.350,backend-3,true
0.039,message,201,24.580,backend-1,true
0.039,message,201,24.640,backend-1,true
0.049,message,201,15.000,backend-3,true
0.043,message,201,20.440,backend-1,true
0.047,message,201,17.090,backend-1,true
0.043,message,201,21.040,backend-1,true
0.040,message,201,23.720,backend-1,true
0.049,message,201,14.970,backend-3,true
0.047,message,201,17.110,backend-1,true
0.039,message,201,24.770,backend-1,true
0.052,feed,200,11.700,backend-3,true
0.039,message,201,25.060,backend-1,true
0.047,message,201,16.900,backend-1,true
0.049,message,201,15.160,backend-3,true
0.046,message,201,17.640,backend-1,true
0.049,message,201,15.230,backend-3,true
0.049,message,201,15.430,backend-3,true
0.040,message,201,23.940,backend-1,true
0.048,message,201,15.960,backend-3,true
0.049,message,201,15.560,backend-1,true
0.049,message,201,15.610,backend-1,true
0.048,message,201,15.740,backend-3,true
0.049,message,201,15.630,backend-1,true
0.049,message,201,15.310,backend-1,true
0.048,message,201,15.840,backend-3,true
0.049,message,201,15.540,backend-1,true
0.056,message,201,8.000,backend-1,true
0.049,message,201,15.460,backend-1,true
0.046,message,201,18.370,backend-1,true
0.049,message,201,15.520,backend-1,true
0.057,message,201,7.240,backend-1,true
0.056,message,201,7.850,backend-1,true
0.048,message,201,15.960,backend-3,true
0.049,message,201,15.820,backend-1,true
0.056,message,201,8.000,backend-1,true
0.048,message,201,15.980,backend-3,true
0.059,feed,200,4.930,backend-3,true
0.063,feed,200,1.940,backend-3,true
0.051,message,201,13.030,backend-3,true
0.062,feed,200,2.170,backend-3,true
0.062,feed,200,2.030,backend-3,true
0.057,message,201,7.970,backend-1,true
0.063,feed,200,1.990,backend-3,true
0.049,message,201,15.930,backend-2,true
0.052,message,201,12.900,backend-3,true
0.049,message,201,16.030,backend-2,true
0.047,message,201,17.700,backend-1,true
0.056,message,201,9.740,backend-3,true
0.049,message,201,17.010,backend-2,true
0.056,message,201,10.150,backend-3,true
0.057,message,201,8.790,backend-3,true
0.057,message,201,8.760,backend-3,true
0.060,message,201,6.200,backend-2,true
0.048,message,201,17.500,backend-1,true
0.053,message,201,12.660,backend-2,true
0.063,feed,200,2.800,backend-2,true
0.053,message,201,12.490,backend-2,true
0.048,message,201,17.560,backend-1,true
0.058,feed,200,8.290,backend-3,true
0.052,message,201,14.210,backend-2,true
0.049,message,201,17.090,backend-2,true
0.048,message,201,17.440,backend-1,true
0.052,message,201,13.760,backend-2,true
0.057,message,201,9.000,backend-3,true
0.052,message,201,13.530,backend-2,true
0.055,message,201,10.940,backend-2,true
0.048,message,201,17.650,backend-1,true
0.052,message,201,13.510,backend-2,true
0.062,feed,200,3.660,backend-3,true
0.063,feed,200,3.080,backend-2,true
0.049,message,201,17.180,backend-2,true
0.056,message,201,9.750,backend-2,true
0.053,message,201,13.090,backend-2,true
0.055,message,201,10.610,backend-3,true
0.048,message,201,17.620,backend-2,true
0.052,message,201,14.200,backend-2,true
0.053,message,201,13.040,backend-2,true
0.063,feed,200,3.500,backend-3,true
0.049,message,201,17.460,backend-1,true
0.055,message,201,10.780,backend-2,true
0.057,message,201,9.030,backend-3,true
0.048,message,201,17.780,backend-1,true
0.055,message,201,10.620,backend-3,true
0.055,message,201,10.870,backend-2,true
0.052,message,201,14.010,backend-1,true
0.053,message,201,12.850,backend-2,true
0.048,message,201,17.840,backend-1,true
0.054,message,201,12.390,backend-2,true
0.056,message,201,10.310,backend-3,true
0.056,message,201,10.370,backend-3,true
0.055,message,201,10.980,backend-2,true
0.048,message,201,17.770,backend-2,true
0.053,message,201,13.450,backend-2,true
0.052,message,201,13.960,backend-2,true
0.048,message,201,17.660,backend-2,true
0.049,message,201,17.330,backend-2,true
0.053,message,201,13.130,backend-3,true
0.057,message,201,9.530,backend-3,true
0.057,feed,200,8.930,backend-3,true
0.054,message,201,12.590,backend-3,true
0.061,message,201,4.720,backend-2,true
0.056,message,201,10.390,backend-3,true
0.052,message,201,14.070,backend-3,true
0.052,message,201,13.930,backend-3,true
0.048,message,201,18.030,backend-2,true
0.049,message,201,17.450,backend-2,true
0.053,message,201,12.790,backend-3,true
0.052,message,201,14.060,backend-3,true
0.052,message,201,14.430,backend-2,true
0.056,message,201,10.150,backend-3,true
0.053,message,201,12.920,backend-2,true
0.049,message,201,17.700,backend-2,true
0.053,message,201,13.430,backend-3,true
0.053,message,201,13.030,backend-3,true
0.052,message,201,14.280,backend-3,true
0.056,message,201,10.370,backend-3,true
0.035,message,201,31.030,backend-2,true
0.056,message,201,10.370,backend-3,true
0.055,message,201,10.930,backend-2,true
0.048,message,201,18.020,backend-2,true
0.057,message,201,9.180,backend-3,true
0.054,message,201,12.750,backend-3,true
0.054,message,201,12.810,backend-3,true
0.049,message,201,17.790,backend-2,true
0.052,message,201,14.910,backend-3,true
0.057,message,201,9.360,backend-3,true
0.057,message,201,9.170,backend-3,true
0.039,message,201,27.740,backend-2,true
0.048,message,201,18.450,backend-2,true
0.037,message,201,29.570,backend-2,true
0.057,message,201,9.810,backend-2,true
0.057,message,201,9.230,backend-3,true
0.057,message,201,9.150,backend-3,true
0.063,message,201,4.110,backend-2,true
0.057,message,201,9.430,backend-2,true
0.043,message,201,23.840,backend-2,true
0.057,message,201,9.500,backend-3,true
0.061,message,201,6.120,backend-2,true
0.056,message,201,10.250,backend-3,true
0.057,message,201,9.870,backend-2,true
0.057,message,201,10.100,backend-3,true
0.057,message,201,9.250,backend-3,true
0.062,message,201,4.280,backend-2,true
0.057,message,201,9.340,backend-3,true
0.036,message,201,31.050,backend-2,true
0.057,message,201,9.440,backend-3,true
0.058,message,201,9.270,backend-3,true
0.057,message,201,9.690,backend-3,true
0.057,message,201,10.090,backend-3,true
0.057,message,201,9.590,backend-3,true
0.056,message,201,10.510,backend-3,true
0.062,message,201,4.740,backend-3,true
0.062,message,201,4.390,backend-3,true
0.060,message,201,7.290,backend-3,true
0.062,message,201,4.560,backend-3,true
0.062,message,201,4.390,backend-3,true
0.062,message,201,4.420,backend-3,true
0.062,message,201,4.630,backend-3,true
0.039,message,201,28.130,backend-2,true
0.057,message,201,9.530,backend-2,true
0.062,message,201,4.500,backend-3,true
0.049,message,201,18.300,backend-2,true
0.057,message,201,9.490,backend-3,true
0.057,message,201,9.530,backend-3,true
0.062,message,201,4.680,backend-3,true
0.062,message,201,4.560,backend-3,true
0.057,message,201,10.140,backend-3,true
0.058,message,201,9.410,backend-2,true
0.058,message,201,9.460,backend-2,true
0.058,message,201,9.440,backend-3,true
0.058,message,201,9.480,backend-3,true
0.057,message,201,10.130,backend-2,true
0.063,feed,200,6.220,backend-3,true
0.062,message,201,7.120,backend-2,true
0.062,feed,200,6.890,backend-3,true
0.062,message,201,7.200,backend-2,true
0.065,feed,200,4.730,backend-1,true
0.064,message,201,5.660,backend-2,true
0.064,message,201,5.780,backend-2,true
0.063,feed,200,6.670,backend-1,true
0.064,message,201,5.880,backend-2,true
0.063,feed,200,6.620,backend-1,true
0.062,message,201,6.990,backend-2,true
0.062,message,201,7.080,backend-2,true
0.062,message,201,7.110,backend-2,true
0.062,message,201,7.170,backend-2,true
0.061,feed,200,8.110,backend-3,true
0.056,message,201,13.490,backend-2,true
0.062,message,201,7.280,backend-2,true
0.058,message,201,12.010,backend-3,true
0.061,message,201,9.050,backend-2,true
0.061,feed,200,8.250,backend-3,true
0.062,message,201,7.410,backend-3,true
0.056,message,201,13.760,backend-2,true
0.062,message,201,7.320,backend-3,true
0.061,message,201,9.110,backend-3,true
0.063,feed,200,7.200,backend-1,true
0.067,feed,200,3.040,backend-2,true
0.062,feed,200,7.470,backend-3,true
0.063,feed,200,6.780,backend-3,true
0.063,feed,200,7.090,backend-2,true
0.063,message,201,6.770,backend-2,true
0.063,message,201,6.940,backend-2,true
0.063,feed,200,7.330,backend-2,true
0.063,feed,200,7.130,backend-3,true
0.066,feed,200,4.000,backend-1,true
0.063,feed,200,7.160,backend-3,true
0.063,feed,200,7.130,backend-3,true
0.064,feed,200,5.740,backend-1,true
0.065,feed,200,5.450,backend-1,true
0.061,feed,200,8.680,backend-2,true
0.063,feed,200,7.260,backend-3,true
0.063,feed,200,7.330,backend-3,true
0.066,feed,200,4.090,backend-1,true
0.063,feed,200,7.510,backend-3,true
0.058,feed,200,12.590,backend-2,true
0.063,feed,200,7.730,backend-2,true
0.067,feed,200,4.220,backend-2,true
0.062,feed,200,9.220,backend-1,true
0.066,feed,200,5.090,backend-1,true
0.063,feed,200,8.230,backend-2,true
0.067,feed,200,4.160,backend-2,true
0.066,feed,200,4.710,backend-1,true
0.065,feed,200,6.350,backend-2,true
0.064,feed,200,6.600,backend-3,true
0.063,feed,200,8.200,backend-3,true
0.067,feed,200,4.330,backend-2,true
0.057,feed,200,13.590,backend-3,true
0.061,feed,200,9.560,backend-2,true
0.067,feed,200,4.310,backend-2,true
0.066,feed,200,4.630,backend-1,true
0.067,feed,200,3.960,backend-1,true
0.066,feed,200,4.740,backend-1,true
0.061,message,201,10.140,backend-3,true
0.063,message,201,8.120,backend-3,true
0.066,feed,200,5.600,backend-1,true
0.067,message,201,5.040,backend-3,true
0.062,message,201,9.290,backend-1,true
0.066,message,201,5.690,backend-3,true
0.062,message,201,9.270,backend-1,true
0.063,message,201,8.170,backend-3,true
0.061,message,201,11.060,backend-1,true
0.048,message,201,23.390,backend-1,true
0.067,message,201,5.010,backend-3,true
0.067,feed,200,4.780,backend-2,true
0.066,feed,200,5.690,backend-2,true
0.066,feed,200,5.520,backend-1,true
0.061,message,201,10.320,backend-3,true
0.066,feed,200,5.850,backend-3,true
0.066,feed,200,5.410,backend-2,true
0.067,feed,200,5.010,backend-2,true
0.067,feed,200,4.740,backend-2,true
0.062,message,201,9.610,backend-3,true
0.061,feed,200,11.010,backend-2,true
0.070,feed,200,2.130,backend-2,true
0.064,message,201,7.860,backend-3,true
0.063,message,201,8.960,backend-1,true
0.062,message,201,9.700,backend-3,true
0.063,message,201,8.910,backend-1,true
0.066,message,201,6.290,backend-3,true
0.062,message,201,9.640,backend-1,true
0.064,message,201,8.370,backend-1,true
0.069,feed,200,2.850,backend-2,true
0.062,message,201,9.870,backend-3,true
0.063,message,201,8.840,backend-1,true
0.064,message,201,8.020,backend-1,true
0.064,message,201,8.450,backend-1,true
0.062,message,201,10.020,backend-3,true
0.062,message,201,9.950,backend-3,true
0.064,message,201,7.990,backend-2,true
0.064,message,201,8.300,backend-2,true
0.064,message,201,8.360,backend-2,true
0.064,message,201,8.470,backend-2,true
0.063,message,201,9.410,backend-3,true
0.063,message,201,10.040,backend-2,true
0.063,message,201,9.450,backend-3,true
0.063,message,201,10.040,backend-2,true
0.062,message,201,10.490,backend-3,true
0.063,message,201,9.850,backend-3,true
0.063,message,201,9.930,backend-1,true
0.065,message,201,8.030,backend-2,true
0.064,message,201,8.570,backend-2,true
0.063,message,201,10.030,backend-1,true
0.062,message,201,10.570,backend-3,true
0.063,message,201,9.560,backend-3,true
0.063,message,201,9.560,backend-3,true
0.063,message,201,10.090,backend-1,true
0.062,message,201,10.600,backend-3,true
0.063,message,201,9.440,backend-3,true
0.063,message,201,9.460,backend-3,true
0.063,message,201,10.200,backend-2,true
0.064,message,201,8.730,backend-1,true
0.063,message,201,10.260,backend-2,true
0.064,message,201,8.520,backend-2,true
0.064,message,201,9.150,backend-3,true
0.064,message,201,8.850,backend-2,true
0.062,message,201,10.720,backend-3,true
0.065,message,201,8.350,backend-2,true
0.064,message,201,8.670,backend-1,true
0.058,message,201,15.300,backend-2,true
0.064,message,201,9.140,backend-2,true
0.063,message,201,10.300,backend-2,true
0.064,message,201,8.660,backend-1,true
0.063,message,201,9.900,backend-3,true
0.063,message,201,10.000,backend-3,true
0.063,message,201,9.790,backend-2,true
0.063,message,201,9.880,backend-3,true
0.062,message,201,10.800,backend-3,true
0.063,message,201,9.720,backend-2,true
0.064,message,201,9.330,backend-3,true
0.064,message,201,8.730,backend-1,true
0.064,message,201,8.700,backend-1,true
0.062,message,201,10.650,backend-3,true
0.063,message,201,9.840,backend-3,true
0.063,message,201,10.440,backend-2,true
0.063,message,201,10.220,backend-2,true
0.064,message,201,9.090,backend-1,true
0.063,message,201,10.420,backend-3,true
0.064,message,201,8.720,backend-2,true
0.064,message,201,8.740,backend-2,true
0.061,message,201,12.140,backend-2,true
0.066,message,201,7.200,backend-1,true
0.064,message,201,9.430,backend-3,true
0.066,message,201,7.290,backend-1,true
0.067,message,201,6.840,backend-2,true
0.064,message,201,9.130,backend-1,true
0.048,message,201,25.520,backend-1,true
0.062,message,201,11.400,backend-3,true
0.064,message,201,9.080,backend-3,true
0.066,message,201,7.030,backend-2,true
0.066,message,201,7.550,backend-1,true
0.049,message,201,24.780,backend-1,true
0.063,message,201,10.890,backend-3,true
0.061,message,201,12.240,backend-2,true
0.058,message,201,15.910,backend-2,true
0.064,message,201,9.250,backend-3,true
0.073,feed,200,2.400,backend-1,true
0.069,message,201,5.980,backend-1,true
0.067,message,201,8.430,backend-1,true
0.064,message,201,11.630,backend-3,true
0.069,message,201,6.090,backend-1,true
0.066,message,201,9.620,backend-1,true
0.069,message,201,6.230,backend-1,true
0.064,message,201,11.510,backend-3,true
0.066,message,201,9.810,backend-2,true
0.061,message,201,14.120,backend-1,true
0.069,message,201,6.380,backend-1,true
0.064,message,201,11.630,backend-3,true
0.067,message,201,9.020,backend-2,true
0.066,message,201,9.180,backend-1,true
0.066,message,201,9.410,backend-1,true
0.066,message,201,9.600,backend-1,true
0.066,message,201,9.690,backend-1,true
0.064,message,201,11.800,backend-3,true
0.061,message,201,14.400,backend-2,true
0.073,feed,200,2.940,backend-1,true
0.066,message,201,9.930,backend-2,true
0.065,message,201,11.220,backend-3,true
0.064,message,201,11.740,backend-3,true
0.073,feed,200,3.060,backend-1,true
0.073,feed,200,3.050,backend-1,true
0.067,message,201,9.260,backend-2,true
0.064,message,201,11.390,backend-1,true
0.067,feed,200,9.200,backend-3,true
0.066,message,201,10.030,backend-2,true
0.073,feed,200,2.850,backend-1,true
0.067,message,201,9.120,backend-2,true
0.066,feed,200,9.890,backend-2,true
0.061,message,201,14.860,backend-2,true
0.073,feed,200,3.000,backend-1,true
0.075,feed,200,0.780,backend-1,true
0.075,feed,200,0.820,backend-1,true
0.076,feed,200,0.780,backend-1,true
0.076,feed,200,0.770,backend-1,true
0.073,feed,200,3.350,backend-3,true
0.075,feed,200,0.960,backend-3,true
0.070,message,201,6.490,backend-1,true
0.073,feed,200,3.930,backend-1,true
0.073,feed,200,4.030,backend-1,true
0.070,feed,200,7.140,backend-2,true
0.073,feed,200,3.870,backend-1,true
0.066,feed,200,10.310,backend-3,true
0.064,message,201,12.440,backend-1,true
0.069,message,201,7.370,backend-1,true
0.066,message,201,11.010,backend-2,true
0.061,message,201,15.970,backend-3,true
0.069,feed,200,7.580,backend-2,true
0.064,message,201,12.560,backend-1,true
0.067,feed,200,9.880,backend-3,true
0.066,message,201,11.350,backend-2,true
0.071,message,201,6.260,backend-1,true
0.070,message,201,7.030,backend-1,true
0.070,message,201,6.840,backend-1,true
0.071,message,201,6.300,backend-1,true
0.070,message,201,7.420,backend-1,true
0.066,message,201,11.630,backend-2,true
0.071,message,201,6.430,backend-1,true
0.070,feed,200,7.430,backend-2,true
0.061,feed,200,16.690,backend-2,true
0.071,message,201,6.550,backend-1,true
0.072,feed,200,5.430,backend-1,true
0.063,message,201,14.260,backend-3,true
0.066,message,201,11.510,backend-2,true
0.072,feed,200,5.730,backend-2,true
0.061,feed,200,16.440,backend-3,true
0.072,feed,200,5.750,backend-2,true
0.076,feed,200,1.600,backend-3,true
0.071,message,201,6.670,backend-1,true
0.071,message,201,6.720,backend-1,true
0.066,message,201,11.570,backend-3,true
0.061,message,201,16.440,backend-2,true
0.070,feed,200,7.990,backend-2,true
0.066,feed,200,11.510,backend-2,true
0.072,feed,200,5.330,backend-1,true
0.070,feed,200,8.020,backend-2,true
0.070,message,201,7.510,backend-1,true
0.066,feed,200,11.260,backend-3,true
0.067,feed,200,10.740,backend-3,true
0.072,feed,200,5.660,backend-1,true
0.072,message,201,5.880,backend-1,true
0.067,feed,200,10.600,backend-3,true
0.066,feed,200,11.200,backend-3,true
0.072,feed,200,5.740,backend-1,true
0.072,feed,200,5.660,backend-1,true
0.064,message,201,13.300,backend-1,true
0.064,message,201,13.230,backend-1,true
0.070,message,201,7.870,backend-1,true
0.072,feed,200,5.510,backend-2,true
0.072,feed,200,5.560,backend-1,true
0.070,message,201,7.800,backend-1,true
0.072,feed,200,6.230,backend-1,true
0.064,message,201,13.580,backend-2,true
0.067,feed,200,11.130,backend-3,true
0.070,feed,200,8.050,backend-2,true
0.070,message,201,7.760,backend-1,true
0.063,message,201,15.060,backend-3,true
0.067,feed,200,11.140,backend-3,true
0.066,feed,200,11.490,backend-3,true
0.069,message,201,9.600,backend-2,true
0.071,message,201,8.170,backend-2,true
0.070,message,201,9.050,backend-2,true
0.066,feed,200,13.280,backend-3,true
0.070,message,201,9.360,backend-2,true
0.066,message,201,13.170,backend-1,true
0.066,message,201,13.090,backend-2,true
0.049,message,201,30.590,backend-1,true
0.073,feed,200,6.340,backend-2,true
0.066,message,201,13.160,backend-2,true
0.066,message,201,13.160,backend-2,true
0.070,message,201,9.130,backend-2,true
0.072,message,201,7.610,backend-1,true
0.073,feed,200,6.360,backend-2,true
0.072,message,201,7.760,backend-2,true
0.071,message,201,8.590,backend-2,true
0.073,feed,200,6.720,backend-2,true
0.072,message,201,7.720,backend-2,true
0.072,message,201,7.300,backend-2,true
0.070,message,201,9.200,backend-2,true
0.072,message,201,7.620,backend-1,true
0.076,feed,200,3.850,backend-1,true
0.066,feed,200,13.700,backend-3,true
0.066,message,201,13.260,backend-2,true
0.075,message,201,4.180,backend-1,true
0.066,feed,200,13.220,backend-3,true
0.049,message,201,30.710,backend-1,true
0.066,feed,200,13.860,backend-3,true
0.070,feed,200,9.940,backend-2,true
0.049,message,201,30.840,backend-1,true
0.073,feed,200,6.930,backend-3,true
0.067,feed,200,12.640,backend-3,true
0.069,feed,200,10.330,backend-2,true
0.073,feed,200,7.030,backend-1,true
0.066,message,201,13.460,backend-2,true
0.066,feed,200,13.530,backend-2,true
0.066,message,201,13.740,backend-2,true
0.067,feed,200,12.830,backend-3,true
0.073,message,201,6.860,backend-1,true
0.070,message,201,9.670,backend-1,true
0.070,feed,200,10.200,backend-1,true
0.073,feed,200,7.140,backend-1,true
0.071,message,201,8.940,backend-2,true
0.070,message,201,9.680,backend-1,true
0.072,feed,200,7.660,backend-2,true
0.072,feed,200,7.780,backend-2,true
0.066,feed,200,13.490,backend-3,true
0.070,message,201,9.740,backend-1,true
0.066,message,201,14.070,backend-3,true
0.049,message,201,31.090,backend-1,true
0.071,message,201,8.970,backend-1,true
0.070,message,201,10.190,backend-2,true
0.066,message,201,14.130,backend-3,true
0.070,feed,200,10.370,backend-2,true
0.072,message,201,7.970,backend-2,true
0.061,message,201,18.860,backend-2,true
0.048,message,201,31.580,backend-1,true
0.072,message,201,8.430,backend-2,true
0.071,message,201,9.030,backend-1,true
0.070,message,201,10.070,backend-2,true
0.076,message,201,4.540,backend-1,true
0.071,message,201,9.160,backend-1,true
0.073,feed,200,7.350,backend-2,true
0.066,message,201,14.150,backend-3,true
0.048,message,201,31.890,backend-1,true
0.073,feed,200,6.880,backend-2,true
0.071,message,201,9.280,backend-2,true
0.066,message,201,13.990,backend-2,true
0.066,feed,200,14.060,backend-2,true
0.071,message,201,9.180,backend-2,true
0.072,message,201,8.380,backend-1,true
0.069,message,201,10.720,backend-1,true
0.072,feed,200,8.320,backend-1,true
0.048,message,201,31.940,backend-1,true
0.069,feed,200,10.660,backend-2,true
0.071,message,201,9.230,backend-2,true
0.048,message,201,31.890,backend-1,true
0.048,message,201,31.830,backend-1,true
0.073,message,201,7.190,backend-1,true
0.067,message,201,13.240,backend-2,true
0.076,feed,200,4.360,backend-1,true
0.072,feed,200,8.260,backend-1,true
0.072,message,201,8.620,backend-1,true
0.073,feed,200,7.070,backend-2,true
0.066,message,201,14.480,backend-3,true
0.073,message,201,7.290,backend-2,true
0.072,feed,200,8.670,backend-2,true
0.066,message,201,14.260,backend-2,true
0.048,message,201,31.960,backend-1,true
0.049,message,201,31.680,backend-1,true
0.066,message,201,14.180,backend-2,true
0.072,message,201,8.150,backend-1,true
0.066,feed,200,14.110,backend-2,true
0.077,feed,200,3.540,backend-3,true
0.066,feed,200,14.550,backend-3,true
0.070,feed,200,10.710,backend-2,true
0.073,feed,200,7.400,backend-2,true
0.066,message,201,14.380,backend-1,true
0.064,message,201,15.970,backend-1,true
0.066,feed,200,14.210,backend-2,true
0.069,message,201,11.070,backend-2,true
0.072,feed,200,8.770,backend-1,true
0.074,feed,200,6.900,backend-1,true
0.076,message,201,4.550,backend-3,true
0.072,feed,200,8.770,backend-2,true
0.073,message,201,7.580,backend-1,true
0.070,message,201,10.890,backend-2,true
0.070,message,201,10.540,backend-2,true
0.066,message,201,14.440,backend-2,true
0.066,message,201,14.430,backend-2,true
0.066,message,201,14.560,backend-1,true
0.072,message,201,8.810,backend-1,true
0.072,message,201,8.730,backend-1,true
0.076,feed,200,4.800,backend-3,true
0.071,message,201,9.550,backend-1,true
0.070,message,201,10.820,backend-2,true
0.072,message,201,8.460,backend-1,true
0.066,feed,200,14.320,backend-2,true
0.072,message,201,8.700,backend-1,true
0.072,message,201,8.740,backend-2,true
0.070,feed,200,10.580,backend-1,true
0.072,feed,200,8.380,backend-2,true
0.066,message,201,14.280,backend-2,true
0.066,message,201,14.190,backend-3,true
0.070,message,201,10.940,backend-2,true
0.073,message,201,7.640,backend-2,true
0.048,message,201,32.580,backend-1,true
0.070,message,201,10.890,backend-2,true
0.067,message,201,13.820,backend-3,true
0.074,feed,200,8.680,backend-2,true
0.074,message,201,8.710,backend-2,true
0.076,feed,200,6.590,backend-3,true
0.080,feed,200,2.270,backend-1,true
0.076,feed,200,6.500,backend-1,true
0.073,message,201,9.320,backend-2,true
0.076,feed,200,6.500,backend-1,true
0.074,feed,200,8.780,backend-1,true
0.077,message,201,5.580,backend-3,true
0.067,feed,200,15.480,backend-3,true
0.076,message,201,6.490,backend-3,true
0.067,feed,200,15.490,backend-3,true
0.066,message,201,16.410,backend-3,true
0.067,message,201,15.820,backend-3,true
0.066,message,201,16.040,backend-3,true
0.077,feed,200,5.550,backend-1,true
0.072,message,201,10.270,backend-2,true
0.073,feed,200,9.520,backend-1,true
0.067,message,201,15.710,backend-3,true
0.077,feed,200,5.030,backend-3,true
0.066,message,201,16.120,backend-3,true
0.073,message,201,9.710,backend-2,true
0.067,message,201,15.940,backend-3,true
0.076,feed,200,6.790,backend-2,true
0.067,message,201,15.550,backend-3,true
0.061,message,201,21.260,backend-3,true
0.077,feed,200,5.600,backend-1,true
0.072,message,201,10.400,backend-2,true
0.073,message,201,9.780,backend-2,true
0.061,message,201,21.340,backend-3,true
0.072,message,201,10.970,backend-3,true
0.066,message,201,16.680,backend-3,true
0.073,feed,200,9.060,backend-1,true
0.073,feed,200,9.760,backend-2,true
0.073,feed,200,9.070,backend-1,true
0.072,message,201,10.810,backend-2,true
0.073,feed,200,9.130,backend-1,true
0.062,message,201,21.040,backend-3,true
0.067,message,201,16.030,backend-3,true
0.079,feed,200,3.580,backend-1,true
0.061,message,201,21.700,backend-3,true
0.067,message,201,15.680,backend-3,true
0.073,message,201,9.990,backend-3,true
0.067,feed,200,15.830,backend-3,true
0.074,feed,200,9.190,backend-3,true
0.073,feed,200,9.320,backend-2,true
0.076,feed,200,7.090,backend-1,true
0.067,feed,200,15.880,backend-3,true
0.061,message,201,21.690,backend-3,true
0.077,message,201,6.010,backend-1,true
0.076,feed,200,7.260,backend-1,true
0.072,message,201,11.090,backend-2,true
0.079,feed,200,3.610,backend-2,true
0.067,feed,200,16.070,backend-3,true
0.073,feed,200,9.410,backend-3,true
0.073,feed,200,9.980,backend-2,true
0.067,feed,200,16.110,backend-3,true
0.073,feed,200,9.480,backend-3,true
0.073,feed,200,10.120,backend-2,true
0.076,message,201,7.110,backend-1,true
0.067,message,201,16.020,backend-3,true
0.066,message,201,16.490,backend-3,true
0.076,message,201,7.150,backend-1,true
0.073,message,201,10.330,backend-3,true
0.067,feed,200,15.950,backend-3,true
0.073,message,201,10.140,backend-1,true
0.073,feed,200,10.210,backend-1,true
0.077,feed,200,5.850,backend-1,true
0.081,feed,200,2.670,backend-1,true
0.073,feed,200,10.510,backend-1,true
0.078,feed,200,5.620,backend-3,true
0.078,feed,200,5.520,backend-2,true
0.073,message,201,10.230,backend-3,true
0.077,message,201,7.220,backend-1,true
0.076,message,201,8.490,backend-1,true
0.078,message,201,6.680,backend-2,true
0.077,message,201,7.290,backend-1,true
0.078,message,201,6.670,backend-2,true
0.078,message,201,6.870,backend-2,true
0.074,message,201,10.900,backend-3,true
0.078,message,201,6.560,backend-2,true
0.077,message,201,7.740,backend-3,true
0.080,feed,200,4.500,backend-2,true
0.077,message,201,7.570,backend-3,true
0.080,feed,200,3.990,backend-2,true
0.077,message,201,7.660,backend-3,true
0.077,message,201,7.420,backend-3,true
0.079,message,201,5.250,backend-1,true
0.073,message,201,11.720,backend-2,true
0.079,message,201,5.360,backend-1,true
0.078,message,201,6.960,backend-2,true
0.078,message,201,6.750,backend-2,true
0.077,message,201,7.520,backend-1,true
0.080,message,201,4.670,backend-2,true
0.080,message,201,4.910,backend-1,true
0.080,message,201,4.520,backend-2,true
0.073,message,201,11.670,backend-1,true
0.077,message,201,7.300,backend-2,true
0.073,message,201,11.830,backend-1,true
0.076,message,201,8.890,backend-2,true
0.077,message,201,7.200,backend-2,true
0.079,message,201,5.540,backend-2,true
0.074,message,201,11.110,backend-1,true
0.073,message,201,11.850,backend-1,true
0.077,message,201,8.060,backend-2,true
0.073,message,201,11.910,backend-1,true
0.076,message,201,8.890,backend-1,true
0.073,message,201,11.850,backend-2,true
0.073,message,201,11.520,backend-2,true
0.083,feed,200,2.190,backend-3,true
0.077,message,201,7.260,backend-2,true
0.078,message,201,7.110,backend-2,true
0.075,message,201,9.290,backend-1,true
0.080,message,201,4.300,backend-2,true
0.078,message,201,6.920,backend-1,true
0.077,message,201,7.370,backend-2,true
0.078,message,201,7.250,backend-2,true
0.083,feed,200,2.230,backend-3,true
0.078,message,201,7.020,backend-2,true
0.077,message,201,7.630,backend-1,true
0.076,message,201,9.180,backend-2,true
0.083,feed,200,2.210,backend-3,true
0.076,message,201,8.980,backend-1,true
0.073,message,201,12.000,backend-1,true
0.075,message,201,9.480,backend-2,true
0.078,message,201,7.250,backend-2,true
0.078,message,201,7.060,backend-2,true
0.077,message,201,7.370,backend-2,true
0.077,message,201,7.500,backend-2,true
0.080,feed,200,4.570,backend-3,true
0.078,message,201,7.120,backend-2,true
0.076,message,201,8.550,backend-1,true
0.048,message,201,36.530,backend-1,true
0.073,message,201,11.860,backend-1,true
0.077,message,201,7.980,backend-3,true
0.076,message,201,9.210,backend-1,true
0.080,feed,200,4.810,backend-2,true
0.080,feed,200,4.650,backend-3,true
0.080,message,201,5.260,backend-2,true
0.076,message,201,8.600,backend-2,true
0.078,feed,200,7.300,backend-2,true
0.073,message,201,12.120,backend-2,true
0.077,feed,200,7.450,backend-2,true
0.080,feed,200,4.470,backend-2,true
0.077,message,201,7.690,backend-1,true
0.078,message,201,7.330,backend-2,true
0.082,feed,200,2.500,backend-3,true
0.077,message,201,7.770,backend-1,true
0.076,message,201,9.260,backend-1,true
0.080,feed,200,4.920,backend-2,true
0.079,message,201,5.810,backend-2,true
0.077,message,201,8.370,backend-3,true
0.076,message,201,9.270,backend-1,true
0.076,message,201,8.770,backend-2,true
0.078,message,201,7.310,backend-3,true
0.080,message,201,5.480,backend-2,true
0.076,message,201,8.810,backend-3,true
0.078,message,201,7.380,backend-3,true
0.078,message,201,7.570,backend-2,true
0.074,message,201,11.520,backend-3,true
0.081,feed,200,4.440,backend-2,true
0.076,message,201,8.660,backend-1,true
0.080,message,201,5.530,backend-1,true
0.073,message,201,11.680,backend-1,true
0.082,feed,200,2.720,backend-3,true
0.081,message,201,4.620,backend-1,true
0.073,message,201,11.700,backend-3,true
0.076,message,201,8.940,backend-3,true
0.080,message,201,5.120,backend-2,true
0.082,feed,200,2.790,backend-3,true
0.077,message,201,7.750,backend-2,true
0.082,feed,200,2.780,backend-3,true
0.080,message,201,5.680,backend-1,true
0.078,message,201,7.500,backend-2,true
0.081,message,201,4.690,backend-1,true
0.078,message,201,7.560,backend-2,true
0.080,message,201,6.800,backend-1,true
0.081,message,201,5.830,backend-2,true
0.077,message,201,9.640,backend-1,true
0.078,message,201,8.950,backend-2,true
0.079,feed,200,7.350,backend-2,true
0.081,feed,200,6.240,backend-2,true
0.082,feed,200,4.450,backend-3,true
0.079,message,201,7.850,backend-1,true
0.078,message,201,9.540,backend-2,true
0.080,message,201,7.050,backend-2,true
0.076,message,201,11.640,backend-1,true
0.078,message,201,9.980,backend-2,true
0.080,message,201,7.540,backend-1,true
0.077,message,201,10.430,backend-2,true
0.077,message,201,11.160,backend-1,true
0.079,message,201,8.590,backend-1,true
0.080,message,201,8.060,backend-2,true
0.085,feed,200,3.020,backend-1,true
0.079,message,201,8.780,backend-1,true
0.083,feed,200,5.560,backend-3,true
0.079,feed,200,8.950,backend-2,true
0.077,message,201,10.800,backend-2,true
0.085,feed,200,3.060,backend-1,true
0.085,feed,200,3.530,backend-1,true
0.081,message,201,7.850,backend-2,true
0.085,feed,200,3.870,backend-1,true
0.085,feed,200,3.540,backend-3,true
0.066,message,201,22.380,backend-3,true
0.085,feed,200,3.780,backend-1,true
0.081,message,201,7.990,backend-1,true
0.083,feed,200,6.060,backend-3,true
0.082,feed,200,6.140,backend-2,true
0.082,feed,200,6.420,backend-2,true
0.080,message,201,8.390,backend-1,true
0.066,message,201,22.610,backend-3,true
0.067,message,201,21.830,backend-3,true
0.067,message,201,22.000,backend-3,true
0.087,message,201,4.370,backend-3,true
0.086,message,201,5.080,backend-3,true
0.088,message,201,3.040,backend-3,true
0.087,message,201,4.690,backend-3,true
0.088,message,201,3.460,backend-3,true
0.088,message,201,3.550,backend-3,true
0.088,message,201,3.520,backend-3,true
0.089,feed,200,3.100,backend-3,true
0.091,feed,200,0.680,backend-3,true
0.085,message,201,8.050,backend-1,true
0.085,message,201,8.020,backend-1,true
0.080,message,201,12.820,backend-1,true
0.080,message,201,12.760,backend-1,true
0.085,message,201,7.680,backend-1,true
0.080,message,201,12.600,backend-1,true
0.080,message,201,13.300,backend-1,true
0.080,message,201,12.580,backend-1,true
0.080,message,201,12.650,backend-1,true
0.080,message,201,13.030,backend-1,true
0.080,message,201,13.160,backend-1,true
0.080,message,201,12.740,backend-1,true
0.080,message,201,13.200,backend-1,true
0.081,message,201,12.560,backend-1,true
0.080,message,201,12.930,backend-1,true
0.080,message,201,12.960,backend-1,true
0.080,message,201,13.500,backend-1,true
0.080,message,201,12.940,backend-1,true
0.080,message,201,13.670,backend-1,true
0.080,feed,200,13.110,backend-1,true
0.079,message,201,13.970,backend-1,true
0.080,message,201,13.340,backend-1,true
0.080,message,201,12.990,backend-1,true
0.080,message,201,13.160,backend-1,true
0.080,message,201,13.650,backend-1,true
0.080,message,201,13.370,backend-1,true
0.080,message,201,13.270,backend-1,true
0.081,message,201,12.990,backend-2,true
0.083,feed,200,10.620,backend-2,true
0.083,feed,200,10.930,backend-2,true
0.085,feed,200,9.110,backend-2,true
0.083,feed,200,11.030,backend-2,true
0.077,message,201,16.180,backend-3,true
0.081,message,201,13.110,backend-2,true
0.083,feed,200,10.690,backend-3,true
0.080,message,201,13.500,backend-1,true
0.080,message,201,13.550,backend-2,true
0.080,message,201,13.630,backend-1,true
0.085,feed,200,9.200,backend-2,true
0.081,feed,200,13.190,backend-1,true
0.085,feed,200,9.300,backend-2,true
0.080,feed,200,13.580,backend-2,true
0.080,message,201,13.400,backend-2,true
0.080,feed,200,13.360,backend-1,true
0.080,message,201,13.860,backend-2,true
0.080,message,201,13.830,backend-2,true
0.080,message,201,13.830,backend-2,true
0.080,message,201,14.140,backend-2,true
0.080,message,201,13.530,backend-2,true
0.085,message,201,9.180,backend-1,true
0.085,feed,200,9.230,backend-2,true
0.080,message,201,14.300,backend-3,true
0.092,feed,200,2.420,backend-3,true
0.085,message,201,9.330,backend-1,true
0.080,feed,200,14.190,backend-1,true
0.085,feed,200,8.980,backend-2,true
0.066,message,201,27.790,backend-3,true
0.082,feed,200,11.940,backend-2,true
0.066,message,201,27.810,backend-3,true
0.080,message,201,14.070,backend-1,true
0.082,message,201,12.030,backend-3,true
0.082,message,201,12.030,backend-3,true
0.066,message,201,28.260,backend-3,true
0.083,message,201,11.790,backend-3,true
0.085,feed,200,9.920,backend-2,true
0.067,message,201,27.760,backend-3,true
0.080,message,201,14.360,backend-1,true
0.067,message,201,27.850,backend-3,true
0.083,feed,200,12.080,backend-2,true
0.066,message,201,28.530,backend-3,true
0.081,message,201,13.970,backend-3,true
0.082,message,201,12.240,backend-3,true
0.067,message,201,27.740,backend-3,true
0.080,message,201,14.320,backend-3,true
0.080,feed,200,15.210,backend-1,true
0.080,message,201,15.090,backend-3,true
0.083,message,201,12.250,backend-3,true
0.067,message,201,28.070,backend-3,true
0.078,message,201,17.190,backend-3,true
0.080,message,201,14.500,backend-3,true
0.078,message,201,17.330,backend-3,true
0.079,message,201,15.580,backend-1,true
0.080,feed,200,14.950,backend-1,true
0.083,feed,200,12.180,backend-2,true
0.081,message,201,14.460,backend-3,true
0.079,message,201,15.740,backend-1,true
0.066,message,201,29.000,backend-3,true
0.077,message,201,17.680,backend-3,true
0.081,message,201,14.560,backend-1,true
0.080,feed,200,14.770,backend-2,true
0.076,message,201,19.520,backend-3,true
0.077,message,201,17.810,backend-3,true
0.080,message,201,14.740,backend-3,true
0.067,message,201,28.370,backend-3,true
0.076,message,201,19.410,backend-3,true
0.083,feed,200,12.170,backend-3,true
0.080,message,201,14.770,backend-2,true
0.080,message,201,15.740,backend-2,true
0.080,message,201,15.690,backend-2,true
0.081,message,201,14.680,backend-2,true
0.080,message,201,15.080,backend-2,true
0.083,message,201,12.600,backend-2,true
0.085,feed,200,10.640,backend-3,true
0.085,message,201,10.500,backend-2,true
0.083,message,201,12.430,backend-2,true
0.084,message,201,11.030,backend-2,true
0.082,message,201,12.990,backend-2,true
0.084,message,201,11.110,backend-2,true
0.084,message,201,11.110,backend-2,true
0.084,message,201,11.020,backend-2,true
0.082,message,201,13.020,backend-2,true
0.082,message,201,13.100,backend-2,true
0.080,feed,200,15.760,backend-1,true
0.082,message,201,13.250,backend-2,true
0.083,message,201,12.610,backend-3,true
0.083,message,201,13.040,backend-2,true
0.082,message,201,13.100,backend-2,true
0.082,message,201,13.230,backend-3,true
0.083,message,201,12.610,backend-3,true
0.085,message,201,10.590,backend-3,true
0.083,message,201,12.660,backend-3,true
0.082,message,201,13.320,backend-3,true
0.083,message,201,12.770,backend-3,true
0.083,message,201,13.060,backend-3,true
0.083,message,201,12.760,backend-3,true
0.082,message,201,13.340,backend-2,true
0.083,message,201,12.330,backend-3,true
0.083,message,201,13.200,backend-3,true
0.083,message,201,13.080,backend-3,true
0.083,message,201,13.320,backend-2,true
0.083,message,201,13.250,backend-3,true
0.085,message,201,10.910,backend-3,true
0.083,message,201,12.980,backend-3,true
0.085,message,201,11.060,backend-3,true
0.083,message,201,13.060,backend-3,true
0.085,message,201,10.950,backend-3,true
0.085,feed,200,11.170,backend-1,true
0.083,message,201,13.220,backend-3,true
0.085,message,201,11.380,backend-3,true
0.085,message,201,11.540,backend-3,true
0.083,message,201,12.830,backend-3,true
0.085,feed,200,11.500,backend-2,true
0.085,message,201,11.110,backend-3,true
0.083,message,201,13.310,backend-3,true
0.081,feed,200,15.640,backend-1,true
0.083,feed,200,13.150,backend-1,true
0.082,message,201,13.880,backend-2,true
0.080,feed,200,15.820,backend-1,true
0.083,message,201,12.940,backend-3,true
0.083,message,201,13.390,backend-3,true
0.087,feed,200,9.720,backend-1,true
0.085,feed,200,11.520,backend-2,true
0.083,message,201,13.460,backend-3,true
0.083,message,201,13.570,backend-3,true
0.080,feed,200,16.550,backend-1,true
0.083,message,201,13.610,backend-3,true
0.083,message,201,13.520,backend-3,true
0.088,message,201,7.850,backend-3,true
0.088,message,201,7.940,backend-3,true
0.083,message,201,13.420,backend-2,true
0.082,message,201,14.110,backend-2,true
0.084,message,201,11.960,backend-2,true
0.080,message,201,16.040,backend-2,true
0.079,feed,200,16.940,backend-1,true
0.080,message,201,16.650,backend-2,true
0.082,message,201,14.060,backend-2,true
0.080,message,201,16.100,backend-2,true
0.079,message,201,17.160,backend-1,true
0.079,message,201,17.100,backend-1,true
0.079,message,201,17.100,backend-1,true
0.080,message,201,16.360,backend-1,true
0.084,message,201,12.080,backend-2,true
0.080,feed,200,16.730,backend-1,true
0.080,feed,200,16.410,backend-1,true
0.082,message,201,14.220,backend-2,true
0.082,message,201,14.210,backend-2,true
0.083,message,201,13.300,backend-2,true
0.079,message,201,17.190,backend-1,true
0.083,message,201,13.310,backend-2,true
0.079,message,201,17.170,backend-1,true
0.080,message,201,16.700,backend-1,true
0.080,message,201,16.610,backend-1,true
0.080,message,201,16.800,backend-1,true
0.083,message,201,13.470,backend-2,true
0.079,message,201,17.230,backend-1,true
0.083,message,201,14.020,backend-2,true
0.080,message,201,16.860,backend-1,true
0.083,message,201,13.710,backend-2,true
0.080,message,201,17.250,backend-1,true
0.082,message,201,14.440,backend-2,true
0.080,message,201,16.640,backend-1,true
0.082,message,201,14.540,backend-2,true
0.082,message,201,14.510,backend-2,true
0.085,message,201,12.020,backend-1,true
0.080,message,201,17.020,backend-1,true
0.080,message,201,16.840,backend-1,true
0.085,message,201,12.270,backend-1,true
0.085,message,201,12.420,backend-2,true
0.084,message,201,12.480,backend-2,true
0.080,message,201,16.570,backend-1,true
0.080,message,201,17.020,backend-1,true
0.093,feed,200,4.260,backend-3,true
0.085,feed,200,12.490,backend-2,true
0.085,message,201,12.590,backend-2,true
0.084,message,201,13.440,backend-2,true
0.085,message,201,12.690,backend-2,true
0.088,feed,200,10.190,backend-1,true
0.085,message,201,12.730,backend-2,true
0.085,message,201,13.140,backend-2,true
0.085,message,201,13.160,backend-2,true
0.084,message,201,13.510,backend-2,true
0.084,message,201,13.630,backend-2,true
0.085,message,201,13.150,backend-2,true
0.085,message,201,12.950,backend-2,true
0.085,message,201,13.030,backend-2,true
0.094,feed,200,4.340,backend-3,true
0.085,message,201,13.100,backend-2,true
0.093,feed,200,4.860,backend-1,true
0.085,message,201,13.210,backend-2,true
0.085,message,201,13.250,backend-2,true
0.092,message,201,6.400,backend-2,true
0.088,feed,200,9.690,backend-1,true
0.085,message,201,13.320,backend-2,true
0.085,message,201,13.550,backend-2,true
0.085,message,201,13.000,backend-2,true
0.085,feed,200,13.290,backend-2,true
0.085,message,201,13.430,backend-2,true
0.085,message,201,13.690,backend-2,true
0.085,message,201,13.080,backend-2,true
0.093,message,201,5.500,backend-3,true
0.093,message,201,5.510,backend-3,true
0.084,message,201,14.740,backend-1,true
0.085,message,201,14.410,backend-1,true
0.093,message,201,5.620,backend-3,true
0.085,message,201,13.940,backend-2,true
0.093,message,201,6.010,backend-3,true
0.087,message,201,12.460,backend-1,true
0.093,message,201,6.060,backend-3,true
0.085,message,201,14.020,backend-2,true
0.093,message,201,6.200,backend-3,true
0.085,message,201,14.060,backend-1,true
0.086,feed,200,12.720,backend-1,true
0.093,message,201,5.830,backend-3,true
0.085,message,201,14.570,backend-1,true
0.094,message,201,5.230,backend-3,true
0.094,message,201,5.280,backend-1,true
0.094,message,201,5.680,backend-3,true
0.094,message,201,5.490,backend-3,true
0.085,message,201,14.500,backend-1,true
0.094,message,201,5.600,backend-1,true
0.085,message,201,14.500,backend-2,true
0.085,message,201,14.660,backend-2,true
0.094,message,201,4.990,backend-3,true
0.094,message,201,5.330,backend-3,true
0.085,message,201,14.550,backend-2,true
0.094,message,201,5.510,backend-1,true
0.089,feed,200,10.570,backend-3,true
0.093,message,201,5.910,backend-3,true
0.093,message,201,6.290,backend-3,true
0.094,message,201,5.110,backend-3,true
0.094,message,201,5.690,backend-3,true
0.085,message,201,14.260,backend-2,true
0.088,message,201,11.100,backend-3,true
0.093,message,201,5.970,backend-3,true
0.094,message,201,5.200,backend-3,true
0.094,message,201,5.650,backend-3,true
0.088,message,201,10.960,backend-1,true
0.094,message,201,5.610,backend-3,true
0.085,message,201,14.880,backend-1,true
0.094,message,201,5.380,backend-3,true
0.080,message,201,19.200,backend-1,true
0.094,message,201,5.560,backend-3,true
0.085,message,201,14.550,backend-1,true
0.094,message,201,5.330,backend-3,true
0.094,message,201,5.890,backend-3,true
0.084,message,201,15.020,backend-1,true
0.085,message,201,14.980,backend-2,true
0.094,message,201,5.440,backend-3,true
0.093,message,201,6.530,backend-3,true
0.093,message,201,6.610,backend-3,true
0.084,message,201,15.130,backend-1,true
0.094,feed,200,5.300,backend-3,true
0.084,message,201,15.060,backend-2,true
0.085,message,201,14.830,backend-2,true
0.085,message,201,14.830,backend-2,true
0.085,message,201,14.440,backend-1,true
0.089,message,201,10.960,backend-3,true
0.093,message,201,6.850,backend-3,true
0.091,message,201,8.190,backend-3,true
0.094,feed,200,5.340,backend-3,true
0.093,message,201,6.940,backend-3,true
0.094,feed,200,5.300,backend-3,true
0.092,message,201,8.070,backend-3,true
0.094,message,201,5.950,backend-3,true
0.089,message,201,10.970,backend-3,true
0.094,feed,200,5.450,backend-3,true
0.085,message,201,14.390,backend-2,true
0.095,feed,200,5.140,backend-2,true
0.087,message,201,12.180,backend-3,true
0.094,message,201,5.880,backend-3,true
0.094,message,201,5.850,backend-3,true
0.085,message,201,14.840,backend-2,true
0.094,message,201,6.160,backend-3,true
0.085,message,201,14.550,backend-1,true
0.085,message,201,14.590,backend-1,true
0.094,message,201,6.020,backend-3,true
0.085,message,201,14.960,backend-1,true
0.085,message,201,14.560,backend-1,true
0.085,message,201,15.050,backend-2,true
0.088,message,201,12.140,backend-3,true
0.085,message,201,14.790,backend-2,true
0.095,feed,200,4.590,backend-1,true
0.088,message,201,11.910,backend-3,true
0.085,message,201,15.090,backend-2,true
0.085,message,201,15.180,backend-2,true
0.085,message,201,14.530,backend-2,true
0.094,message,201,5.620,backend-3,true
0.085,message,201,14.550,backend-2,true
0.094,message,201,6.180,backend-3,true
0.093,message,201,6.470,backend-3,true
0.092,message,201,8.000,backend-3,true
0.085,message,201,14.740,backend-2,true
0.095,message,201,4.760,backend-1,true
0.087,message,201,12.530,backend-1,true
0.096,feed,200,3.420,backend-2,true
0.095,feed,200,5.270,backend-3,true
0.095,message,201,4.750,backend-1,true
0.085,feed,200,14.900,backend-2,true
0.087,message,201,12.640,backend-1,true
0.089,message,201,11.230,backend-1,true
0.088,message,201,11.800,backend-1,true
0.088,message,201,12.360,backend-1,true
0.088,message,201,12.440,backend-1,true
0.088,message,201,12.740,backend-1,true
0.094,message,201,6.690,backend-1,true
0.095,feed,200,6.080,backend-3,true
0.095,message,201,5.990,backend-1,true
0.088,message,201,12.880,backend-1,true
0.096,message,201,4.650,backend-3,true
0.098,feed,200,2.620,backend-1,true
0.095,feed,200,5.970,backend-3,true
0.096,message,201,4.440,backend-3,true
0.095,feed,200,6.130,backend-3,true
0.098,message,201,2.890,backend-3,true
0.095,feed,200,5.560,backend-3,true
0.096,feed,200,5.230,backend-3,true
0.089,message,201,12.270,backend-1,true
0.093,message,201,7.580,backend-1,true
0.094,message,201,7.350,backend-1,true
0.089,message,201,12.330,backend-1,true
0.095,message,201,5.650,backend-1,true
0.095,feed,200,6.230,backend-3,true
0.095,feed,200,6.290,backend-3,true
0.085,message,201,15.900,backend-1,true
0.080,message,201,20.960,backend-1,true
0.095,feed,200,5.910,backend-3,true
0.093,message,201,7.910,backend-1,true
0.088,message,201,12.530,backend-1,true
0.095,message,201,6.510,backend-3,true
0.095,message,201,6.360,backend-3,true
0.094,message,201,6.830,backend-3,true
0.094,message,201,7.360,backend-2,true
0.098,message,201,3.300,backend-3,true
0.095,message,201,6.610,backend-3,true
0.095,message,201,6.650,backend-3,true
0.093,message,201,7.830,backend-2,true
0.095,message,201,6.440,backend-3,true
0.094,message,201,6.790,backend-3,true
0.095,message,201,6.160,backend-3,true
0.094,message,201,7.440,backend-2,true
0.094,message,201,7.110,backend-2,true
0.095,message,201,6.150,backend-3,true
0.094,message,201,7.400,backend-2,true
0.085,message,201,16.150,backend-3,true
0.095,message,201,6.190,backend-3,true
0.096,message,201,5.340,backend-2,true
0.095,message,201,6.120,backend-2,true
0.096,message,201,5.500,backend-2,true
0.095,message,201,6.240,backend-3,true
0.095,message,201,6.440,backend-3,true
0.095,message,201,6.420,backend-3,true
0.095,message,201,6.300,backend-3,true
0.095,message,201,6.160,backend-3,true
0.093,message,201,8.480,backend-2,true
0.095,message,201,6.570,backend-3,true
0.093,message,201,8.690,backend-2,true
0.093,message,201,8.400,backend-2,true
0.095,message,201,6.330,backend-3,true
0.093,message,201,8.670,backend-2,true
0.093,message,201,8.880,backend-2,true
0.095,message,201,6.690,backend-3,true
0.094,message,201,8.050,backend-2,true
0.094,message,201,8.300,backend-2,true
0.095,message,201,6.520,backend-3,true
0.095,message,201,6.520,backend-3,true
0.095,message,201,6.880,backend-3,true
0.095,message,201,6.570,backend-3,true
0.095,message,201,6.970,backend-2,true
0.095,message,201,6.600,backend-2,true
0.099,feed,200,2.630,backend-1,true
0.096,message,201,6.410,backend-3,true
0.096,message,201,5.620,backend-2,true
0.096,message,201,5.630,backend-2,true
0.096,message,201,6.440,backend-3,true
0.096,message,201,5.810,backend-2,true
0.095,message,201,7.080,backend-3,true
0.096,message,201,5.850,backend-2,true
0.096,message,201,6.490,backend-3,true
0.096,message,201,6.630,backend-3,true
0.097,message,201,5.310,backend-2,true
0.095,message,201,7.280,backend-3,true
0.085,message,201,17.320,backend-2,true
0.095,message,201,7.340,backend-3,true
0.096,message,201,6.320,backend-3,true
0.098,message,201,4.480,backend-2,true
0.096,message,201,6.820,backend-3,true
0.098,message,201,4.550,backend-2,true
0.098,message,201,4.540,backend-2,true
0.098,message,201,4.370,backend-2,true
0.096,message,201,6.830,backend-3,true
0.098,message,201,4.290,backend-2,true
0.096,message,201,6.900,backend-3,true
0.098,message,201,4.420,backend-2,true
0.096,message,201,6.810,backend-3,true
0.098,message,201,4.560,backend-2,true
0.096,message,201,6.360,backend-3,true
0.098,message,201,4.510,backend-2,true
0.096,message,201,7.050,backend-3,true
0.092,message,201,11.080,backend-3,true
0.096,message,201,6.900,backend-2,true
0.096,message,201,6.590,backend-3,true
0.096,message,201,6.400,backend-3,true
0.098,message,201,4.740,backend-2,true
0.095,message,201,7.870,backend-3,true
0.096,message,201,6.340,backend-2,true
0.098,message,201,4.480,backend-2,true
0.098,message,201,4.530,backend-2,true
0.096,message,201,6.640,backend-3,true
0.085,message,201,17.970,backend-2,true
0.096,message,201,6.670,backend-3,true
0.096,message,201,6.800,backend-3,true
0.096,message,201,6.820,backend-3,true
0.098,message,201,4.760,backend-2,true
0.098,message,201,5.050,backend-2,true
0.096,message,201,6.720,backend-3,true
0.099,feed,200,3.810,backend-1,true
0.095,message,201,8.280,backend-1,true
0.099,message,201,3.900,backend-2,true
0.096,message,201,7.610,backend-1,true
0.096,message,201,7.740,backend-1,true
0.099,message,201,4.040,backend-2,true
0.099,message,201,4.100,backend-2,true
0.085,message,201,18.540,backend-2,true
0.085,message,201,18.540,backend-2,true
0.100,message,201,3.730,backend-2,true
0.085,message,201,18.570,backend-2,true
0.099,feed,200,4.410,backend-2,true
0.087,message,201,16.920,backend-2,true
0.096,message,201,7.710,backend-1,true
0.085,message,201,18.570,backend-2,true
0.087,message,201,16.790,backend-2,true
0.096,message,201,7.730,backend-1,true
0.099,message,201,4.260,backend-2,true
0.097,message,201,6.760,backend-1,true
0.095,message,201,8.870,backend-1,true
0.098,message,201,5.950,backend-1,true
0.096,message,201,8.170,backend-1,true
0.096,message,201,7.770,backend-1,true
0.098,message,201,5.900,backend-1,true
0.098,message,201,6.000,backend-1,true
0.096,message,201,7.990,backend-1,true
0.097,message,201,7.240,backend-1,true
0.098,message,201,5.860,backend-1,true
0.096,message,201,7.730,backend-1,true
0.098,message,201,6.190,backend-1,true
0.096,message,201,8.310,backend-1,true
0.098,message,201,6.110,backend-1,true
0.097,message,201,7.660,backend-1,true
0.096,message,201,8.520,backend-1,true
0.096,message,201,8.000,backend-1,true
0.098,message,201,6.380,backend-1,true
0.096,message,201,7.930,backend-1,true
0.096,message,201,8.760,backend-1,true
0.100,message,201,4.520,backend-1,true
0.100,message,201,4.420,backend-1,true
0.100,message,201,4.560,backend-1,true
0.099,message,201,4.990,backend-1,true
0.096,message,201,8.440,backend-1,true
0.100,message,201,4.730,backend-1,true
0.100,message,201,4.610,backend-1,true
0.098,message,201,6.170,backend-1,true
0.100,message,201,4.610,backend-1,true
0.096,message,201,8.640,backend-1,true
0.099,message,201,5.020,backend-1,true
0.099,message,201,4.980,backend-1,true
0.099,message,201,5.430,backend-1,true
0.096,message,201,8.230,backend-1,true
0.103,feed,200,2.110,backend-3,true
0.101,feed,200,3.660,backend-3,true
0.100,message,201,5.180,backend-1,true
0.099,message,201,5.830,backend-1,true
0.099,message,201,5.800,backend-1,true
0.100,message,201,5.350,backend-1,true
0.100,message,201,5.090,backend-1,true
0.099,message,201,5.660,backend-1,true
0.100,message,201,5.110,backend-1,true
0.100,message,201,5.290,backend-1,true
0.099,message,201,5.700,backend-1,true
0.100,message,201,5.300,backend-1,true
0.100,message,201,5.190,backend-1,true
0.101,message,201,4.560,backend-3,true
0.097,message,201,8.650,backend-3,true
0.097,message,201,8.540,backend-3,true
0.095,message,201,10.030,backend-3,true
0.097,message,201,9.010,backend-3,true
0.096,message,201,9.450,backend-3,true
0.096,message,201,9.540,backend-3,true
0.095,message,201,10.730,backend-3,true
0.101,feed,200,4.400,backend-2,true
0.097,message,201,9.030,backend-3,true
0.096,message,201,9.410,backend-3,true
0.097,message,201,9.240,backend-3,true
0.101,message,201,4.880,backend-3,true
0.097,message,201,9.160,backend-3,true
0.096,message,201,9.710,backend-3,true
0.097,message,201,9.240,backend-3,true
0.096,message,201,9.620,backend-3,true
0.097,message,201,9.340,backend-3,true
0.096,message,201,9.850,backend-3,true
0.097,message,201,9.450,backend-3,true
0.097,message,201,9.390,backend-3,true
0.092,message,201,14.310,backend-3,true
0.097,message,201,9.460,backend-3,true
0.097,message,201,9.440,backend-3,true
0.096,message,201,9.710,backend-3,true
0.096,message,201,9.840,backend-3,true
0.101,message,201,5.270,backend-3,true
0.101,feed,200,5.340,backend-1,true
0.102,feed,200,4.280,backend-2,true
0.099,message,201,6.850,backend-3,true
0.099,message,201,6.980,backend-3,true
0.103,message,201,3.760,backend-3,true
0.102,message,201,3.920,backend-3,true
0.103,message,201,3.780,backend-3,true
0.103,message,201,3.860,backend-3,true
0.103,message,201,3.490,backend-3,true
0.099,message,201,7.090,backend-3,true
0.103,message,201,3.560,backend-3,true
0.100,message,201,6.920,backend-3,true
0.100,message,201,6.870,backend-3,true
0.102,message,201,4.840,backend-3,true
0.101,message,201,5.170,backend-3,true
0.099,message,201,7.380,backend-3,true
0.101,message,201,5.240,backend-3,true
0.099,message,201,7.450,backend-3,true
0.101,message,201,5.200,backend-3,true
0.099,message,201,7.170,backend-3,true
0.102,feed,200,5.040,backend-2,true
0.102,message,201,5.080,backend-3,true
0.101,message,201,5.420,backend-3,true
0.101,message,201,5.810,backend-3,true
0.102,message,201,5.070,backend-3,true
0.099,message,201,7.450,backend-3,true
0.101,message,201,5.890,backend-3,true
0.102,feed,200,4.780,backend-2,true
0.099,feed,200,7.440,backend-3,true
0.102,feed,200,4.940,backend-2,true
0.102,feed,200,4.820,backend-2,true
0.100,message,201,7.590,backend-2,true
0.100,feed,200,7.510,backend-3,true
0.099,message,201,8.130,backend-2,true
0.104,feed,200,3.430,backend-1,true
0.100,message,201,7.660,backend-2,true
0.099,message,201,8.150,backend-2,true
0.100,message,201,7.560,backend-2,true
0.100,message,201,7.760,backend-2,true
0.104,feed,200,3.080,backend-1,true
0.104,feed,200,3.220,backend-1,true
0.100,message,201,7.900,backend-2,true
0.100,message,201,7.890,backend-2,true
0.098,message,201,11.980,backend-3,true
0.100,message,201,10.680,backend-2,true
0.101,message,201,9.460,backend-2,true
0.102,message,201,8.330,backend-1,true
0.101,message,201,9.450,backend-2,true
0.101,message,201,9.480,backend-2,true
0.095,message,201,14.830,backend-3,true
0.101,message,201,9.140,backend-2,true
0.104,message,201,6.300,backend-1,true
0.104,message,201,6.810,backend-2,true
0.103,feed,200,7.640,backend-1,true
0.099,message,201,11.190,backend-1,true
0.100,message,201,10.830,backend-1,true
0.104,message,201,6.200,backend-1,true
0.101,message,201,9.200,backend-2,true
0.101,message,201,9.180,backend-2,true
0.104,message,201,6.390,backend-1,true
0.104,message,201,6.470,backend-1,true
0.103,message,201,6.990,backend-2,true
0.100,message,201,10.840,backend-1,true
0.101,message,201,9.590,backend-2,true
0.101,message,201,9.240,backend-2,true
0.101,message,201,9.750,backend-2,true
0.102,feed,200,8.110,backend-1,true
0.105,message,201,5.570,backend-1,true
0.099,message,201,11.090,backend-2,true
0.099,message,201,11.120,backend-2,true
0.103,message,201,7.510,backend-2,true
0.099,message,201,11.470,backend-1,true
0.105,message,201,5.630,backend-1,true
0.099,message,201,11.110,backend-2,true
0.102,message,201,9.050,backend-2,true
0.107,feed,200,3.940,backend-3,true
0.102,message,201,8.540,backend-1,true
0.107,feed,200,3.950,backend-3,true
0.104,message,201,6.470,backend-1,true
0.100,message,201,10.970,backend-1,true
0.099,message,201,11.160,backend-2,true
0.103,message,201,7.630,backend-2,true
0.100,message,201,10.840,backend-2,true
0.102,message,201,9.120,backend-1,true
0.104,feed,200,6.420,backend-1,true
0.106,message,201,4.730,backend-1,true
0.099,message,201,11.500,backend-1,true
0.102,message,201,8.570,backend-1,true
0.102,message,201,9.010,backend-1,true
0.107,feed,200,3.750,backend-1,true
0.106,message,201,6.040,backend-3,true
0.106,message,201,5.700,backend-3,true
0.103,feed,200,9.460,backend-2,true
0.106,message,201,6.050,backend-1,true
0.101,message,201,11.370,backend-1,true
0.101,message,201,11.350,backend-3,true
0.106,message,201,6.480,backend-3,true
0.104,message,201,8.000,backend-3,true
0.106,message,201,6.700,backend-1,true
0.101,message,201,11.510,backend-1,true
0.097,message,201,15.540,backend-3,true
0.102,message,201,10.480,backend-2,true
0.106,message,201,6.080,backend-3,true
0.107,message,201,5.730,backend-3,true
0.102,message,201,10.500,backend-2,true
0.104,message,201,8.090,backend-1,true
0.105,message,201,7.520,backend-1,true
0.101,message,201,11.550,backend-1,true
0.099,message,201,13.170,backend-3,true
0.107,message,201,5.220,backend-1,true
0.104,message,201,9.030,backend-1,true
0.097,message,201,15.850,backend-3,true
0.102,message,201,10.630,backend-2,true
0.107,feed,200,5.220,backend-1,true
0.103,feed,200,9.900,backend-2,true
0.099,message,201,13.150,backend-3,true
0.103,message,201,9.180,backend-1,true
0.100,message,201,12.870,backend-1,true
0.101,message,201,11.910,backend-1,true
0.099,message,201,13.270,backend-1,true
0.100,message,201,13.210,backend-3,true
0.100,message,201,13.190,backend-1,true
0.102,message,201,10.370,backend-1,true
0.103,message,201,9.570,backend-1,true
0.101,message,201,11.730,backend-1,true
0.099,message,201,13.390,backend-3,true
0.104,message,201,8.680,backend-1,true
0.105,feed,200,7.460,backend-3,true
0.100,message,201,13.440,backend-3,true
0.100,message,201,13.150,backend-3,true
0.100,message,201,13.230,backend-3,true
0.099,message,201,13.990,backend-3,true
0.104,message,201,8.900,backend-1,true
0.100,message,201,13.450,backend-3,true
0.104,message,201,8.970,backend-1,true
0.100,message,201,13.640,backend-3,true
0.106,message,201,7.140,backend-3,true
0.106,message,201,7.140,backend-3,true
0.106,message,201,7.520,backend-3,true
0.100,message,201,13.780,backend-3,true
0.106,message,201,7.820,backend-3,true
0.102,message,201,11.610,backend-2,true
0.099,message,201,14.280,backend-3,true
0.099,message,201,14.250,backend-3,true
0.107,feed,200,6.740,backend-2,true
0.104,message,201,9.090,backend-1,true
0.104,message,201,9.870,backend-2,true
0.100,message,201,13.600,backend-3,true
0.102,message,201,11.350,backend-2,true
0.097,message,201,16.450,backend-3,true
0.100,message,201,13.900,backend-3,true
0.102,message,201,11.390,backend-2,true
0.099,message,201,14.320,backend-1,true
0.099,message,201,14.240,backend-3,true
0.104,message,201,9.050,backend-1,true
0.102,message,201,11.940,backend-2,true
0.104,message,201,9.400,backend-1,true
0.102,feed,200,11.160,backend-2,true
0.102,message,201,11.880,backend-2,true
0.102,message,201,11.140,backend-1,true
0.102,message,201,11.850,backend-1,true
0.102,feed,200,11.310,backend-2,true
0.100,message,201,13.860,backend-3,true
0.105,feed,200,8.630,backend-2,true
0.101,message,201,12.840,backend-1,true
0.104,message,201,9.300,backend-1,true
0.102,message,201,11.990,backend-2,true
0.107,feed,200,7.000,backend-2,true
0.100,message,201,14.080,backend-1,true
0.106,feed,200,8.100,backend-1,true
0.099,message,201,14.310,backend-3,true
0.100,message,201,14.060,backend-3,true
0.104,message,201,9.270,backend-1,true
0.100,message,201,13.820,backend-1,true
0.102,message,201,11.530,backend-2,true
0.102,message,201,11.400,backend-1,true
0.105,message,201,8.670,backend-1,true
0.101,message,201,12.790,backend-1,true
0.104,message,201,10.140,backend-1,true
0.107,message,201,6.960,backend-3,true
0.100,message,201,14.140,backend-1,true
0.106,feed,200,7.770,backend-3,true
0.102,message,201,11.740,backend-2,true
0.104,message,201,10.050,backend-1,true
0.104,message,201,9.460,backend-1,true
0.101,message,201,12.840,backend-1,true
0.106,message,201,7.860,backend-3,true
0.103,message,201,10.300,backend-1,true
0.113,feed,200,1.230,backend-1,true
0.104,message,201,9.990,backend-1,true
0.104,message,201,10.120,backend-1,true
0.099,message,201,14.530,backend-3,true
0.100,message,201,14.140,backend-1,true
0.103,message,201,10.840,backend-1,true
0.104,message,201,10.210,backend-1,true
0.112,feed,200,1.500,backend-1,true
0.106,feed,200,7.710,backend-3,true
0.103,message,201,10.380,backend-1,true
0.106,message,201,8.110,backend-3,true
0.102,message,201,11.760,backend-2,true
0.102,message,201,12.260,backend-2,true
0.110,feed,200,3.630,backend-2,true
0.106,message,201,8.070,backend-1,true
0.102,message,201,11.510,backend-1,true
0.104,message,201,9.550,backend-1,true
0.103,message,201,10.460,backend-1,true
0.101,message,201,12.490,backend-1,true
0.104,feed,200,9.600,backend-3,true
0.099,message,201,14.800,backend-3,true
0.096,message,201,18.110,backend-3,true
0.101,message,201,12.540,backend-1,true
0.096,message,201,18.150,backend-3,true
0.104,message,201,10.090,backend-1,true
0.111,feed,200,3.430,backend-1,true
0.103,message,201,10.860,backend-1,true
0.101,message,201,12.820,backend-2,true
0.106,feed,200,7.660,backend-3,true
0.100,message,201,14.340,backend-1,true
0.100,message,201,14.500,backend-1,true
0.099,message,201,15.140,backend-1,true
0.100,message,201,14.380,backend-1,true
0.099,message,201,14.760,backend-1,true
0.101,message,201,13.280,backend-1,true
0.103,message,201,11.220,backend-2,true
0.101,message,201,12.850,backend-2,true
0.101,message,201,12.830,backend-2,true
0.098,message,201,16.100,backend-3,true
0.101,message,201,13.670,backend-1,true
0.101,message,201,13.370,backend-1,true
0.103,feed,200,10.990,backend-1,true
0.101,message,201,13.690,backend-1,true
0.107,feed,200,8.050,backend-3,true
0.101,message,201,13.880,backend-1,true
0.104,message,201,10.370,backend-1,true
0.102,message,201,12.310,backend-2,true
0.102,message,201,12.350,backend-2,true
0.106,message,201,8.530,backend-1,true
0.102,message,201,12.420,backend-2,true
0.103,message,201,12.300,backend-2,true
0.101,message,201,13.970,backend-1,true
0.101,message,201,14.030,backend-1,true
0.102,message,201,13.100,backend-2,true
0.102,message,201,12.720,backend-2,true
0.101,message,201,14.050,backend-1,true
0.101,message,201,14.130,backend-1,true
0.103,message,201,12.050,backend-3,true
0.106,message,201,9.490,backend-1,true
0.102,message,201,12.780,backend-2,true
0.102,message,201,12.780,backend-2,true
0.106,message,201,9.500,backend-1,true
0.097,message,201,20.710,backend-3,true
0.107,message,201,10.840,backend-1,true
0.112,message,201,5.100,backend-3,true
0.107,message,201,11.020,backend-2,true
0.103,message,201,14.930,backend-2,true
0.104,message,201,13.440,backend-2,true
0.103,message,201,14.560,backend-1,true
0.100,message,201,17.720,backend-3,true
0.103,message,201,15.000,backend-2,true
0.100,message,201,17.860,backend-3,true
0.103,message,201,14.870,backend-2,true
0.100,message,201,17.880,backend-3,true
0.114,feed,200,3.270,backend-3,true
0.103,message,201,14.920,backend-2,true
0.100,message,201,17.760,backend-3,true
0.100,message,201,18.070,backend-3,true
0.103,message,201,14.890,backend-2,true
0.104,message,201,13.300,backend-2,true
0.105,message,201,12.700,backend-1,true
0.112,feed,200,5.510,backend-3,true
0.103,message,201,14.910,backend-2,true
0.099,message,201,18.460,backend-3,true
0.111,feed,200,6.640,backend-3,true
0.104,message,201,13.530,backend-2,true
0.104,message,201,13.370,backend-2,true
0.105,message,201,12.840,backend-1,true
0.107,message,201,10.300,backend-2,true
0.104,message,201,13.410,backend-2,true
0.102,message,201,15.720,backend-2,true
0.107,message,201,11.110,backend-2,true
0.107,message,201,11.220,backend-2,true
0.112,feed,200,5.400,backend-3,true
0.107,message,201,11.240,backend-2,true
0.105,message,201,12.410,backend-1,true
0.106,message,201,12.160,backend-1,true
0.107,message,201,11.210,backend-2,true
0.105,message,201,13.020,backend-1,true
0.104,message,201,14.100,backend-2,true
0.107,message,201,11.370,backend-2,true
0.106,message,201,12.340,backend-3,true
0.102,message,201,16.230,backend-2,true
0.110,message,201,7.630,backend-2,true
0.105,message,201,13.950,backend-1,true
0.104,message,201,15.320,backend-2,true
0.113,feed,200,5.640,backend-3,true
0.103,message,201,16.460,backend-2,true
0.103,message,201,15.640,backend-2,true
0.102,message,201,17.400,backend-2,true
0.113,feed,200,6.240,backend-1,true
0.113,message,201,5.860,backend-3,true
0.105,message,201,14.320,backend-1,true
0.103,message,201,16.740,backend-2,true
0.108,message,201,11.860,backend-2,true
0.105,message,201,14.690,backend-2,true
0.110,message,201,9.350,backend-2,true
0.105,message,201,14.630,backend-1,true
0.113,feed,200,6.250,backend-3,true
0.114,feed,200,6.190,backend-2,true
0.110,message,201,9.380,backend-2,true
0.110,message,201,9.650,backend-1,true
0.113,message,201,6.390,backend-3,true
0.113,message,201,7.030,backend-1,true
0.113,message,201,7.360,backend-1,true
0.112,message,201,7.720,backend-1,true
0.112,message,201,7.440,backend-1,true
0.112,message,201,7.500,backend-1,true
0.111,message,201,9.320,backend-2,true
0.111,message,201,9.420,backend-3,true
0.107,message,201,13.930,backend-3,true
0.112,message,201,9.780,backend-2,true
0.105,message,201,17.310,backend-3,true
0.111,feed,200,11.790,backend-1,true
0.108,message,201,14.940,backend-2,true
0.120,feed,200,2.680,backend-1,true
0.118,feed,200,4.910,backend-1,true
0.120,feed,200,2.780,backend-1,true
0.114,message,201,9.100,backend-2,true
0.115,message,201,7.800,backend-2,true
0.114,message,201,8.750,backend-2,true
0.113,message,201,9.620,backend-2,true
0.120,feed,200,2.820,backend-1,true
0.107,message,201,15.430,backend-3,true
0.113,message,201,9.310,backend-2,true
0.111,message,201,12.130,backend-2,true
0.106,message,201,17.050,backend-3,true
0.111,message,201,12.120,backend-2,true
0.114,message,201,8.690,backend-2,true
0.113,message,201,9.410,backend-1,true
0.114,message,201,8.710,backend-2,true
0.106,message,201,17.140,backend-3,true
0.115,message,201,7.920,backend-2,true
0.111,message,201,12.120,backend-2,true
0.114,feed,200,8.690,backend-1,true
0.114,feed,200,8.960,backend-2,true
0.111,message,201,12.260,backend-2,true
0.106,message,201,16.790,backend-3,true
0.114,message,201,9.200,backend-3,true
0.106,message,201,16.840,backend-3,true
0.114,message,201,9.050,backend-1,true
0.106,message,201,16.910,backend-3,true
0.110,message,201,12.540,backend-1,true
0.114,message,201,9.000,backend-2,true
0.114,message,201,9.370,backend-1,true
0.114,feed,200,8.680,backend-1,true
0.114,message,201,9.040,backend-1,true
0.114,feed,200,8.800,backend-2,true
0.119,feed,200,4.090,backend-1,true
0.114,message,201,9.150,backend-1,true
0.113,message,201,9.630,backend-1,true
0.114,message,201,9.020,backend-1,true
0.111,message,201,12.420,backend-3,true
0.114,feed,200,9.220,backend-3,true
0.106,message,201,17.030,backend-3,true
0.114,message,201,9.210,backend-2,true
0.114,message,201,8.810,backend-1,true
0.114,message,201,9.310,backend-3,true
0.113,feed,200,9.590,backend-1,true
0.114,message,201,9.140,backend-1,true
0.114,feed,200,9.300,backend-1,true
0.119,feed,200,3.870,backend-1,true
0.114,message,201,9.100,backend-1,true
0.113,feed,200,9.630,backend-1,true
0.114,message,201,8.910,backend-1,true
0.114,message,201,8.960,backend-1,true
0.114,feed,200,9.210,backend-2,true
0.114,message,201,9.260,backend-1,true
0.114,message,201,9.010,backend-1,true
0.113,message,201,10.360,backend-2,true
0.111,message,201,12.440,backend-2,true
0.114,message,201,9.220,backend-1,true
0.115,message,201,8.090,backend-2,true
0.114,message,201,9.410,backend-3,true
0.110,message,201,12.710,backend-2,true
0.114,message,201,9.600,backend-2,true
0.114,message,201,8.840,backend-1,true
0.114,message,201,9.330,backend-2,true
0.114,message,201,9.420,backend-3,true
0.118,message,201,5.380,backend-2,true
0.111,message,201,12.690,backend-3,true
0.118,message,201,5.540,backend-2,true
0.114,message,201,9.220,backend-2,true
0.114,message,201,9.500,backend-3,true
0.114,message,201,9.280,backend-1,true
0.114,message,201,9.470,backend-3,true
0.111,message,201,12.730,backend-3,true
0.115,message,201,8.550,backend-3,true
0.111,message,201,12.700,backend-3,true
0.114,message,201,9.610,backend-3,true
0.114,message,201,9.370,backend-3,true
0.115,message,201,8.470,backend-2,true
0.115,message,201,8.550,backend-3,true
0.118,message,201,5.450,backend-1,true
0.114,message,201,8.900,backend-1,true
0.115,message,201,8.530,backend-1,true
0.115,message,201,8.490,backend-1,true
0.118,message,201,5.510,backend-2,true
0.114,message,201,9.670,backend-3,true
0.111,message,201,12.820,backend-2,true
0.114,message,201,9.690,backend-3,true
0.119,feed,200,4.090,backend-1,true
0.115,message,201,8.610,backend-1,true
0.114,feed,200,9.640,backend-2,true
0.118,message,201,5.930,backend-1,true
0.118,message,201,5.560,backend-1,true
0.114,feed,200,9.610,backend-1,true
0.107,message,201,16.190,backend-1,true
0.110,feed,200,13.290,backend-2,true
0.106,message,201,17.340,backend-3,true
0.114,feed,200,10.010,backend-3,true
0.110,message,201,13.480,backend-2,true
0.113,message,201,10.460,backend-1,true
0.113,message,201,10.390,backend-1,true
0.118,feed,200,6.150,backend-2,true
0.118,feed,200,6.420,backend-2,true
0.118,feed,200,6.330,backend-2,true
0.115,feed,200,8.950,backend-2,true
0.118,feed,200,6.170,backend-1,true
0.114,message,201,10.480,backend-2,true
0.104,message,201,19.760,backend-3,true
0.113,message,201,11.440,backend-2,true
0.112,message,201,11.860,backend-2,true
0.111,message,201,13.430,backend-1,true
0.119,feed,200,4.850,backend-2,true
0.107,message,201,17.570,backend-3,true
0.097,message,201,27.380,backend-3,true
0.119,feed,200,5.180,backend-2,true
0.097,message,201,27.540,backend-3,true
0.107,message,201,17.520,backend-2,true
0.110,message,201,13.760,backend-3,true
0.110,feed,200,13.840,backend-1,true
0.118,message,201,6.490,backend-1,true
0.113,message,201,11.270,backend-1,true
0.111,message,201,13.750,backend-3,true
0.097,message,201,27.020,backend-3,true
0.113,message,201,11.600,backend-2,true
0.100,message,201,24.620,backend-3,true
0.113,message,201,10.920,backend-1,true
0.114,message,201,10.710,backend-1,true
0.113,message,201,11.540,backend-1,true
0.099,message,201,25.010,backend-3,true
0.097,message,201,27.540,backend-3,true
0.097,message,201,27.670,backend-3,true
0.113,message,201,11.730,backend-2,true
0.114,message,201,10.740,backend-3,true
0.118,message,201,6.820,backend-1,true
0.115,message,201,9.650,backend-3,true
0.097,message,201,27.570,backend-3,true
0.112,message,201,12.040,backend-1,true
0.123,feed,200,1.440,backend-1,true
0.114,message,201,9.910,backend-3,true
0.123,feed,200,1.630,backend-1,true
0.114,message,201,10.770,backend-3,true
0.096,message,201,28.030,backend-3,true
0.097,message,201,27.490,backend-3,true
0.112,message,201,12.220,backend-1,true
0.117,message,201,6.970,backend-1,true
0.113,message,201,11.020,backend-3,true
0.110,message,201,14.050,backend-1,true
0.113,message,201,11.050,backend-1,true
0.118,message,201,6.710,backend-1,true
0.123,feed,200,1.330,backend-1,true
0.092,message,201,32.320,backend-3,true
0.114,message,201,10.990,backend-3,true
0.114,message,201,10.870,backend-3,true
0.111,message,201,13.960,backend-1,true
0.115,message,201,9.540,backend-1,true
0.118,message,201,6.930,backend-1,true
0.113,message,201,11.440,backend-1,true
0.097,message,201,27.820,backend-3,true
0.097,message,201,27.800,backend-3,true
0.118,message,201,6.650,backend-1,true
0.113,message,201,11.080,backend-3,true
0.118,message,201,6.850,backend-1,true
0.111,message,201,13.410,backend-1,true
0.106,message,201,18.580,backend-3,true
0.097,message,201,27.570,backend-3,true
0.118,message,201,6.870,backend-1,true
0.097,message,201,27.880,backend-3,true
0.112,message,201,12.370,backend-1,true
0.113,message,201,11.970,backend-1,true
0.097,message,201,27.740,backend-3,true
0.118,message,201,6.950,backend-1,true
0.095,message,201,29.700,backend-3,true
0.111,message,201,14.010,backend-1,true
0.114,message,201,10.950,backend-3,true
0.118,feed,200,6.840,backend-1,true
0.114,feed,200,11.010,backend-3,true
0.113,message,201,12.120,backend-1,true
0.113,message,201,11.940,backend-1,true
0.114,message,201,11.080,backend-1,true
0.114,feed,200,11.060,backend-1,true
0.114,message,201,11.070,backend-1,true
0.118,message,201,6.860,backend-1,true
0.107,message,201,18.070,backend-3,true
0.110,message,201,14.440,backend-1,true
0.114,message,201,11.110,backend-1,true
0.113,message,201,11.360,backend-1,true
0.113,message,201,12.150,backend-1,true
0.114,message,201,11.050,backend-3,true
0.113,message,201,12.030,backend-2,true
0.118,feed,200,7.080,backend-1,true
0.114,message,201,11.070,backend-3,true
0.113,message,201,12.090,backend-2,true
0.114,message,201,10.510,backend-3,true
0.118,message,201,7.230,backend-1,true
0.106,message,201,18.530,backend-2,true
0.113,message,201,11.310,backend-3,true
0.112,message,201,12.440,backend-1,true
0.111,feed,200,14.200,backend-2,true
0.115,message,201,10.290,backend-1,true
0.111,message,201,14.170,backend-2,true
0.113,message,201,11.990,backend-1,true
0.118,feed,200,7.150,backend-1,true
0.108,message,201,17.360,backend-1,true
0.110,message,201,14.430,backend-3,true
0.113,message,201,11.920,backend-1,true
0.119,feed,200,5.490,backend-2,true
0.118,feed,200,6.950,backend-2,true
0.107,message,201,17.460,backend-3,true
0.102,message,201,23.010,backend-2,true
0.097,message,201,28.170,backend-3,true
0.118,feed,200,7.050,backend-2,true
0.113,feed,200,11.920,backend-2,true
0.107,message,201,17.580,backend-1,true
0.117,feed,200,7.470,backend-2,true
0.112,message,201,12.570,backend-2,true
0.113,message,201,12.070,backend-2,true
0.113,message,201,12.380,backend-3,true
0.107,message,201,18.420,backend-3,true
0.106,message,201,18.530,backend-2,true
0.107,message,201,18.350,backend-3,true
0.106,message,201,19.130,backend-3,true
0.112,feed,200,12.580,backend-2,true
0.118,feed,200,7.200,backend-2,true
0.107,message,201,18.450,backend-3,true
0.111,message,201,14.470,backend-1,true
0.113,feed,200,11.700,backend-1,true
0.114,message,201,11.490,backend-3,true
0.115,message,201,10.120,backend-1,true
0.110,message,201,14.620,backend-3,true
0.110,message,201,14.600,backend-1,true
0.118,message,201,7.190,backend-2,true
0.118,message,201,7.210,backend-2,true
0.114,feed,200,11.570,backend-2,true
0.118,message,201,7.520,backend-2,true
0.115,message,201,10.150,backend-2,true
0.114,feed,200,11.270,backend-2,true
0.114,message,201,11.610,backend-3,true
0.113,feed,200,12.090,backend-2,true
0.114,feed,200,11.280,backend-2,true
0.118,feed,200,7.220,backend-2,true
0.115,message,201,10.160,backend-2,true
0.114,feed,200,10.900,backend-1,true
0.118,message,201,7.380,backend-2,true
0.115,message,201,10.150,backend-2,true
0.114,message,201,11.210,backend-2,true
0.111,message,201,14.490,backend-2,true
0.118,message,201,7.600,backend-2,true
0.114,message,201,11.620,backend-2,true
0.110,feed,200,14.810,backend-1,true
0.096,message,201,28.850,backend-3,true
0.104,message,201,21.030,backend-3,true
0.118,feed,200,7.610,backend-1,true
0.112,message,201,13.100,backend-1,true
0.112,message,201,12.960,backend-2,true
0.114,message,201,11.680,backend-2,true
0.113,message,201,12.020,backend-3,true
0.113,message,201,12.680,backend-1,true
0.110,message,201,15.050,backend-2,true
0.111,message,201,14.670,backend-1,true
0.115,message,201,10.600,backend-3,true
0.113,message,201,11.800,backend-3,true
0.118,message,201,7.570,backend-1,true
0.112,message,201,13.150,backend-1,true
0.104,message,201,21.050,backend-3,true
0.111,message,201,14.800,backend-3,true
0.107,message,201,18.180,backend-3,true
0.110,message,201,15.320,backend-1,true
0.114,feed,200,11.880,backend-1,true
0.118,message,201,8.000,backend-2,true
0.118,message,201,8.080,backend-2,true
0.113,feed,200,12.780,backend-2,true
0.113,message,201,12.240,backend-1,true
0.107,message,201,19.190,backend-2,true
0.123,feed,200,2.420,backend-1,true
0.123,feed,200,3.060,backend-1,true
0.096,message,201,29.850,backend-3,true
0.123,feed,200,2.890,backend-2,true
0.115,message,201,10.800,backend-3,true
0.111,message,201,15.640,backend-3,true
0.118,feed,200,8.520,backend-2,true
0.123,feed,200,2.800,backend-2,true
0.120,message,201,6.660,backend-1,true
0.115,message,201,11.590,backend-3,true
0.120,message,201,6.300,backend-1,true
0.114,message,201,12.650,backend-3,true
0.120,message,201,6.550,backend-1,true
0.119,message,201,7.050,backend-1,true
0.110,message,201,15.810,backend-3,true
0.118,message,201,8.350,backend-1,true
0.114,message,201,12.120,backend-3,true
0.123,feed,200,3.610,backend-2,true
0.123,feed,200,3.140,backend-2,true
0.123,feed,200,3.120,backend-2,true
0.123,feed,200,3.590,backend-1,true
0.123,feed,200,3.670,backend-2,true
0.123,feed,200,3.540,backend-2,true
0.123,feed,200,4.070,backend-1,true
0.124,feed,200,5.260,backend-2,true
0.123,message,201,6.600,backend-3,true
0.124,feed,200,5.200,backend-2,true
0.125,feed,200,4.820,backend-1,true
0.124,message,201,6.140,backend-1,true
0.123,feed,200,6.660,backend-3,true
0.123,feed,200,6.610,backend-3,true
0.125,feed,200,5.130,backend-1,true
0.123,feed,200,6.740,backend-2,true
0.123,feed,200,6.560,backend-2,true
0.124,message,201,5.500,backend-1,true
0.124,message,201,5.920,backend-2,true
0.124,message,201,5.400,backend-3,true
0.124,message,201,5.490,backend-1,true
0.125,feed,200,5.270,backend-2,true
0.123,message,201,7.120,backend-2,true
0.124,message,201,5.370,backend-1,true
0.124,message,201,5.530,backend-1,true
0.123,message,201,7.030,backend-2,true
0.124,message,201,6.120,backend-2,true
0.124,message,201,5.620,backend-1,true
0.122,message,201,7.460,backend-1,true
0.124,feed,200,5.420,backend-1,true
0.124,message,201,6.280,backend-1,true
0.124,message,201,5.610,backend-1,true
0.123,message,201,7.110,backend-2,true
0.123,message,201,7.000,backend-2,true
0.123,message,201,6.520,backend-1,true
0.125,message,201,4.790,backend-3,true
0.123,message,201,7.320,backend-3,true
0.123,message,201,7.250,backend-2,true
0.123,message,201,7.350,backend-1,true
0.125,message,201,5.210,backend-1,true
0.123,message,201,6.840,backend-1,true
0.123,message,201,6.630,backend-2,true
0.122,message,201,7.530,backend-1,true
0.123,feed,200,6.540,backend-2,true
0.123,message,201,6.640,backend-1,true
0.123,message,201,6.680,backend-2,true
0.123,message,201,6.990,backend-3,true
0.124,message,201,5.790,backend-3,true
0.125,message,201,5.190,backend-3,true
0.123,feed,200,6.930,backend-3,true
0.123,message,201,6.900,backend-1,true
0.123,message,201,6.950,backend-1,true
0.124,feed,200,5.770,backend-1,true
0.125,message,201,5.280,backend-3,true
0.123,message,201,7.190,backend-1,true
0.124,message,201,6.080,backend-1,true
0.123,message,201,6.790,backend-2,true
0.124,message,201,5.930,backend-1,true
0.123,message,201,7.400,backend-1,true
0.123,message,201,7.270,backend-2,true
0.125,message,201,5.280,backend-1,true
0.123,message,201,7.410,backend-2,true
0.125,message,201,5.530,backend-3,true
0.125,feed,200,5.110,backend-3,true
0.124,message,201,5.820,backend-1,true
0.123,feed,200,6.960,backend-2,true
0.125,message,201,5.590,backend-1,true
0.123,message,201,7.550,backend-2,true
0.125,message,201,5.420,backend-1,true
0.123,message,201,7.130,backend-1,true
0.123,message,201,7.400,backend-2,true
0.124,message,201,5.930,backend-3,true
0.124,message,201,5.910,backend-3,true
0.123,message,201,7.120,backend-2,true
0.123,message,201,7.020,backend-2,true
0.124,message,201,5.880,backend-1,true
0.125,feed,200,5.530,backend-2,true
0.123,message,201,7.490,backend-2,true
0.124,feed,200,6.120,backend-1,true
0.124,message,201,6.440,backend-1,true
0.123,message,201,7.150,backend-2,true
0.123,message,201,7.650,backend-2,true
0.124,message,201,6.070,backend-1,true
0.124,feed,200,6.020,backend-1,true
0.125,message,201,6.020,backend-1,true
0.125,feed,200,5.890,backend-3,true
0.123,feed,200,7.330,backend-2,true
0.123,message,201,7.480,backend-3,true
0.124,feed,200,6.710,backend-2,true
0.123,feed,200,7.700,backend-1,true
0.123,message,201,7.510,backend-1,true
0.123,message,201,7.340,backend-2,true
0.120,message,201,10.860,backend-2,true
0.124,message,201,6.140,backend-1,true
0.123,message,201,7.910,backend-1,true
0.123,message,201,7.380,backend-2,true
0.125,feed,200,5.390,backend-3,true
0.124,feed,200,6.170,backend-2,true
0.123,message,201,8.030,backend-2,true
0.122,message,201,8.370,backend-1,true
0.120,message,201,11.060,backend-2,true
0.125,feed,200,6.050,backend-2,true
0.124,message,201,6.670,backend-1,true
0.120,message,201,10.930,backend-2,true
0.123,message,201,7.750,backend-1,true
0.120,message,201,10.870,backend-2,true
0.124,message,201,6.430,backend-3,true
0.120,message,201,11.130,backend-2,true
0.124,message,201,6.440,backend-1,true
0.120,message,201,10.800,backend-2,true
0.123,feed,200,7.620,backend-1,true
0.125,message,201,5.980,backend-1,true
0.123,message,201,7.480,backend-1,true
0.123,message,201,7.820,backend-3,true
0.124,feed,200,6.540,backend-2,true
0.123,message,201,7.900,backend-3,true
0.123,feed,200,8.150,backend-2,true
0.124,message,201,6.610,backend-1,true
0.123,message,201,7.640,backend-1,true
0.123,message,201,7.700,backend-1,true
0.120,message,201,11.170,backend-2,true
0.125,feed,200,6.390,backend-2,true
0.123,feed,200,7.710,backend-2,true
0.124,message,201,6.850,backend-1,true
0.123,feed,200,7.790,backend-2,true
0.125,feed,200,6.160,backend-3,true
0.119,message,201,12.000,backend-2,true
0.124,message,201,6.560,backend-2,true
0.119,message,201,11.930,backend-2,true
0.123,message,201,8.120,backend-1,true
0.119,message,201,11.640,backend-2,true
0.123,message,201,7.980,backend-3,true
0.123,message,201,8.350,backend-1,true
0.119,message,201,12.120,backend-2,true
0.125,message,201,5.850,backend-3,true
0.118,message,201,13.370,backend-2,true
0.123,feed,200,7.920,backend-2,true
0.125,feed,200,5.770,backend-3,true
0.120,message,201,11.150,backend-2,true
0.125,feed,200,6.540,backend-1,true
0.124,message,201,6.670,backend-2,true
0.123,message,201,8.320,backend-1,true
0.124,message,201,6.850,backend-1,true
0.124,message,201,7.000,backend-1,true
0.123,message,201,8.490,backend-2,true
0.123,message,201,8.580,backend-2,true
0.123,message,201,8.220,backend-2,true
0.125,feed,200,6.610,backend-2,true
0.123,feed,200,8.210,backend-2,true
0.123,feed,200,8.110,backend-2,true
0.124,message,201,7.330,backend-1,true
0.123,message,201,8.340,backend-2,true
0.124,message,201,7.530,backend-1,true
0.130,feed,200,3.880,backend-2,true
0.125,message,201,8.990,backend-2,true
0.125,feed,200,8.530,backend-1,true
0.125,feed,200,8.550,backend-1,true
0.125,message,201,8.930,backend-2,true
0.125,feed,200,8.510,backend-1,true
0.125,feed,200,8.640,backend-2,true
0.130,feed,200,3.860,backend-2,true
0.130,feed,200,3.700,backend-2,true
0.125,message,201,9.150,backend-2,true
0.126,feed,200,8.180,backend-2,true
0.125,message,201,9.240,backend-2,true
0.125,message,201,9.200,backend-2,true
0.125,message,201,9.280,backend-2,true
0.126,feed,200,8.400,backend-1,true
0.130,feed,200,3.830,backend-2,true
0.125,message,201,9.100,backend-2,true
0.130,feed,200,3.510,backend-2,true
0.125,feed,200,8.740,backend-1,true
0.125,message,201,9.210,backend-2,true
0.125,feed,200,8.590,backend-1,true
0.124,message,201,10.420,backend-2,true
0.121,message,201,13.510,backend-2,true
0.124,message,201,9.860,backend-2,true
0.126,feed,200,7.780,backend-2,true
0.124,message,201,10.570,backend-2,true
0.125,message,201,9.430,backend-2,true
0.125,feed,200,9.030,backend-1,true
0.125,feed,200,9.360,backend-1,true
0.124,message,201,10.100,backend-2,true
0.123,feed,200,10.870,backend-1,true
0.125,feed,200,9.240,backend-2,true
0.124,message,201,10.200,backend-2,true
0.124,message,201,9.830,backend-2,true
0.124,message,201,10.320,backend-2,true
0.125,message,201,9.490,backend-2,true
0.125,feed,200,9.580,backend-1,true
0.124,message,201,10.170,backend-2,true
0.125,message,201,9.700,backend-2,true
0.124,message,201,10.000,backend-2,true
0.123,message,201,11.180,backend-2,true
0.123,message,201,11.270,backend-2,true
0.125,message,201,9.760,backend-2,true
0.123,message,201,11.320,backend-2,true
0.123,message,201,11.350,backend-2,true
0.123,message,201,11.380,backend-2,true
0.125,message,201,9.830,backend-2,true
0.123,message,201,11.410,backend-2,true
0.123,message,201,11.470,backend-2,true
0.124,message,201,10.120,backend-2,true
0.125,message,201,9.650,backend-2,true
0.125,feed,200,9.330,backend-1,true
0.131,feed,200,3.440,backend-2,true
0.130,feed,200,4.710,backend-2,true
0.131,feed,200,3.410,backend-2,true
0.125,message,201,9.980,backend-2,true
0.123,message,201,11.780,backend-2,true
0.124,message,201,10.910,backend-2,true
0.125,message,201,10.040,backend-2,true
0.124,message,201,10.420,backend-2,true
0.125,message,201,10.130,backend-2,true
0.124,message,201,10.180,backend-2,true
0.124,message,201,10.260,backend-2,true
0.125,message,201,10.060,backend-2,true
0.124,message,201,10.260,backend-2,true
0.124,message,201,10.330,backend-2,true
0.124,message,201,10.300,backend-2,true
0.125,message,201,10.030,backend-2,true
0.124,message,201,10.400,backend-2,true
0.124,message,201,10.650,backend-2,true
0.126,feed,200,9.000,backend-2,true
0.131,feed,200,3.880,backend-2,true
0.125,message,201,10.250,backend-2,true
0.125,feed,200,9.790,backend-1,true
0.125,message,201,9.990,backend-2,true
0.125,message,201,9.850,backend-2,true
0.131,feed,200,4.380,backend-2,true
0.125,message,201,9.970,backend-2,true
0.131,message,201,5.470,backend-2,true
0.130,message,201,6.080,backend-2,true
0.131,feed,200,5.650,backend-3,true
0.130,message,201,6.280,backend-2,true
0.130,feed,200,6.780,backend-3,true
0.130,message,201,6.140,backend-2,true
0.131,message,201,5.910,backend-2,true
0.131,message,201,5.930,backend-2,true
0.131,message,201,5.870,backend-2,true
0.131,feed,200,5.690,backend-3,true
0.131,message,201,5.780,backend-2,true
0.131,feed,200,5.540,backend-2,true
0.130,feed,200,6.450,backend-3,true
0.126,message,201,10.930,backend-2,true
0.130,message,201,6.360,backend-2,true
0.131,message,201,5.520,backend-2,true
0.125,message,201,11.780,backend-2,true
0.131,message,201,5.900,backend-2,true
0.130,message,201,6.990,backend-2,true
0.130,message,201,7.010,backend-2,true
0.130,message,201,6.590,backend-2,true
0.126,message,201,11.130,backend-2,true
0.131,message,201,5.860,backend-2,true
0.126,message,201,10.340,backend-2,true
0.130,feed,200,6.620,backend-3,true
0.131,message,201,5.950,backend-2,true
0.126,message,201,10.560,backend-2,true
0.123,message,201,13.410,backend-2,true
0.125,message,201,12.200,backend-2,true
0.131,message,201,5.930,backend-2,true
0.131,message,201,5.880,backend-2,true
0.126,message,201,10.560,backend-2,true
0.130,message,201,6.740,backend-2,true
0.131,message,201,5.800,backend-2,true
0.126,message,201,10.660,backend-2,true
0.131,feed,200,6.210,backend-2,true
0.125,message,201,11.820,backend-2,true
0.130,feed,200,7.000,backend-3,true
0.126,message,201,11.110,backend-2,true
0.130,message,201,6.500,backend-2,true
0.130,feed,200,7.090,backend-3,true
0.130,feed,200,6.600,backend-3,true
0.130,feed,200,6.730,backend-3,true
0.126,message,201,11.250,backend-2,true
0.131,message,201,6.190,backend-2,true
0.125,message,201,12.070,backend-2,true
0.130,feed,200,7.090,backend-3,true
0.131,feed,200,6.270,backend-2,true
0.131,feed,200,6.020,backend-3,true
0.126,message,201,11.360,backend-2,true
0.126,message,201,11.360,backend-2,true
0.127,message,201,10.180,backend-2,true
0.131,message,201,5.930,backend-2,true
0.131,feed,200,6.070,backend-3,true
0.131,feed,200,6.290,backend-3,true
0.131,message,201,6.540,backend-2,true
0.130,message,201,6.950,backend-2,true
0.131,feed,200,6.480,backend-2,true
0.131,message,201,6.030,backend-2,true
0.126,message,201,10.870,backend-2,true
0.131,message,201,6.090,backend-2,true
0.130,message,201,6.770,backend-2,true
0.131,message,201,6.210,backend-2,true
0.125,message,201,12.270,backend-2,true
0.130,feed,200,6.950,backend-3,true
0.134,feed,200,4.120,backend-2,true
0.134,feed,200,4.740,backend-2,true
0.131,message,201,7.700,backend-3,true
0.131,message,201,7.680,backend-3,true
0.130,message,201,8.890,backend-3,true
0.131,message,201,8.290,backend-3,true
0.130,message,201,8.460,backend-3,true
0.130,message,201,9.010,backend-3,true
0.130,message,201,9.050,backend-3,true
0.131,message,201,8.010,backend-3,true
0.130,message,201,8.700,backend-3,true
0.130,message,201,8.700,backend-3,true
0.130,message,201,8.750,backend-3,true
0.131,feed,200,7.710,backend-3,true
0.125,message,201,13.850,backend-3,true
0.125,message,201,14.030,backend-3,true
0.125,message,201,13.990,backend-3,true
0.125,message,201,14.040,backend-3,true
0.125,message,201,14.010,backend-3,true
0.131,feed,200,8.450,backend-2,true
0.125,message,201,13.960,backend-3,true
0.125,message,201,14.220,backend-3,true
0.127,message,201,12.640,backend-3,true
0.130,message,201,9.170,backend-3,true
0.130,message,201,9.230,backend-3,true
0.130,message,201,9.410,backend-3,true
0.130,message,201,9.300,backend-3,true
0.131,message,201,8.340,backend-3,true
0.130,message,201,9.300,backend-3,true
0.130,message,201,9.530,backend-3,true
0.130,message,201,9.370,backend-3,true
0.134,feed,200,5.500,backend-2,true
0.130,message,201,8.940,backend-3,true
0.131,message,201,8.400,backend-3,true
0.127,message,201,12.540,backend-3,true
0.130,message,201,9.120,backend-3,true
0.130,message,201,9.430,backend-3,true
0.130,feed,200,9.570,backend-3,true
0.130,message,201,9.260,backend-3,true
0.130,message,201,9.280,backend-3,true
0.130,message,201,9.780,backend-3,true
0.135,feed,200,4.350,backend-2,true
0.134,feed,200,5.620,backend-2,true
0.131,message,201,8.590,backend-3,true
0.130,message,201,9.760,backend-3,true
0.130,message,201,9.840,backend-3,true
0.131,message,201,8.590,backend-3,true
0.130,message,201,9.430,backend-3,true
0.130,message,201,9.610,backend-3,true
0.130,feed,200,9.910,backend-3,true
0.130,message,201,9.570,backend-3,true
0.134,feed,200,5.170,backend-2,true
0.130,message,201,9.840,backend-3,true
0.131,message,201,8.670,backend-3,true
0.130,message,201,9.630,backend-3,true
0.130,message,201,9.660,backend-3,true
0.130,message,201,9.460,backend-3,true
0.131,message,201,8.740,backend-3,true
0.130,message,201,10.110,backend-3,true
0.130,message,201,9.790,backend-3,true
0.135,feed,200,5.330,backend-2,true
0.131,feed,200,9.360,backend-3,true
0.134,feed,200,6.080,backend-2,true
0.135,feed,200,5.900,backend-2,true
0.123,feed,200,17.680,backend-1,true
0.139,feed,200,1.900,backend-3,true
0.134,feed,200,6.630,backend-2,true
0.134,message,201,6.750,backend-2,true
0.131,message,201,10.610,backend-2,true
0.135,message,201,6.700,backend-2,true
0.131,message,201,10.590,backend-2,true
0.125,feed,200,16.400,backend-1,true
0.139,feed,200,1.990,backend-3,true
0.134,message,201,7.570,backend-2,true
0.134,message,201,7.750,backend-2,true
0.134,message,201,7.950,backend-2,true
0.135,message,201,7.200,backend-2,true
0.130,message,201,12.140,backend-3,true
0.134,message,201,7.990,backend-2,true
0.134,message,201,7.730,backend-2,true
0.135,message,201,7.270,backend-2,true
0.135,message,201,7.880,backend-2,true
0.131,message,201,11.880,backend-3,true
0.134,message,201,8.650,backend-2,true
0.131,message,201,11.570,backend-3,true
0.131,message,201,11.580,backend-3,true
0.131,message,201,12.050,backend-3,true
0.131,message,201,11.710,backend-3,true
0.131,message,201,11.760,backend-3,true
0.130,message,201,12.860,backend-3,true
0.130,message,201,13.560,backend-3,true
0.135,message,201,8.490,backend-2,true
0.130,message,201,13.940,backend-3,true
0.131,message,201,12.870,backend-3,true
0.131,message,201,12.870,backend-3,true
0.134,message,201,9.900,backend-3,true
0.135,message,201,9.000,backend-2,true
0.135,message,201,9.010,backend-2,true
0.140,message,201,4.460,backend-3,true
0.130,message,201,14.160,backend-3,true
0.134,message,201,9.620,backend-2,true
0.140,message,201,4.520,backend-3,true
0.134,message,201,9.950,backend-2,true
0.134,message,201,10.280,backend-2,true
0.135,message,201,9.670,backend-2,true
0.139,message,201,4.720,backend-3,true
0.135,message,201,9.380,backend-2,true
0.134,message,201,9.900,backend-3,true
0.140,message,201,4.760,backend-3,true
0.134,message,201,10.390,backend-2,true
0.135,message,201,9.540,backend-3,true
0.134,message,201,10.050,backend-2,true
0.134,message,201,10.020,backend-3,true
0.130,message,201,14.550,backend-3,true
0.139,message,201,5.590,backend-3,true
0.139,feed,200,5.740,backend-2,true
0.134,message,201,11.050,backend-2,true
0.131,message,201,14.480,backend-3,true
0.134,message,201,10.920,backend-2,true
0.131,message,201,14.480,backend-3,true
0.134,message,201,11.060,backend-2,true
0.131,message,201,14.620,backend-3,true
0.135,message,201,10.660,backend-2,true
0.135,message,201,10.740,backend-3,true
0.139,message,201,5.800,backend-3,true
0.131,message,201,14.280,backend-3,true
0.137,message,201,8.490,backend-3,true
0.139,message,201,6.160,backend-3,true
0.130,message,201,15.530,backend-3,true
0.139,message,201,6.620,backend-3,true
0.139,message,201,6.850,backend-3,true
0.139,message,201,6.950,backend-3,true
0.140,message,201,6.050,backend-3,true
0.139,message,201,6.600,backend-3,true
0.135,message,201,10.930,backend-2,true
0.134,message,201,11.720,backend-3,true
0.131,message,201,14.580,backend-3,true
0.140,feed,200,6.010,backend-2,true
0.140,message,201,6.110,backend-3,true
0.137,feed,200,8.580,backend-2,true
0.130,message,201,16.170,backend-3,true
0.137,feed,200,8.740,backend-2,true
0.140,feed,200,6.190,backend-3,true
0.135,message,201,11.030,backend-2,true
0.134,message,201,11.410,backend-3,true
0.140,message,201,6.280,backend-3,true
0.135,message,201,10.710,backend-3,true
0.131,message,201,14.730,backend-3,true
0.134,message,201,11.570,backend-2,true
0.131,message,201,15.100,backend-3,true
0.141,feed,200,4.630,backend-2,true
0.131,message,201,15.050,backend-3,true
0.131,message,201,15.080,backend-3,true
0.131,message,201,15.230,backend-3,true
0.134,message,201,11.520,backend-2,true
0.139,message,201,6.520,backend-3,true
0.134,feed,200,12.110,backend-3,true
0.134,feed,200,12.030,backend-3,true
0.137,feed,200,10.200,backend-2,true
0.125,feed,200,21.760,backend-1,true
0.146,feed,200,1.180,backend-3,true
0.144,feed,200,3.690,backend-3,true
0.144,feed,200,3.340,backend-3,true
0.145,feed,200,2.140,backend-3,true
0.139,message,201,8.070,backend-3,true
0.139,message,201,8.240,backend-3,true
0.139,message,201,8.780,backend-3,true
0.139,message,201,8.470,backend-3,true
0.143,message,201,4.790,backend-2,true
0.139,message,201,8.230,backend-3,true
0.139,message,201,8.830,backend-2,true
0.139,message,201,8.920,backend-3,true
0.140,message,201,8.150,backend-3,true
0.134,message,201,14.070,backend-3,true
0.137,message,201,10.840,backend-2,true
0.134,message,201,14.130,backend-3,true
0.134,message,201,13.750,backend-3,true
0.134,message,201,13.820,backend-3,true
0.134,message,201,13.710,backend-3,true
0.134,message,201,13.860,backend-3,true
0.134,message,201,14.010,backend-3,true
0.134,message,201,13.630,backend-3,true
0.134,message,201,13.980,backend-3,true
0.134,message,201,14.310,backend-3,true
0.134,message,201,13.840,backend-3,true
0.134,message,201,13.610,backend-3,true
0.134,message,201,14.230,backend-3,true
0.143,message,201,5.240,backend-2,true
0.135,message,201,13.060,backend-3,true
0.134,message,201,13.640,backend-3,true
0.134,message,201,14.220,backend-3,true
0.135,message,201,13.390,backend-3,true
0.135,message,201,13.470,backend-3,true
0.135,message,201,13.230,backend-3,true
0.134,message,201,14.100,backend-3,true
0.134,message,201,14.420,backend-3,true
0.135,message,201,13.410,backend-3,true
0.134,message,201,14.160,backend-3,true
0.135,message,201,14.040,backend-3,true
0.143,message,201,5.950,backend-2,true
0.146,message,201,3.090,backend-3,true
0.142,message,201,6.600,backend-2,true
0.146,message,201,2.900,backend-3,true
0.146,message,201,3.170,backend-3,true
0.143,message,201,5.960,backend-2,true
0.135,message,201,14.170,backend-3,true
0.134,message,201,14.790,backend-3,true
0.146,message,201,3.150,backend-3,true
0.146,message,201,3.230,backend-3,true
0.144,message,201,4.470,backend-3,true
0.146,message,201,3.210,backend-3,true
0.139,message,201,10.130,backend-2,true
0.144,message,201,4.810,backend-3,true
0.137,message,201,12.120,backend-2,true
0.144,message,201,4.800,backend-3,true
0.143,message,201,6.170,backend-2,true
0.141,message,201,8.370,backend-2,true
0.139,message,201,9.900,backend-2,true
0.145,message,201,3.690,backend-3,true
0.141,message,201,8.060,backend-2,true
0.137,message,201,11.970,backend-2,true
0.141,feed,200,7.800,backend-3,true
0.142,message,201,6.890,backend-2,true
0.137,message,201,11.960,backend-2,true
0.142,message,201,7.480,backend-2,true
0.141,message,201,8.280,backend-3,true
0.145,message,201,3.840,backend-3,true
0.143,message,201,6.140,backend-3,true
0.146,message,201,3.300,backend-3,true
0.137,message,201,12.100,backend-2,true
0.142,feed,200,7.020,backend-3,true
0.137,message,201,12.030,backend-2,true
0.139,message,201,10.540,backend-2,true
0.146,message,201,3.430,backend-3,true
0.145,message,201,4.100,backend-3,true
0.145,message,201,4.050,backend-3,true
0.137,message,201,12.440,backend-2,true
0.137,message,201,12.370,backend-2,true
0.137,message,201,12.630,backend-2,true
0.137,message,201,12.750,backend-2,true
0.137,message,201,12.810,backend-2,true
0.149,feed,200,0.870,backend-3,true
0.137,message,201,12.410,backend-2,true
0.137,message,201,12.990,backend-2,true
0.149,feed,200,0.950,backend-3,true
0.137,message,201,12.830,backend-2,true
0.137,message,201,12.640,backend-2,true
0.149,feed,200,0.810,backend-3,true
0.137,message,201,12.910,backend-2,true
0.137,message,201,12.880,backend-2,true
0.137,message,201,12.710,backend-2,true
0.137,message,201,12.650,backend-2,true
0.144,feed,200,5.320,backend-3,true
0.137,message,201,12.450,backend-2,true
0.137,message,201,12.720,backend-2,true
0.137,message,201,12.880,backend-2,true
0.137,message,201,12.960,backend-2,true
0.137,message,201,13.160,backend-2,true
0.137,message,201,13.200,backend-2,true
0.137,message,201,13.270,backend-2,true
0.137,message,201,13.170,backend-2,true
0.137,message,201,13.200,backend-2,true
0.137,message,201,13.250,backend-2,true
0.137,message,201,13.230,backend-2,true
0.137,message,201,13.140,backend-2,true
0.137,message,201,13.420,backend-2,true
0.137,message,201,13.180,backend-2,true
0.137,message,201,13.210,backend-2,true
0.137,message,201,13.300,backend-2,true
0.137,message,201,13.430,backend-2,true
0.148,feed,200,2.500,backend-3,true
0.148,feed,200,2.320,backend-3,true
0.145,message,201,5.170,backend-3,true
0.145,message,201,5.410,backend-3,true
0.144,message,201,6.540,backend-3,true
0.141,message,201,9.140,backend-3,true
0.145,message,201,5.280,backend-3,true
0.139,feed,200,11.710,backend-2,true
0.144,message,201,6.430,backend-3,true
0.146,message,201,4.860,backend-3,true
0.139,feed,200,11.910,backend-2,true
0.141,message,201,9.640,backend-3,true
0.139,feed,200,11.800,backend-2,true
0.146,message,201,5.080,backend-3,true
0.139,feed,200,11.480,backend-2,true
0.141,message,201,9.530,backend-3,true
0.139,feed,200,11.770,backend-2,true
0.141,message,201,9.590,backend-3,true
0.142,message,201,8.940,backend-3,true
0.144,message,201,7.300,backend-3,true
0.143,message,201,8.280,backend-3,true
0.146,message,201,5.490,backend-3,true
0.145,message,201,6.090,backend-3,true
0.142,message,201,9.150,backend-3,true
0.144,message,201,7.120,backend-3,true
0.144,message,201,7.070,backend-3,true
0.143,message,201,8.110,backend-3,true
0.145,message,201,6.210,backend-3,true
0.142,message,201,9.240,backend-3,true
0.145,message,201,6.010,backend-3,true
0.144,message,201,7.240,backend-3,true
0.148,message,201,3.580,backend-3,true
0.147,message,201,4.550,backend-3,true
0.148,message,201,3.580,backend-3,true
0.146,message,201,5.760,backend-3,true
0.148,message,201,3.570,backend-3,true
0.146,message,201,5.740,backend-3,true
0.146,message,201,5.800,backend-3,true
0.149,message,201,2.890,backend-3,true
0.148,message,201,3.590,backend-3,true
0.148,message,201,3.540,backend-3,true
0.146,message,201,5.950,backend-3,true
0.147,message,201,4.460,backend-3,true
0.147,message,201,4.420,backend-3,true
0.147,message,201,4.930,backend-3,true
0.149,message,201,3.010,backend-3,true
0.147,message,201,4.910,backend-3,true
0.149,message,201,3.090,backend-3,true
0.148,message,201,3.760,backend-3,true
0.148,message,201,4.400,backend-3,true
0.148,message,201,4.300,backend-3,true
0.148,message,201,4.190,backend-3,true
0.148,message,201,4.520,backend-3,true
0.147,message,201,4.590,backend-3,true
0.148,message,201,3.940,backend-3,true
0.148,message,201,3.950,backend-3,true
0.148,message,201,4.520,backend-3,true
0.148,feed,200,4.650,backend-3,true
0.149,feed,200,4.060,backend-3,true
0.148,feed,200,4.670,backend-3,true
0.152,feed,200,1.030,backend-3,true
0.126,feed,200,26.830,backend-1,true
0.143,feed,200,10.290,backend-2,true
0.152,feed,200,1.630,backend-3,true
0.148,feed,200,5.490,backend-2,true
0.152,feed,200,2.010,backend-3,true
0.152,feed,200,2.120,backend-3,true
0.152,feed,200,2.220,backend-3,true
0.148,feed,200,5.760,backend-2,true
0.148,feed,200,6.130,backend-2,true
0.151,feed,200,3.420,backend-2,true
0.125,message,201,30.100,backend-1,true
0.139,message,201,16.050,backend-2,true
0.139,message,201,16.110,backend-2,true
0.137,message,201,18.790,backend-2,true
0.125,message,201,30.890,backend-1,true
0.140,message,201,16.080,backend-2,true
0.139,message,201,16.380,backend-2,true
0.140,message,201,16.080,backend-2,true
0.140,message,201,16.070,backend-2,true
0.125,message,201,31.000,backend-1,true
0.139,message,201,16.510,backend-2,true
0.125,message,201,31.130,backend-1,true
0.140,message,201,15.670,backend-2,true
0.140,message,201,16.250,backend-2,true
0.139,message,201,16.310,backend-2,true
0.125,message,201,31.040,backend-1,true
0.139,message,201,16.390,backend-2,true
0.139,message,201,16.450,backend-2,true
0.150,feed,200,6.290,backend-3,true
0.125,message,201,31.170,backend-1,true
0.148,message,201,7.830,backend-3,true
0.149,message,201,7.140,backend-3,true
0.139,message,201,16.740,backend-2,true
0.148,message,201,8.220,backend-2,true
0.145,message,201,10.570,backend-2,true
0.148,message,201,7.940,backend-3,true
0.149,message,201,7.000,backend-3,true
0.148,message,201,7.840,backend-3,true
0.148,message,201,8.370,backend-2,true
0.148,message,201,8.370,backend-2,true
0.150,feed,200,6.370,backend-3,true
0.149,message,201,7.340,backend-3,true
0.149,feed,200,7.030,backend-3,true
0.140,message,201,15.870,backend-2,true
0.139,message,201,16.730,backend-2,true
0.125,message,201,31.270,backend-1,true
0.139,message,201,16.690,backend-2,true
0.140,message,201,16.350,backend-2,true
0.140,message,201,16.380,backend-2,true
0.141,message,201,14.770,backend-2,true
0.139,message,201,16.550,backend-2,true
0.140,message,201,16.390,backend-2,true
0.140,message,201,16.410,backend-2,true
0.137,message,201,19.480,backend-2,true
0.139,message,201,17.030,backend-2,true
0.125,message,201,31.470,backend-1,true
0.149,feed,200,7.190,backend-3,true
0.149,feed,200,6.840,backend-3,true
0.125,message,201,31.310,backend-1,true
0.137,message,201,18.960,backend-2,true
0.137,message,201,19.510,backend-2,true
0.137,message,201,18.890,backend-2,true
0.139,message,201,16.980,backend-2,true
0.139,message,201,17.130,backend-2,true
0.137,message,201,18.970,backend-2,true
0.150,message,201,7.340,backend-3,true
0.150,message,201,7.330,backend-3,true
0.150,message,201,7.380,backend-3,true
0.150,message,201,7.370,backend-3,true
0.151,message,201,5.670,backend-3,true
0.152,message,201,5.200,backend-3,true
0.148,message,201,8.900,backend-2,true
0.150,message,201,7.360,backend-3,true
0.150,message,201,7.460,backend-3,true
0.149,message,201,8.130,backend-3,true
0.149,message,201,7.930,backend-3,true
0.149,message,201,8.050,backend-3,true
0.150,feed,200,7.380,backend-2,true
0.152,message,201,4.950,backend-3,true
0.152,message,201,5.310,backend-3,true
0.152,message,201,5.460,backend-3,true
0.152,message,201,5.020,backend-3,true
0.152,message,201,5.460,backend-3,true
0.149,message,201,8.180,backend-3,true
0.149,message,201,8.150,backend-3,true
0.152,message,201,5.000,backend-3,true
0.149,message,201,8.280,backend-2,true
0.152,message,201,5.040,backend-3,true
0.150,message,201,6.780,backend-3,true
0.150,message,201,7.430,backend-3,true
0.151,message,201,5.800,backend-3,true
0.149,message,201,8.060,backend-3,true
0.145,message,201,11.880,backend-2,true
0.149,message,201,8.260,backend-2,true
0.149,message,201,8.080,backend-3,true
0.148,message,201,9.040,backend-2,true
0.149,message,201,7.860,backend-3,true
0.148,message,201,9.070,backend-2,true
0.149,message,201,8.240,backend-3,true
0.149,message,201,7.900,backend-3,true
0.149,message,201,7.960,backend-3,true
0.152,message,201,5.290,backend-3,true
0.152,message,201,5.460,backend-3,true
0.152,message,201,5.380,backend-3,true
0.152,message,201,5.070,backend-2,true
0.148,message,201,9.250,backend-2,true
0.151,message,201,5.860,backend-2,true
0.145,message,201,11.670,backend-2,true
0.152,message,201,5.120,backend-3,true
0.149,message,201,8.080,backend-3,true
0.145,message,201,12.030,backend-2,true
0.152,message,201,5.560,backend-3,true
0.149,message,201,8.440,backend-2,true
0.151,message,201,5.930,backend-2,true
0.152,message,201,5.500,backend-2,true
0.151,feed,200,5.850,backend-2,true
0.149,message,201,8.090,backend-3,true
0.152,message,201,5.490,backend-2,true
0.149,message,201,8.050,backend-3,true
0.152,message,201,5.490,backend-3,true
0.150,message,201,7.450,backend-3,true
0.150,message,201,7.460,backend-3,true
0.150,message,201,7.490,backend-3,true
0.150,message,201,7.830,backend-3,true
0.150,message,201,7.850,backend-3,true
0.150,message,201,7.820,backend-3,true
0.150,feed,200,7.860,backend-2,true
0.150,feed,200,7.550,backend-2,true
0.125,message,201,32.410,backend-1,true
0.151,feed,200,6.950,backend-3,true
0.123,message,201,34.890,backend-1,true
0.125,message,201,32.920,backend-1,true
0.126,message,201,32.600,backend-1,true
0.143,feed,200,14.850,backend-2,true
0.156,feed,200,2.200,backend-3,true
0.144,feed,200,14.540,backend-2,true
0.146,feed,200,12.760,backend-2,true
0.125,message,201,33.230,backend-1,true
0.156,feed,200,2.490,backend-3,true
0.156,feed,200,2.890,backend-3,true
0.156,feed,200,2.970,backend-3,true
0.140,feed,200,19.040,backend-2,true
0.157,feed,200,1.550,backend-3,true
0.157,feed,200,1.620,backend-3,true
0.157,feed,200,1.630,backend-3,true
0.156,feed,200,2.760,backend-2,true
0.157,feed,200,1.580,backend-2,true
0.157,feed,200,1.610,backend-3,true
0.157,feed,200,1.790,backend-3,true
0.157,feed,200,1.470,backend-3,true
0.156,feed,200,2.850,backend-3,true
0.157,feed,200,1.750,backend-2,true
0.157,feed,200,1.940,backend-3,true
0.157,feed,200,1.960,backend-2,true
0.157,feed,200,1.810,backend-2,true
0.157,feed,200,1.840,backend-3,true
0.156,feed,200,2.960,backend-2,true
0.125,message,201,33.910,backend-1,true
0.156,feed,200,3.310,backend-2,true
0.157,feed,200,2.010,backend-2,true
0.157,feed,200,2.170,backend-2,true
0.158,feed,200,1.570,backend-3,true
0.157,feed,200,2.140,backend-2,true
0.156,feed,200,3.700,backend-3,true
0.159,feed,200,0.260,backend-3,true
0.156,feed,200,3.330,backend-3,true
0.156,feed,200,3.300,backend-3,true
0.158,feed,200,1.220,backend-3,true
0.156,feed,200,3.420,backend-2,true
0.150,message,201,9.710,backend-2,true
0.150,message,201,10.020,backend-2,true
0.125,message,201,34.650,backend-1,true
0.150,message,201,10.000,backend-2,true
0.151,message,201,8.310,backend-2,true
0.150,message,201,9.980,backend-2,true
0.147,message,201,12.410,backend-2,true
0.150,message,201,9.770,backend-2,true
0.150,message,201,9.630,backend-2,true
0.151,message,201,9.090,backend-2,true
0.150,message,201,10.100,backend-2,true
0.150,message,201,9.620,backend-2,true
0.150,message,201,9.720,backend-2,true
0.151,message,201,9.170,backend-2,true
0.151,message,201,9.010,backend-2,true
0.150,message,201,9.480,backend-2,true
0.151,message,201,9.030,backend-2,true
0.151,message,201,8.810,backend-2,true
0.151,message,201,8.880,backend-2,true
0.144,message,201,15.670,backend-2,true
0.144,message,201,16.040,backend-2,true
0.144,message,201,15.740,backend-2,true
0.144,message,201,15.660,backend-2,true
0.144,message,201,15.890,backend-2,true
0.143,message,201,16.940,backend-2,true
0.146,message,201,14.340,backend-2,true
0.146,message,201,14.380,backend-2,true
0.146,message,201,14.370,backend-2,true
0.146,message,201,14.360,backend-2,true
0.160,feed,200,0.270,backend-3,true
0.160,feed,200,0.400,backend-3,true
0.123,message,201,37.100,backend-1,true
0.146,message,201,14.450,backend-2,true
0.146,message,201,14.510,backend-2,true
0.146,message,201,14.420,backend-2,true
0.146,message,201,14.700,backend-2,true
0.146,message,201,14.090,backend-2,true
0.146,message,201,14.060,backend-2,true
0.146,message,201,14.650,backend-2,true
0.160,feed,200,0.600,backend-3,true
0.146,message,201,14.630,backend-2,true
0.156,message,201,4.420,backend-2,true
0.160,feed,200,0.680,backend-3,true
0.125,message,201,35.280,backend-1,true
0.156,message,201,4.500,backend-2,true
0.160,feed,200,0.680,backend-3,true
0.156,message,201,4.540,backend-2,true
0.156,message,201,4.790,backend-2,true
0.125,message,201,35.490,backend-1,true
0.156,message,201,4.950,backend-2,true
0.156,message,201,4.740,backend-2,true
0.156,message,201,4.620,backend-2,true
0.156,message,201,4.950,backend-2,true
0.156,message,201,4.860,backend-2,true
0.125,message,201,35.320,backend-1,true
0.156,message,201,4.950,backend-2,true
0.125,message,201,36.290,backend-1,true
0.150,message,201,11.190,backend-3,true
0.141,message,201,20.500,backend-2,true
0.156,message,201,5.140,backend-2,true
0.148,message,201,13.040,backend-2,true
0.150,message,201,11.170,backend-3,true
0.156,message,201,5.240,backend-2,true
0.151,message,201,10.550,backend-3,true
0.150,message,201,10.630,backend-3,true
0.150,message,201,11.030,backend-3,true
0.150,message,201,11.100,backend-3,true
0.151,message,201,10.600,backend-3,true
0.150,message,201,10.660,backend-3,true
0.151,message,201,10.390,backend-3,true
0.161,feed,200,0.530,backend-2,true
0.151,message,201,10.620,backend-3,true
0.160,feed,200,0.870,backend-2,true
0.160,feed,200,1.300,backend-2,true
0.151,message,201,10.380,backend-3,true
0.151,message,201,10.490,backend-3,true
0.151,message,201,10.480,backend-3,true
0.125,message,201,36.350,backend-1,true
0.161,feed,200,0.420,backend-2,true
0.151,message,201,10.490,backend-3,true
0.151,message,201,10.680,backend-3,true
0.151,message,201,10.260,backend-3,true
0.151,message,201,10.370,backend-3,true
0.151,message,201,10.410,backend-3,true
0.125,message,201,36.540,backend-1,true
0.125,message,201,36.350,backend-1,true
0.151,message,201,10.460,backend-3,true
0.156,message,201,5.990,backend-3,true
0.156,message,201,6.030,backend-3,true
0.151,message,201,10.390,backend-3,true
0.153,message,201,8.270,backend-3,true
0.153,message,201,8.570,backend-3,true
0.153,message,201,8.260,backend-3,true
0.154,message,201,7.900,backend-3,true
0.156,message,201,5.880,backend-3,true
0.162,feed,200,0.310,backend-2,true
0.156,message,201,6.090,backend-3,true
0.126,message,201,35.560,backend-1,true
0.162,feed,200,0.300,backend-2,true
0.154,message,201,8.170,backend-3,true
0.156,message,201,6.130,backend-3,true
0.156,message,201,6.280,backend-3,true
0.156,message,201,6.090,backend-3,true
0.156,message,201,6.190,backend-3,true
0.156,message,201,6.130,backend-3,true
0.155,message,201,7.450,backend-3,true
0.156,message,201,6.270,backend-3,true
0.156,message,201,6.310,backend-3,true
0.156,message,201,6.180,backend-3,true
0.157,message,201,5.060,backend-3,true
0.155,message,201,7.600,backend-3,true
0.153,message,201,9.600,backend-3,true
0.153,message,201,9.560,backend-3,true
0.156,message,201,6.470,backend-3,true
0.154,message,201,8.860,backend-3,true
0.156,message,201,6.930,backend-3,true
0.162,feed,200,0.480,backend-2,true
0.153,message,201,9.360,backend-3,true
0.154,message,201,8.260,backend-3,true
0.154,message,201,8.620,backend-3,true
0.154,message,201,8.920,backend-3,true
0.162,feed,200,0.450,backend-2,true
0.160,feed,200,2.610,backend-3,true
0.160,feed,200,2.390,backend-3,true
0.160,feed,200,2.280,backend-3,true
0.162,feed,200,0.590,backend-2,true
0.162,feed,200,0.540,backend-2,true
0.161,feed,200,2.160,backend-3,true
0.162,feed,200,0.260,backend-2,true
0.162,feed,200,1.090,backend-3,true
0.161,feed,200,1.630,backend-3,true
0.161,feed,200,2.080,backend-3,true
0.162,feed,200,1.150,backend-3,true
0.126,message,201,37.010,backend-1,true
0.162,feed,200,1.070,backend-3,true
0.162,feed,200,0.850,backend-3,true
0.125,message,201,37.850,backend-1,true
0.162,feed,200,0.650,backend-3,true
0.125,message,201,37.730,backend-1,true
0.125,message,201,37.720,backend-1,true
0.125,message,201,37.920,backend-1,true
0.125,message,201,37.850,backend-1,true
0.163,feed,200,0.110,backend-3,true
0.163,feed,200,0.120,backend-2,true
0.125,message,201,37.910,backend-1,true
0.125,message,201,38.150,backend-1,true
0.125,message,201,37.990,backend-1,true
0.163,feed,200,0.130,backend-3,true
0.125,message,201,38.240,backend-1,true
0.163,feed,200,0.210,backend-3,true
0.163,feed,200,0.140,backend-2,true
0.125,message,201,38.420,backend-1,true
0.125,message,201,38.240,backend-1,true
0.125,message,201,38.400,backend-1,true
0.125,message,201,38.620,backend-1,true
0.125,message,201,38.730,backend-1,true
0.125,message,201,38.760,backend-1,true
0.164,feed,200,0.150,backend-3,true
0.125,message,201,38.930,backend-1,true
0.164,feed,200,0.180,backend-2,true
0.125,message,201,38.990,backend-1,true
0.126,message,201,37.700,backend-1,true
0.125,message,201,39.270,backend-1,true
0.126,message,201,38.270,backend-1,true
0.126,message,201,37.830,backend-1,true
0.126,message,201,38.490,backend-1,true
0.126,message,201,37.850,backend-1,true
0.164,feed,200,0.250,backend-2,true
0.126,message,201,37.990,backend-1,true
0.130,feed,200,34.370,backend-1,true
0.134,feed,200,30.210,backend-1,true
0.144,feed,200,21.050,backend-1,true
0.149,feed,200,16.150,backend-1,true
0.131,feed,200,33.900,backend-1,true
0.137,feed,200,28.230,backend-1,true
0.137,feed,200,28.410,backend-1,true
0.137,feed,200,28.300,backend-1,true
0.137,feed,200,28.750,backend-1,true
0.148,message,201,17.480,backend-2,true
0.148,message,201,17.560,backend-2,true
0.149,feed,200,17.130,backend-1,true
0.149,feed,200,17.180,backend-1,true
0.126,feed,200,39.980,backend-1,true
0.137,feed,200,29.830,backend-1,true
0.131,feed,200,35.990,backend-1,true
0.130,feed,200,36.540,backend-1,true
0.126,feed,200,40.550,backend-1,true
0.162,message,201,5.690,backend-3,true
0.163,message,201,4.170,backend-3,true
0.163,message,201,3.980,backend-3,true
0.167,feed,200,0.180,backend-3,true
0.126,message,201,41.560,backend-1,true
0.125,message,201,42.830,backend-1,true
0.131,message,201,37.550,backend-1,true
0.130,message,201,38.200,backend-1,true
0.131,message,201,37.700,backend-1,true
0.137,message,201,31.160,backend-1,true
0.135,message,201,33.770,backend-1,true
0.137,message,201,31.710,backend-1,true
0.146,message,201,22.650,backend-1,true
0.130,message,201,38.710,backend-1,true
0.131,message,201,37.570,backend-1,true
0.168,feed,200,0.200,backend-3,true
0.130,message,201,38.970,backend-1,true
0.130,message,201,39.180,backend-1,true
0.130,message,201,38.730,backend-1,true
0.130,message,201,38.980,backend-1,true
0.137,message,201,31.840,backend-1,true
0.137,message,201,31.920,backend-1,true
0.135,message,201,34.350,backend-1,true
0.169,feed,200,0.180,backend-2,true
0.137,message,201,32.170,backend-1,true
0.137,message,201,32.220,backend-1,true
0.137,message,201,32.700,backend-1,true
0.137,message,201,32.420,backend-1,true
0.137,message,201,32.730,backend-1,true
0.137,message,201,32.740,backend-1,true
0.137,message,201,33.050,backend-1,true
0.137,message,201,32.930,backend-1,true
0.139,message,201,30.460,backend-1,true
0.136,message,201,33.300,backend-1,true
0.140,message,201,29.830,backend-1,true
0.170,feed,200,0.210,backend-3,true
0.146,message,201,24.340,backend-1,true
0.146,message,201,24.360,backend-1,true
0.149,message,201,21.010,backend-1,true
0.149,message,201,21.100,backend-1,true
0.149,message,201,21.220,backend-1,true
0.149,message,201,21.160,backend-1,true
0.149,message,201,21.360,backend-1,true
0.149,message,201,21.440,backend-1,true
0.152,message,201,18.830,backend-1,true
0.152,message,201,18.740,backend-1,true
0.152,message,201,18.880,backend-1,true
0.126,message,201,44.180,backend-1,true
0.152,message,201,19.080,backend-1,true
0.137,message,201,40.160,backend-1,true
0.168,message,201,9.000,backend-3,true
0.169,message,201,7.780,backend-3,true
0.168,message,201,9.200,backend-2,true
0.130,message,201,47.210,backend-1,true
0.131,message,201,46.710,backend-1,true
0.149,message,201,28.180,backend-1,true
0.153,message,201,24.670,backend-1,true
