t_s,route,status,latency_ms,backend,ok
0.000,message,201,11.320,backend-3,true
0.001,message,201,11.270,backend-3,true
0.001,message,201,11.390,backend-3,true
0.001,message,201,11.450,backend-2,true
0.000,message,201,12.290,backend-3,true
0.000,message,201,11.860,backend-1,true
0.000,message,201,13.890,backend-1,true
0.000,message,201,13.410,backend-3,true
0.000,message,201,13.790,backend-2,true
0.000,message,201,13.850,backend-2,true
0.000,message,201,14.540,backend-1,true
0.000,message,201,14.660,backend-2,true
0.000,message,201,14.700,backend-1,true
0.000,message,201,14.770,backend-1,true
0.001,message,201,13.940,backend-2,true
0.000,message,201,14.280,backend-1,true
0.001,message,201,14.190,backend-2,true
0.000,message,201,14.530,backend-1,true
0.000,message,201,14.820,backend-2,true
0.000,message,201,14.970,backend-3,true
0.001,message,201,14.260,backend-2,true
0.000,message,201,14.720,backend-3,true
0.007,message,201,14.540,backend-3,true
0.001,message,201,20.500,backend-2,true
0.001,message,201,21.130,backend-3,true
0.001,message,201,20.960,backend-3,true
0.001,message,201,20.740,backend-3,true
0.003,message,201,21.900,backend-2,true
0.002,message,201,23.280,backend-3,true
0.001,message,201,24.160,backend-1,true
0.007,message,201,18.730,backend-1,true
0.006,message,201,19.010,backend-1,true
0.001,message,201,24.810,backend-3,true
0.002,message,201,23.160,backend-1,true
0.006,message,201,19.130,backend-2,true
0.011,message,201,14.070,backend-1,true
0.001,message,201,24.150,backend-3,true
0.001,message,201,24.220,backend-2,true
0.002,message,201,23.930,backend-1,true
0.003,message,201,22.910,backend-2,true
0.007,message,201,18.860,backend-3,true
0.011,message,201,14.160,backend-1,true
0.008,message,201,17.740,backend-3,true
0.002,message,201,24.010,backend-3,true
0.002,message,201,23.740,backend-3,true
0.012,message,201,14.220,backend-1,true
0.007,message,201,19.290,backend-2,true
0.000,message,201,26.040,backend-3,true
0.003,message,201,23.120,backend-2,true
0.001,message,201,24.510,backend-1,true
0.012,message,201,13.820,backend-1,true
0.007,message,201,19.220,backend-3,true
0.001,message,201,24.570,backend-3,true
0.002,message,201,24.300,backend-3,true
0.012,message,201,14.370,backend-3,true
0.012,message,201,13.950,backend-1,true
0.012,message,201,14.280,backend-3,true
0.009,message,201,17.250,backend-3,true
0.001,message,201,24.910,backend-3,true
0.012,message,201,14.570,backend-1,true
0.001,message,201,25.260,backend-2,true
0.006,message,201,20.150,backend-2,true
0.001,message,201,25.360,backend-3,true
0.000,message,201,26.200,backend-3,true
0.006,message,201,20.290,backend-3,true
0.001,message,201,26.040,backend-2,true
0.008,message,201,18.910,backend-3,true
0.001,message,201,26.350,backend-2,true
0.012,message,201,14.580,backend-2,true
0.002,message,201,24.930,backend-2,true
0.011,message,201,15.770,backend-2,true
0.002,message,201,25.450,backend-1,true
0.012,message,201,15.110,backend-3,true
0.001,message,201,26.410,backend-3,true
0.012,message,201,15.530,backend-2,true
0.001,message,201,26.610,backend-3,true
0.012,message,201,15.170,backend-2,true
0.002,message,201,25.650,backend-2,true
0.012,message,201,15.150,backend-2,true
0.012,message,201,15.520,backend-3,true
0.002,message,201,25.220,backend-2,true
0.001,message,201,26.130,backend-2,true
0.002,message,201,25.130,backend-3,true
0.008,message,201,19.450,backend-3,true
0.001,message,201,26.840,backend-1,true
0.007,message,201,20.840,backend-1,true
0.001,message,201,26.270,backend-1,true
0.006,message,201,21.300,backend-2,true
0.006,message,201,21.360,backend-1,true
0.001,message,201,26.430,backend-3,true
0.001,message,201,26.290,backend-1,true
0.012,message,201,15.920,backend-2,true
0.002,message,201,25.370,backend-3,true
0.001,message,201,26.270,backend-1,true
0.006,message,201,21.420,backend-2,true
0.002,message,201,25.780,backend-1,true
0.008,message,201,19.480,backend-2,true
0.001,message,201,26.360,backend-1,true
0.002,message,201,25.520,backend-2,true
0.007,message,201,20.880,backend-1,true
0.006,message,201,21.180,backend-1,true
0.012,message,201,15.560,backend-2,true
0.001,message,201,27.020,backend-2,true
0.006,message,201,21.420,backend-2,true
0.007,message,201,20.680,backend-2,true
0.000,message,201,27.280,backend-2,true
0.012,message,201,15.380,backend-3,true
0.007,message,201,20.500,backend-2,true
0.002,message,201,25.670,backend-1,true
0.000,message,201,27.360,backend-2,true
0.001,message,201,27.030,backend-1,true
0.001,message,201,26.660,backend-2,true
0.006,message,201,21.310,backend-2,true
0.001,message,201,26.710,backend-2,true
0.002,message,201,26.040,backend-1,true
0.002,message,201,25.550,backend-2,true
0.002,message,201,29.750,backend-3,true
0.001,message,201,33.020,backend-3,true
0.012,message,201,22.100,backend-3,true
0.001,message,201,33.220,backend-3,true
0.013,message,201,21.470,backend-3,true
0.001,message,201,33.070,backend-3,true
0.001,message,201,34.040,backend-3,true
0.001,message,201,34.210,backend-3,true
0.002,message,201,33.220,backend-3,true
0.013,message,201,22.280,backend-3,true
0.013,message,201,22.070,backend-3,true
0.002,message,201,33.260,backend-3,true
0.002,message,201,33.170,backend-3,true
0.012,message,201,23.100,backend-1,true
0.002,message,201,33.160,backend-1,true
0.012,message,201,23.410,backend-1,true
0.002,message,201,33.580,backend-3,true
0.001,message,201,34.240,backend-1,true
0.002,message,201,33.900,backend-1,true
0.013,message,201,22.680,backend-1,true
0.005,message,201,30.520,backend-3,true
0.002,message,201,33.870,backend-1,true
0.002,message,201,34.170,backend-1,true
0.013,message,201,23.160,backend-1,true
0.001,message,201,34.400,backend-1,true
0.002,message,201,33.900,backend-1,true
0.001,message,201,35.090,backend-1,true
0.012,message,201,23.540,backend-1,true
0.013,message,201,23.210,backend-1,true
0.012,message,201,23.830,backend-1,true
0.002,message,201,34.610,backend-3,true
0.002,message,201,35.000,backend-2,true
0.001,message,201,36.280,backend-2,true
0.001,message,201,36.410,backend-2,true
0.001,message,201,35.890,backend-2,true
0.002,message,201,35.080,backend-2,true
0.012,message,201,24.790,backend-2,true
0.013,message,201,24.310,backend-2,true
0.013,message,201,24.740,backend-2,true
0.012,message,201,24.980,backend-1,true
0.013,message,201,24.530,backend-2,true
0.013,message,201,24.260,backend-1,true
0.002,message,201,35.680,backend-1,true
0.002,message,201,36.470,backend-1,true
0.014,message,201,23.530,backend-2,true
0.001,message,201,36.770,backend-2,true
0.002,message,201,36.020,backend-2,true
0.001,message,201,37.630,backend-1,true
0.015,message,201,24.190,backend-1,true
0.012,message,201,26.490,backend-1,true
0.014,message,201,25.060,backend-1,true
0.014,message,201,25.080,backend-1,true
0.015,message,201,24.250,backend-1,true
0.014,message,201,24.660,backend-3,true
0.013,message,201,25.660,backend-3,true
0.015,message,201,23.750,backend-1,true
0.014,message,201,25.280,backend-1,true
0.015,message,201,24.080,backend-1,true
0.015,message,201,24.620,backend-3,true
0.014,message,201,25.100,backend-3,true
0.014,message,201,25.600,backend-3,true
0.016,message,201,23.040,backend-1,true
0.002,message,201,37.000,backend-3,true
0.014,message,201,25.070,backend-1,true
0.015,message,201,23.830,backend-1,true
0.014,message,201,25.750,backend-3,true
0.015,message,201,24.800,backend-1,true
0.015,message,201,24.720,backend-1,true
0.014,message,201,25.340,backend-3,true
0.013,message,201,25.900,backend-3,true
0.016,message,201,23.730,backend-1,true
0.006,message,201,33.480,backend-3,true
0.013,message,201,26.090,backend-3,true
0.014,message,201,25.500,backend-1,true
0.014,message,201,25.280,backend-1,true
0.015,message,201,24.590,backend-1,true
0.017,message,201,22.720,backend-1,true
0.014,message,201,25.930,backend-3,true
0.015,message,201,24.540,backend-1,true
0.014,message,201,25.460,backend-3,true
0.015,message,201,24.980,backend-1,true
0.017,message,201,22.490,backend-1,true
0.014,message,201,25.680,backend-3,true
0.013,message,201,26.580,backend-3,true
0.014,message,201,25.600,backend-3,true
0.015,message,201,25.390,backend-3,true
0.015,message,201,24.810,backend-1,true
0.015,message,201,24.860,backend-1,true
0.014,message,201,25.680,backend-3,true
0.016,message,201,24.080,backend-3,true
0.004,message,201,36.870,backend-3,true
0.015,message,201,25.810,backend-3,true
0.015,message,201,25.790,backend-3,true
0.015,message,201,25.630,backend-3,true
0.016,message,201,25.190,backend-3,true
0.015,message,201,26.070,backend-3,true
0.016,message,201,25.200,backend-3,true
0.016,message,201,25.120,backend-3,true
0.016,message,201,25.210,backend-3,true
0.015,message,201,25.880,backend-3,true
0.015,message,201,25.940,backend-3,true
0.014,message,201,26.760,backend-3,true
0.018,message,201,23.560,backend-2,true
0.017,message,201,24.760,backend-2,true
0.016,message,201,25.380,backend-2,true
0.021,message,201,21.280,backend-2,true
0.021,message,201,21.060,backend-2,true
0.015,message,201,26.670,backend-2,true
0.014,message,201,28.260,backend-2,true
0.015,message,201,27.180,backend-2,true
0.016,message,201,26.250,backend-2,true
0.016,message,201,26.330,backend-2,true
0.016,message,201,26.230,backend-2,true
0.015,message,201,26.740,backend-2,true
0.016,message,201,26.140,backend-2,true
0.015,message,201,27.550,backend-2,true
0.014,message,201,28.230,backend-2,true
0.016,message,201,26.100,backend-2,true
0.002,message,201,40.660,backend-2,true
0.015,message,201,27.610,backend-2,true
0.002,message,201,40.620,backend-2,true
0.015,message,201,27.510,backend-2,true
0.014,message,201,28.520,backend-2,true
0.014,message,201,27.900,backend-2,true
0.017,message,201,25.670,backend-2,true
0.016,message,201,26.520,backend-2,true
0.017,message,201,25.460,backend-2,true
0.018,message,201,24.500,backend-2,true
0.017,message,201,24.980,backend-2,true
0.021,message,201,21.920,backend-2,true
0.017,message,201,25.040,backend-2,true
0.006,message,201,36.270,backend-2,true
0.018,message,201,24.070,backend-2,true
0.017,message,201,25.850,backend-2,true
0.019,message,201,23.860,backend-2,true
0.020,message,201,22.450,backend-2,true
0.017,message,201,25.780,backend-2,true
0.019,message,201,23.750,backend-1,true
0.007,message,201,35.810,backend-2,true
0.007,message,201,35.710,backend-1,true
0.006,message,201,36.480,backend-2,true
0.008,message,201,34.750,backend-2,true
0.020,message,201,22.620,backend-1,true
0.006,message,201,36.470,backend-1,true
0.022,message,201,21.020,backend-1,true
0.018,message,201,25.400,backend-3,true
0.016,message,201,28.000,backend-3,true
0.006,message,201,37.520,backend-3,true
0.021,message,201,22.880,backend-3,true
0.002,message,201,41.480,backend-3,true
0.021,message,201,22.270,backend-3,true
0.023,message,201,20.800,backend-3,true
0.003,message,201,40.770,backend-3,true
0.003,message,201,40.450,backend-3,true
0.015,message,201,28.400,backend-3,true
0.020,message,201,23.760,backend-3,true
0.027,message,201,19.060,backend-1,true
0.003,message,201,42.700,backend-3,true
0.003,message,201,42.790,backend-1,true
0.025,message,201,21.250,backend-2,true
0.016,message,201,29.630,backend-3,true
0.018,message,201,27.970,backend-3,true
0.025,message,201,20.840,backend-3,true
0.027,message,201,18.880,backend-1,true
0.027,message,201,19.770,backend-3,true
0.026,message,201,20.750,backend-3,true
0.028,message,201,18.850,backend-3,true
0.026,message,201,20.970,backend-3,true
0.028,message,201,18.870,backend-3,true
0.025,message,201,21.120,backend-3,true
0.025,message,201,21.440,backend-1,true
0.023,message,201,23.800,backend-2,true
0.028,message,201,19.080,backend-1,true
0.027,message,201,19.860,backend-1,true
0.026,message,201,21.140,backend-3,true
0.028,message,201,19.400,backend-1,true
0.026,message,201,21.180,backend-1,true
0.008,message,201,39.210,backend-2,true
0.028,message,201,19.820,backend-1,true
0.027,message,201,20.050,backend-1,true
0.003,message,201,44.380,backend-2,true
0.028,message,201,19.710,backend-1,true
0.021,message,201,26.350,backend-2,true
0.022,message,201,25.810,backend-1,true
0.028,message,201,19.790,backend-1,true
0.024,message,201,23.130,backend-1,true
0.013,message,201,34.270,backend-3,true
0.019,message,201,28.490,backend-2,true
0.027,message,201,20.200,backend-3,true
0.027,message,201,20.320,backend-1,true
0.023,message,201,24.490,backend-1,true
0.025,message,201,22.310,backend-1,true
0.025,message,201,22.550,backend-2,true
0.027,message,201,20.460,backend-3,true
0.017,message,201,31.220,backend-2,true
0.021,message,201,26.500,backend-2,true
0.023,message,201,24.430,backend-2,true
0.027,message,201,20.630,backend-1,true
0.028,message,201,19.910,backend-3,true
0.022,message,201,26.120,backend-2,true
0.028,message,201,20.290,backend-3,true
0.026,message,201,21.730,backend-1,true
0.027,message,201,20.350,backend-1,true
0.009,message,201,38.540,backend-2,true
0.023,message,201,24.640,backend-1,true
0.026,message,201,22.900,backend-3,true
0.021,message,201,27.370,backend-1,true
0.034,message,201,14.510,backend-3,true
0.027,message,201,21.580,backend-3,true
0.027,message,201,21.520,backend-1,true
0.024,message,201,24.320,backend-3,true
0.026,message,201,22.460,backend-2,true
0.025,message,201,23.140,backend-3,true
0.023,message,201,25.880,backend-2,true
0.026,message,201,22.930,backend-1,true
0.027,message,201,21.370,backend-3,true
0.025,message,201,23.600,backend-3,true
0.007,message,201,41.890,backend-2,true
0.028,message,201,21.180,backend-1,true
0.002,message,201,46.700,backend-2,true
0.026,message,201,22.750,backend-1,true
0.026,message,201,22.330,backend-3,true
0.025,message,201,23.510,backend-1,true
0.027,message,201,21.570,backend-3,true
0.025,message,201,23.840,backend-3,true
0.027,message,201,21.310,backend-3,true
0.026,message,201,22.610,backend-3,true
0.027,message,201,22.310,backend-3,true
0.027,message,201,21.520,backend-3,true
0.035,message,201,13.670,backend-3,true
0.024,message,201,24.550,backend-1,true
0.024,message,201,25.300,backend-2,true
0.026,message,201,22.720,backend-1,true
0.025,message,201,23.560,backend-2,true
0.027,message,201,22.250,backend-3,true
0.024,message,201,24.570,backend-2,true
0.008,message,201,40.890,backend-2,true
0.002,message,201,46.770,backend-2,true
0.027,message,201,22.090,backend-1,true
0.026,message,201,22.930,backend-2,true
0.027,message,201,21.880,backend-1,true
0.006,message,201,42.600,backend-1,true
0.027,message,201,22.340,backend-3,true
0.002,message,201,47.060,backend-2,true
0.025,message,201,24.100,backend-1,true
0.024,message,201,24.980,backend-3,true
0.028,message,201,21.510,backend-1,true
0.003,message,201,46.350,backend-2,true
0.028,message,201,21.640,backend-1,true
0.026,message,201,23.340,backend-3,true
0.023,message,201,25.860,backend-3,true
0.026,message,201,23.140,backend-1,true
0.009,message,201,40.710,backend-3,true
0.025,message,201,24.550,backend-3,true
0.026,message,201,23.690,backend-3,true
0.008,message,201,40.950,backend-1,true
0.022,message,201,27.670,backend-2,true
0.008,message,201,41.230,backend-3,true
0.002,message,201,47.450,backend-2,true
0.027,message,201,22.210,backend-1,true
0.027,message,201,22.400,backend-3,true
0.021,message,201,28.700,backend-2,true
0.027,message,201,22.390,backend-1,true
0.025,message,201,24.510,backend-1,true
0.026,message,201,24.050,backend-1,true
0.023,message,201,26.600,backend-1,true
0.028,message,201,22.220,backend-3,true
0.025,message,201,25.300,backend-1,true
0.024,message,201,25.470,backend-1,true
0.027,message,201,23.170,backend-1,true
0.024,message,201,26.730,backend-1,true
0.027,message,201,22.810,backend-3,true
0.027,message,201,23.300,backend-1,true
0.028,message,201,23.000,backend-3,true
0.027,message,201,23.940,backend-3,true
0.026,message,201,24.710,backend-3,true
0.027,message,201,23.650,backend-1,true
0.027,message,201,23.440,backend-3,true
0.028,message,201,23.330,backend-3,true
0.025,message,201,26.460,backend-1,true
0.028,message,201,23.460,backend-3,true
0.035,message,201,15.760,backend-2,true
0.040,message,201,11.190,backend-1,true
0.026,message,201,24.900,backend-3,true
0.036,message,201,15.430,backend-2,true
0.027,message,201,23.890,backend-3,true
0.042,message,201,8.840,backend-1,true
0.026,message,201,25.200,backend-3,true
0.026,message,201,25.410,backend-1,true
0.040,message,201,11.200,backend-1,true
0.027,message,201,24.620,backend-3,true
0.035,message,201,15.930,backend-2,true
0.037,message,201,13.890,backend-1,true
0.034,message,201,16.730,backend-3,true
0.046,message,201,5.240,backend-1,true
0.035,message,201,16.130,backend-2,true
0.025,message,201,25.920,backend-3,true
0.024,message,201,27.200,backend-1,true
0.027,message,201,23.850,backend-3,true
0.027,message,201,23.940,backend-1,true
0.046,message,201,5.330,backend-1,true
0.040,message,201,11.540,backend-1,true
0.042,message,201,9.100,backend-1,true
0.042,message,201,9.210,backend-1,true
0.044,message,201,7.710,backend-1,true
0.037,message,201,14.230,backend-1,true
0.036,message,201,15.980,backend-3,true
0.048,message,201,4.340,backend-3,true
0.040,message,201,12.160,backend-2,true
0.048,message,201,4.310,backend-3,true
0.047,message,201,5.150,backend-3,true
0.042,message,201,10.040,backend-3,true
0.043,message,201,9.420,backend-3,true
0.037,message,201,14.650,backend-2,true
0.048,message,201,4.510,backend-3,true
0.043,message,201,9.420,backend-2,true
0.039,message,201,12.780,backend-2,true
0.037,message,201,14.930,backend-3,true
0.036,message,201,16.510,backend-2,true
0.046,message,201,6.310,backend-3,true
0.036,message,201,16.520,backend-2,true
0.039,message,201,13.120,backend-2,true
0.035,message,201,17.290,backend-2,true
0.038,message,201,14.390,backend-3,true
0.039,message,201,13.360,backend-2,true
0.039,message,201,14.000,backend-2,true
0.042,message,201,10.770,backend-2,true
0.048,message,201,5.150,backend-3,true
0.039,message,201,14.070,backend-2,true
0.044,message,201,9.060,backend-2,true
0.039,message,201,13.510,backend-2,true
0.046,message,201,6.790,backend-3,true
0.042,message,201,10.920,backend-2,true
0.038,message,201,15.150,backend-1,true
0.040,message,201,13.370,backend-3,true
0.028,message,201,25.690,backend-1,true
0.039,message,201,13.820,backend-1,true
0.041,message,201,12.360,backend-2,true
0.034,message,201,19.230,backend-1,true
0.041,message,201,12.520,backend-3,true
0.043,message,201,10.580,backend-1,true
0.039,message,201,14.500,backend-1,true
0.039,message,201,14.180,backend-1,true
0.042,message,201,11.180,backend-1,true
0.042,message,201,10.970,backend-1,true
0.037,message,201,15.990,backend-1,true
0.042,message,201,10.960,backend-1,true
0.035,message,201,18.160,backend-1,true
0.035,message,201,18.370,backend-1,true
0.025,message,201,27.940,backend-1,true
0.039,message,201,13.990,backend-2,true
0.048,message,201,5.960,backend-1,true
0.042,message,201,11.150,backend-3,true
0.043,message,201,10.860,backend-1,true
0.024,message,201,29.720,backend-1,true
0.042,message,201,11.460,backend-1,true
0.046,message,201,7.110,backend-1,true
0.042,message,201,11.800,backend-1,true
0.048,message,201,6.090,backend-1,true
0.027,message,201,26.150,backend-1,true
0.047,message,201,7.060,backend-1,true
0.043,message,201,11.040,backend-1,true
0.026,message,201,27.800,backend-1,true
0.028,message,201,26.200,backend-1,true
0.048,message,201,6.050,backend-1,true
0.044,message,201,10.140,backend-1,true
0.026,message,201,28.180,backend-1,true
0.026,message,201,27.980,backend-1,true
0.043,message,201,11.070,backend-1,true
0.038,message,201,15.730,backend-1,true
0.043,message,201,11.270,backend-1,true
0.039,message,201,14.630,backend-1,true
0.047,message,201,7.370,backend-3,true
0.035,message,201,18.710,backend-1,true
0.027,message,201,26.680,backend-1,true
0.046,message,201,7.640,backend-1,true
0.044,message,201,10.420,backend-1,true
0.042,message,201,12.100,backend-1,true
0.044,message,201,10.490,backend-1,true
0.044,message,201,10.350,backend-1,true
0.046,message,201,7.660,backend-1,true
0.042,message,201,12.210,backend-1,true
0.047,message,201,6.860,backend-1,true
0.043,message,201,11.430,backend-1,true
0.042,message,201,11.950,backend-3,true
0.034,message,201,20.120,backend-2,true
0.043,message,201,11.580,backend-1,true
0.052,message,201,2.260,backend-3,true
0.049,message,201,5.330,backend-3,true
0.048,message,201,6.660,backend-1,true
0.049,message,201,5.500,backend-3,true
0.034,message,201,20.300,backend-2,true
0.047,message,201,7.310,backend-3,true
0.032,message,201,22.790,backend-1,true
0.039,message,201,15.110,backend-2,true
0.052,message,201,2.250,backend-3,true
0.053,message,201,1.720,backend-3,true
0.039,message,201,15.420,backend-3,true
0.047,message,201,7.350,backend-3,true
0.049,message,201,5.730,backend-3,true
0.053,message,201,1.770,backend-3,true
0.041,message,201,13.720,backend-1,true
0.039,message,201,15.860,backend-1,true
0.052,message,201,2.190,backend-3,true
0.039,message,201,15.240,backend-1,true
0.044,message,201,11.030,backend-1,true
0.049,message,201,6.100,backend-3,true
0.038,message,201,16.410,backend-1,true
0.049,message,201,5.530,backend-3,true
0.036,message,201,19.070,backend-2,true
0.049,message,201,5.680,backend-3,true
0.039,message,201,15.790,backend-3,true
0.042,message,201,12.490,backend-3,true
0.052,message,201,2.870,backend-3,true
0.049,message,201,5.930,backend-3,true
0.053,message,201,2.010,backend-3,true
0.050,message,201,4.720,backend-3,true
0.042,message,201,12.520,backend-3,true
0.049,message,201,6.450,backend-3,true
0.052,message,201,3.030,backend-3,true
0.041,message,201,14.270,backend-2,true
0.053,message,201,1.880,backend-3,true
0.042,message,201,12.850,backend-3,true
0.051,message,201,4.090,backend-3,true
0.042,message,201,13.180,backend-3,true
0.052,message,201,2.890,backend-3,true
0.037,message,201,18.420,backend-2,true
0.052,message,201,2.950,backend-3,true
0.051,message,201,3.950,backend-3,true
0.042,message,201,12.760,backend-3,true
0.053,message,201,1.990,backend-3,true
0.044,message,201,11.730,backend-3,true
0.049,message,201,6.280,backend-3,true
0.049,message,201,6.330,backend-3,true
0.041,message,201,14.490,backend-3,true
0.049,message,201,6.370,backend-3,true
0.038,message,201,17.610,backend-3,true
0.053,message,201,2.190,backend-3,true
0.039,message,201,16.250,backend-3,true
0.039,message,201,15.910,backend-3,true
0.047,message,201,7.980,backend-3,true
0.050,message,201,5.480,backend-3,true
0.048,message,201,7.450,backend-3,true
0.052,message,201,3.450,backend-3,true
0.048,message,201,7.900,backend-1,true
0.044,message,201,11.900,backend-2,true
0.037,message,201,18.310,backend-1,true
0.039,message,201,16.310,backend-3,true
0.047,message,201,8.800,backend-3,true
0.049,message,201,6.740,backend-2,true
0.039,message,201,16.350,backend-3,true
0.053,message,201,2.890,backend-2,true
0.042,message,201,13.620,backend-2,true
0.039,message,201,16.430,backend-3,true
0.041,message,201,14.500,backend-2,true
0.035,message,201,20.520,backend-2,true
0.052,message,201,3.490,backend-3,true
0.041,message,201,14.770,backend-3,true
0.039,message,201,16.530,backend-3,true
0.043,message,201,13.100,backend-3,true
0.053,message,201,2.950,backend-3,true
0.026,message,201,29.500,backend-1,true
0.040,message,201,15.950,backend-2,true
0.043,message,201,13.200,backend-3,true
0.043,message,201,13.190,backend-3,true
0.038,message,201,17.720,backend-3,true
0.053,message,201,2.950,backend-3,true
0.051,message,201,4.550,backend-3,true
0.042,message,201,13.590,backend-3,true
0.041,message,201,15.090,backend-2,true
0.040,message,201,15.730,backend-3,true
0.036,message,201,19.890,backend-3,true
0.036,message,201,19.880,backend-3,true
0.049,message,201,6.970,backend-3,true
0.036,message,201,20.000,backend-3,true
0.042,message,201,13.370,backend-3,true
0.049,message,201,7.010,backend-2,true
0.040,message,201,16.060,backend-3,true
0.039,message,201,16.820,backend-2,true
0.037,message,201,18.660,backend-3,true
0.043,message,201,13.290,backend-2,true
0.052,message,201,3.490,backend-2,true
0.035,message,201,21.240,backend-2,true
0.052,message,201,4.050,backend-2,true
0.049,message,201,7.830,backend-2,true
0.042,message,201,14.390,backend-3,true
0.044,message,201,12.950,backend-2,true
0.043,message,201,13.950,backend-2,true
0.042,message,201,15.010,backend-3,true
0.046,message,201,11.210,backend-2,true
0.046,message,201,11.240,backend-2,true
0.053,message,201,4.540,backend-2,true
0.042,message,201,15.550,backend-2,true
0.048,message,201,9.610,backend-2,true
0.037,message,201,19.970,backend-3,true
0.053,message,201,4.640,backend-2,true
0.052,message,201,5.000,backend-2,true
0.049,message,201,8.660,backend-2,true
0.040,message,201,17.330,backend-3,true
0.051,message,201,6.260,backend-2,true
0.052,message,201,5.500,backend-2,true
0.053,message,201,4.730,backend-2,true
0.052,message,201,5.380,backend-2,true
0.051,message,201,6.910,backend-2,true
0.037,message,201,20.240,backend-3,true
0.051,message,201,6.360,backend-2,true
0.039,message,201,18.280,backend-2,true
0.037,message,201,20.130,backend-3,true
0.042,message,201,15.310,backend-3,true
0.041,message,201,16.830,backend-2,true
0.041,message,201,16.990,backend-1,true
0.039,message,201,18.120,backend-2,true
0.028,message,201,30.010,backend-1,true
0.027,message,201,30.190,backend-1,true
0.036,message,201,21.830,backend-2,true
0.039,message,201,18.290,backend-2,true
0.036,message,201,21.930,backend-2,true
0.040,message,201,18.070,backend-2,true
0.054,message,201,4.050,backend-3,true
0.040,message,201,18.170,backend-2,true
0.047,message,201,11.050,backend-1,true
0.053,message,201,4.550,backend-1,true
0.054,message,201,4.170,backend-3,true
0.039,message,201,18.780,backend-2,true
0.042,message,201,15.830,backend-3,true
0.053,message,201,4.790,backend-1,true
0.054,message,201,4.500,backend-3,true
0.053,message,201,4.930,backend-1,true
0.036,message,201,22.350,backend-2,true
0.036,message,201,22.410,backend-2,true
0.042,message,201,15.980,backend-3,true
0.053,message,201,4.980,backend-1,true
0.036,message,201,22.440,backend-2,true
0.036,message,201,22.180,backend-2,true
0.053,message,201,5.100,backend-1,true
0.040,message,201,18.400,backend-3,true
0.040,message,201,19.940,backend-3,true
0.051,message,201,8.420,backend-1,true
0.054,message,201,5.450,backend-3,true
0.050,message,201,9.870,backend-1,true
0.054,message,201,5.270,backend-3,true
0.049,message,201,10.130,backend-1,true
0.051,message,201,8.340,backend-1,true
0.054,message,201,5.450,backend-1,true
0.051,message,201,8.590,backend-3,true
0.040,message,201,19.100,backend-3,true
0.054,message,201,5.300,backend-3,true
0.054,message,201,5.880,backend-1,true
0.054,message,201,5.880,backend-3,true
0.054,message,201,5.630,backend-3,true
0.050,message,201,10.090,backend-1,true
0.054,message,201,5.880,backend-1,true
0.054,message,201,6.070,backend-1,true
0.053,message,201,6.350,backend-1,true
0.054,message,201,5.620,backend-1,true
0.052,message,201,7.560,backend-1,true
0.052,message,201,7.300,backend-1,true
0.054,message,201,5.670,backend-1,true
0.053,message,201,6.440,backend-1,true
0.054,message,201,5.630,backend-3,true
0.054,message,201,5.810,backend-3,true
0.051,message,201,8.400,backend-1,true
0.050,message,201,9.910,backend-1,true
0.054,message,201,6.100,backend-3,true
0.054,message,201,6.150,backend-3,true
0.054,message,201,6.150,backend-3,true
0.049,message,201,10.920,backend-1,true
0.052,message,201,7.660,backend-1,true
0.051,message,201,8.670,backend-1,true
0.053,message,201,6.480,backend-1,true
0.054,message,201,5.920,backend-3,true
0.054,message,201,6.050,backend-1,true
0.054,message,201,5.620,backend-1,true
0.046,message,201,13.360,backend-1,true
0.053,message,201,6.460,backend-1,true
0.040,message,201,19.420,backend-3,true
0.055,feed,200,4.900,backend-2,true
0.053,message,201,6.380,backend-1,true
0.049,message,201,10.800,backend-1,true
0.054,message,201,6.080,backend-1,true
0.049,message,201,10.410,backend-3,true
0.051,message,201,8.820,backend-1,true
0.054,message,201,5.650,backend-3,true
0.047,message,201,12.480,backend-1,true
0.040,message,201,20.080,backend-3,true
0.047,message,201,12.760,backend-1,true
0.051,message,201,8.790,backend-1,true
0.053,message,201,6.540,backend-1,true
0.047,message,201,13.200,backend-1,true
0.043,message,201,17.000,backend-3,true
0.037,message,201,22.810,backend-3,true
0.047,message,201,13.380,backend-1,true
0.054,message,201,6.010,backend-3,true
0.050,message,201,10.290,backend-1,true
0.051,message,201,9.110,backend-3,true
0.052,message,201,7.870,backend-1,true
0.051,message,201,9.020,backend-3,true
0.051,message,201,8.970,backend-1,true
0.054,message,201,6.530,backend-1,true
0.054,message,201,5.800,backend-3,true
0.048,message,201,12.060,backend-1,true
0.053,message,201,6.650,backend-1,true
0.054,message,201,6.560,backend-1,true
0.054,message,201,6.170,backend-3,true
0.049,message,201,11.250,backend-1,true
0.049,message,201,10.710,backend-3,true
0.049,message,201,11.270,backend-1,true
0.057,message,201,4.040,backend-1,true
0.049,message,201,12.490,backend-2,true
0.048,message,201,13.960,backend-2,true
0.055,message,201,6.420,backend-2,true
0.049,message,201,12.500,backend-2,true
0.055,message,201,6.520,backend-2,true
0.050,message,201,11.390,backend-2,true
0.050,message,201,12.100,backend-2,true
0.055,message,201,6.270,backend-2,true
0.049,message,201,12.750,backend-2,true
0.055,message,201,6.280,backend-2,true
0.056,message,201,6.180,backend-2,true
0.053,message,201,8.610,backend-2,true
0.056,message,201,6.020,backend-2,true
0.054,message,201,8.490,backend-2,true
0.050,message,201,12.290,backend-2,true
0.056,message,201,6.520,backend-2,true
0.053,message,201,8.720,backend-2,true
0.050,message,201,12.260,backend-2,true
0.053,message,201,8.880,backend-2,true
0.056,message,201,6.790,backend-2,true
0.054,message,201,8.730,backend-2,true
0.056,message,201,6.550,backend-2,true
0.050,message,201,12.840,backend-2,true
0.056,message,201,6.830,backend-2,true
0.050,message,201,12.750,backend-2,true
0.050,message,201,12.710,backend-2,true
0.054,message,201,8.550,backend-1,true
0.054,message,201,8.890,backend-1,true
0.049,message,201,13.590,backend-2,true
0.054,message,201,8.830,backend-1,true
0.058,message,201,4.810,backend-1,true
0.049,message,201,13.740,backend-2,true
0.054,message,201,8.610,backend-1,true
0.055,message,201,7.720,backend-2,true
0.049,message,201,13.500,backend-3,true
0.054,message,201,8.980,backend-3,true
0.057,message,201,5.430,backend-1,true
0.051,message,201,11.410,backend-1,true
0.048,message,201,14.840,backend-1,true
0.056,message,201,7.120,backend-2,true
0.058,message,201,4.750,backend-1,true
0.058,message,201,4.780,backend-1,true
0.055,feed,200,8.010,backend-2,true
0.050,message,201,13.020,backend-2,true
0.056,message,201,7.420,backend-2,true
0.056,message,201,7.290,backend-1,true
0.062,feed,200,1.190,backend-2,true
0.056,message,201,7.440,backend-2,true
0.053,message,201,9.740,backend-2,true
0.049,message,201,13.780,backend-1,true
0.056,message,201,7.290,backend-2,true
0.055,message,201,8.300,backend-3,true
0.056,message,201,7.220,backend-2,true
0.048,message,201,15.070,backend-1,true
0.056,message,201,7.500,backend-2,true
0.048,message,201,15.310,backend-1,true
0.056,message,201,7.450,backend-2,true
0.054,message,201,8.610,backend-1,true
0.056,message,201,7.600,backend-2,true
0.049,message,201,13.900,backend-1,true
0.055,message,201,7.630,backend-2,true
0.051,message,201,12.260,backend-3,true
0.054,message,201,8.770,backend-3,true
0.055,message,201,8.510,backend-3,true
0.049,message,201,14.060,backend-2,true
0.056,message,201,7.550,backend-2,true
0.051,message,201,12.390,backend-3,true
0.054,message,201,8.760,backend-1,true
0.051,message,201,12.470,backend-2,true
0.055,message,201,8.370,backend-1,true
0.055,message,201,8.430,backend-2,true
0.041,message,201,22.340,backend-3,true
0.049,message,201,14.100,backend-2,true
0.056,message,201,7.650,backend-1,true
0.056,message,201,7.640,backend-2,true
0.056,message,201,7.400,backend-1,true
0.048,message,201,15.730,backend-1,true
0.055,message,201,8.160,backend-2,true
0.055,message,201,8.150,backend-3,true
0.055,message,201,8.500,backend-1,true
0.051,message,201,12.680,backend-1,true
0.049,message,201,14.810,backend-1,true
0.049,message,201,14.270,backend-2,true
0.055,message,201,8.440,backend-1,true
0.055,feed,200,8.330,backend-2,true
0.055,feed,200,8.190,backend-3,true
0.056,message,201,7.540,backend-3,true
0.056,message,201,7.580,backend-1,true
0.046,message,201,17.380,backend-1,true
0.048,message,201,15.650,backend-1,true
0.053,message,201,10.250,backend-2,true
0.055,message,201,8.830,backend-3,true
0.056,message,201,7.930,backend-1,true
0.060,feed,200,3.790,backend-2,true
0.051,message,201,12.110,backend-1,true
0.056,message,201,7.660,backend-3,true
0.049,message,201,14.770,backend-1,true
0.049,message,201,14.480,backend-1,true
0.054,message,201,9.390,backend-3,true
0.060,feed,200,3.770,backend-2,true
0.055,message,201,8.850,backend-3,true
0.049,message,201,14.550,backend-1,true
0.051,message,201,12.430,backend-1,true
0.054,message,201,9.110,backend-3,true
0.055,message,201,9.020,backend-3,true
0.048,message,201,15.810,backend-1,true
0.054,message,201,9.200,backend-3,true
0.049,message,201,14.430,backend-3,true
0.048,message,201,15.680,backend-3,true
0.049,message,201,14.980,backend-1,true
0.054,message,201,9.250,backend-3,true
0.055,message,201,9.120,backend-3,true
0.058,message,201,6.090,backend-1,true
0.055,message,201,9.190,backend-3,true
0.056,message,201,7.850,backend-3,true
0.058,message,201,6.160,backend-1,true
0.054,message,201,9.590,backend-3,true
0.055,message,201,9.190,backend-1,true
0.060,feed,200,4.110,backend-2,true
0.056,message,201,8.080,backend-2,true
0.060,feed,200,3.630,backend-2,true
0.057,message,201,6.530,backend-2,true
0.056,message,201,7.950,backend-1,true
0.054,message,201,9.690,backend-3,true
0.060,message,201,3.970,backend-2,true
0.060,message,201,3.870,backend-2,true
0.049,message,201,15.280,backend-1,true
0.058,message,201,6.320,backend-1,true
0.060,feed,200,4.030,backend-2,true
0.055,message,201,8.980,backend-1,true
0.058,message,201,6.370,backend-1,true
0.058,message,201,6.300,backend-1,true
0.060,message,201,4.280,backend-2,true
0.055,message,201,8.640,backend-2,true
0.049,message,201,14.700,backend-3,true
0.055,message,201,8.900,backend-1,true
0.060,message,201,3.740,backend-2,true
0.049,message,201,15.370,backend-1,true
0.056,message,201,8.200,backend-2,true
0.056,message,201,8.230,backend-1,true
0.055,message,201,8.500,backend-1,true
0.055,message,201,8.520,backend-2,true
0.062,message,201,2.240,backend-2,true
0.060,message,201,4.280,backend-2,true
0.060,message,201,3.940,backend-2,true
0.060,message,201,4.950,backend-2,true
0.060,message,201,5.430,backend-2,true
0.057,message,201,7.810,backend-2,true
0.060,message,201,5.300,backend-2,true
0.060,message,201,5.510,backend-2,true
0.049,message,201,16.330,backend-2,true
0.055,message,201,9.620,backend-2,true
0.055,message,201,9.990,backend-2,true
0.061,message,201,3.610,backend-2,true
0.064,feed,200,1.010,backend-2,true
0.060,message,201,5.560,backend-2,true
0.060,message,201,5.080,backend-2,true
0.060,message,201,5.080,backend-2,true
0.064,feed,200,1.100,backend-2,true
0.060,message,201,5.210,backend-2,true
0.063,feed,200,1.690,backend-2,true
0.063,feed,200,2.280,backend-2,true
0.063,feed,200,2.090,backend-2,true
0.056,message,201,9.490,backend-2,true
0.060,message,201,5.250,backend-2,true
0.063,feed,200,1.890,backend-2,true
0.060,message,201,5.540,backend-2,true
0.060,message,201,5.490,backend-2,true
0.058,feed,200,7.300,backend-3,true
0.060,message,201,5.300,backend-2,true
0.059,message,201,5.750,backend-2,true
0.062,feed,200,3.720,backend-1,true
0.062,feed,200,2.910,backend-1,true
0.055,message,201,9.970,backend-2,true
0.063,message,201,2.660,backend-2,true
0.062,message,201,3.790,backend-2,true
0.055,message,201,10.120,backend-2,true
0.055,message,201,10.290,backend-2,true
0.060,message,201,5.390,backend-2,true
0.062,feed,200,3.630,backend-1,true
0.051,message,201,14.080,backend-2,true
0.062,feed,200,2.900,backend-2,true
0.060,message,201,5.490,backend-2,true
0.063,feed,200,2.810,backend-1,true
0.063,message,201,2.670,backend-2,true
0.055,message,201,10.010,backend-2,true
0.060,message,201,5.520,backend-2,true
0.060,message,201,5.920,backend-2,true
0.062,message,201,3.500,backend-2,true
0.060,message,201,5.760,backend-2,true
0.063,message,201,2.710,backend-2,true
0.060,message,201,5.940,backend-2,true
0.060,message,201,5.690,backend-2,true
0.056,message,201,9.650,backend-2,true
0.059,message,201,6.040,backend-2,true
0.060,message,201,5.810,backend-2,true
0.063,feed,200,2.760,backend-2,true
0.064,feed,200,1.980,backend-2,true
0.063,feed,200,2.630,backend-2,true
0.064,feed,200,2.370,backend-2,true
0.063,feed,200,3.010,backend-2,true
0.064,feed,200,2.220,backend-2,true
0.060,feed,200,6.610,backend-1,true
0.065,feed,200,1.090,backend-2,true
0.058,feed,200,8.150,backend-3,true
0.064,feed,200,2.390,backend-2,true
0.065,feed,200,1.190,backend-2,true
0.063,feed,200,3.410,backend-2,true
0.065,feed,200,0.990,backend-2,true
0.065,feed,200,1.360,backend-2,true
0.064,feed,200,2.510,backend-2,true
0.064,feed,200,2.850,backend-2,true
0.062,message,201,4.430,backend-2,true
0.056,message,201,10.110,backend-3,true
0.062,message,201,4.110,backend-2,true
0.056,message,201,10.750,backend-3,true
0.062,message,201,4.250,backend-2,true
0.062,message,201,4.320,backend-2,true
0.058,feed,200,8.710,backend-3,true
0.055,message,201,11.830,backend-3,true
0.064,feed,200,2.810,backend-2,true
0.062,message,201,4.780,backend-2,true
0.056,message,201,10.250,backend-3,true
0.063,feed,200,3.220,backend-2,true
0.055,message,201,11.240,backend-2,true
0.051,message,201,15.400,backend-3,true
0.056,message,201,10.980,backend-3,true
0.063,message,201,3.810,backend-2,true
0.056,message,201,11.020,backend-3,true
0.063,message,201,3.960,backend-2,true
0.057,message,201,9.770,backend-3,true
0.063,message,201,3.800,backend-2,true
0.063,message,201,4.330,backend-2,true
0.063,message,201,4.450,backend-2,true
0.063,message,201,4.390,backend-2,true
0.057,message,201,9.930,backend-3,true
0.063,message,201,4.740,backend-2,true
0.055,message,201,11.980,backend-3,true
0.051,message,201,16.120,backend-3,true
0.048,message,201,19.450,backend-3,true
0.063,message,201,4.500,backend-2,true
0.048,message,201,19.650,backend-3,true
0.064,message,201,3.630,backend-2,true
0.058,message,201,9.880,backend-3,true
0.055,message,201,12.300,backend-2,true
0.058,message,201,10.020,backend-3,true
0.049,message,201,18.890,backend-3,true
0.058,message,201,10.020,backend-3,true
0.060,feed,200,8.070,backend-1,true
0.063,message,201,4.440,backend-2,true
0.063,message,201,4.280,backend-2,true
0.058,message,201,10.170,backend-3,true
0.049,message,201,19.590,backend-3,true
0.058,message,201,10.690,backend-3,true
0.058,message,201,10.750,backend-3,true
0.049,message,201,19.780,backend-3,true
0.049,message,201,19.960,backend-3,true
0.063,message,201,5.340,backend-2,true
0.049,message,201,20.210,backend-3,true
0.063,message,201,5.760,backend-2,true
0.064,message,201,5.300,backend-2,true
0.049,message,201,20.460,backend-3,true
0.067,feed,200,2.100,backend-3,true
0.056,message,201,13.490,backend-2,true
0.049,message,201,20.760,backend-3,true
0.067,feed,200,2.300,backend-3,true
0.058,message,201,11.350,backend-3,true
0.057,message,201,12.100,backend-3,true
0.058,message,201,11.230,backend-3,true
0.058,message,201,11.370,backend-3,true
0.065,message,201,4.460,backend-2,true
0.060,message,201,9.820,backend-3,true
0.064,message,201,5.730,backend-2,true
0.064,message,201,5.850,backend-2,true
0.058,message,201,11.490,backend-3,true
0.065,message,201,4.640,backend-2,true
0.065,message,201,4.860,backend-2,true
0.060,message,201,10.350,backend-1,true
0.060,message,201,9.880,backend-1,true
0.063,message,201,7.080,backend-2,true
0.060,message,201,9.910,backend-1,true
0.060,message,201,10.490,backend-1,true
0.060,message,201,10.310,backend-1,true
0.065,message,201,4.860,backend-2,true
0.063,message,201,8.270,backend-1,true
0.060,message,201,11.300,backend-1,true
0.058,message,201,12.980,backend-3,true
0.060,message,201,11.090,backend-1,true
0.070,feed,200,1.570,backend-3,true
0.069,feed,200,2.410,backend-3,true
0.063,message,201,8.490,backend-1,true
0.058,message,201,13.120,backend-3,true
0.060,message,201,11.630,backend-3,true
0.064,feed,200,7.760,backend-1,true
0.060,message,201,11.910,backend-1,true
0.051,message,201,20.080,backend-3,true
0.065,feed,200,6.010,backend-1,true
0.058,message,201,13.770,backend-3,true
0.060,feed,200,11.830,backend-1,true
0.058,message,201,13.660,backend-3,true
0.060,message,201,11.760,backend-1,true
0.063,message,201,8.930,backend-1,true
0.063,message,201,8.510,backend-2,true
0.058,message,201,13.720,backend-3,true
0.065,feed,200,6.170,backend-2,true
0.060,message,201,11.810,backend-1,true
0.063,message,201,8.580,backend-2,true
0.060,message,201,11.520,backend-1,true
0.060,message,201,11.500,backend-1,true
0.064,message,201,7.900,backend-2,true
0.063,message,201,8.760,backend-1,true
0.058,message,201,13.780,backend-3,true
0.057,message,201,14.320,backend-3,true
0.058,message,201,14.180,backend-3,true
0.049,message,201,23.110,backend-3,true
0.063,message,201,8.770,backend-2,true
0.064,message,201,8.020,backend-2,true
0.057,message,201,14.340,backend-1,true
0.063,message,201,8.470,backend-2,true
0.051,message,201,20.420,backend-1,true
0.063,message,201,8.590,backend-2,true
0.057,message,201,14.430,backend-1,true
0.063,message,201,8.970,backend-2,true
0.051,message,201,20.580,backend-1,true
0.063,message,201,8.640,backend-2,true
0.049,message,201,23.550,backend-3,true
0.060,message,201,12.190,backend-3,true
0.063,message,201,8.630,backend-2,true
0.063,message,201,9.030,backend-2,true
0.063,message,201,8.970,backend-2,true
0.060,message,201,12.370,backend-1,true
0.063,message,201,9.560,backend-1,true
0.063,message,201,9.530,backend-1,true
0.063,message,201,9.500,backend-1,true
0.060,message,201,12.540,backend-1,true
0.060,message,201,12.570,backend-1,true
0.064,message,201,8.670,backend-2,true
0.064,message,201,8.620,backend-2,true
0.064,message,201,8.760,backend-2,true
0.058,message,201,14.280,backend-3,true
0.058,message,201,14.720,backend-3,true
0.064,message,201,9.020,backend-2,true
0.058,message,201,14.320,backend-3,true
0.058,message,201,14.400,backend-3,true
0.060,message,201,12.840,backend-1,true
0.060,message,201,12.810,backend-1,true
0.060,message,201,12.770,backend-1,true
0.058,message,201,14.880,backend-3,true
0.063,message,201,9.470,backend-2,true
0.063,message,201,9.510,backend-2,true
0.057,message,201,15.240,backend-1,true
0.057,message,201,15.260,backend-1,true
0.057,message,201,15.300,backend-1,true
0.064,message,201,9.080,backend-2,true
0.063,message,201,9.780,backend-2,true
0.063,message,201,9.490,backend-2,true
0.051,message,201,21.330,backend-1,true
0.057,message,201,15.340,backend-1,true
0.060,message,201,13.040,backend-1,true
0.060,message,201,13.200,backend-1,true
0.060,message,201,13.270,backend-1,true
0.066,feed,200,7.390,backend-2,true
0.063,feed,200,9.690,backend-1,true
0.062,message,201,11.300,backend-1,true
0.065,feed,200,7.910,backend-2,true
0.062,message,201,10.950,backend-1,true
0.065,feed,200,7.550,backend-2,true
0.063,message,201,10.160,backend-1,true
0.065,feed,200,7.940,backend-2,true
0.065,feed,200,7.900,backend-2,true
0.064,feed,200,9.130,backend-1,true
0.062,message,201,10.880,backend-1,true
0.064,feed,200,9.170,backend-1,true
0.062,message,201,11.360,backend-1,true
0.060,message,201,13.030,backend-1,true
0.059,message,201,13.640,backend-1,true
0.060,message,201,13.080,backend-1,true
0.060,feed,200,13.100,backend-1,true
0.063,feed,200,10.190,backend-3,true
0.062,message,201,11.550,backend-1,true
0.058,message,201,14.940,backend-1,true
0.064,feed,200,9.470,backend-1,true
0.063,feed,200,10.080,backend-3,true
0.062,message,201,11.600,backend-1,true
0.064,feed,200,9.380,backend-1,true
0.062,message,201,11.810,backend-1,true
0.063,feed,200,10.070,backend-1,true
0.064,feed,200,9.400,backend-1,true
0.068,feed,200,5.670,backend-3,true
0.064,feed,200,9.650,backend-1,true
0.065,feed,200,8.170,backend-1,true
0.067,feed,200,5.950,backend-2,true
0.065,feed,200,8.430,backend-2,true
0.067,feed,200,6.320,backend-2,true
0.065,feed,200,8.210,backend-1,true
0.067,feed,200,6.900,backend-2,true
0.067,feed,200,6.980,backend-2,true
0.065,feed,200,8.460,backend-1,true
0.063,message,201,10.090,backend-1,true
0.067,feed,200,7.050,backend-2,true
0.067,feed,200,7.090,backend-2,true
0.067,feed,200,6.930,backend-2,true
0.067,feed,200,7.000,backend-2,true
0.067,feed,200,7.160,backend-2,true
0.065,feed,200,9.120,backend-1,true
0.070,feed,200,4.820,backend-3,true
0.060,message,201,14.920,backend-3,true
0.064,message,201,10.830,backend-3,true
0.065,message,201,9.380,backend-2,true
0.069,feed,200,5.700,backend-2,true
0.064,message,201,10.760,backend-3,true
0.070,feed,200,5.090,backend-3,true
0.062,message,201,12.560,backend-3,true
0.062,message,201,13.120,backend-3,true
0.067,message,201,8.030,backend-3,true
0.067,message,201,7.610,backend-3,true
0.069,feed,200,6.130,backend-2,true
0.070,feed,200,4.760,backend-3,true
0.065,feed,200,9.350,backend-1,true
0.070,feed,200,4.740,backend-3,true
0.070,feed,200,4.720,backend-3,true
0.067,message,201,7.470,backend-3,true
0.065,message,201,9.610,backend-2,true
0.068,message,201,7.310,backend-2,true
0.065,message,201,9.580,backend-2,true
0.067,message,201,7.600,backend-3,true
0.068,message,201,7.320,backend-2,true
0.068,message,201,6.650,backend-2,true
0.070,message,201,5.050,backend-3,true
0.072,feed,200,3.180,backend-3,true
0.063,message,201,11.840,backend-2,true
0.069,message,201,5.780,backend-3,true
0.072,feed,200,3.350,backend-3,true
0.072,feed,200,3.360,backend-2,true
0.068,message,201,7.500,backend-2,true
0.066,message,201,8.820,backend-2,true
0.067,message,201,7.630,backend-3,true
0.067,message,201,7.880,backend-3,true
0.068,message,201,6.760,backend-2,true
0.066,message,201,9.590,backend-2,true
0.069,message,201,6.550,backend-3,true
0.067,message,201,7.880,backend-3,true
0.057,message,201,18.500,backend-2,true
0.064,message,201,11.600,backend-2,true
0.070,message,201,5.510,backend-2,true
0.063,message,201,12.070,backend-1,true
0.070,message,201,5.180,backend-3,true
0.064,message,201,11.510,backend-3,true
0.069,message,201,5.940,backend-3,true
0.064,message,201,11.550,backend-1,true
0.066,message,201,9.060,backend-3,true
0.065,message,201,10.150,backend-1,true
0.065,message,201,9.790,backend-2,true
0.065,message,201,10.210,backend-1,true
0.065,message,201,10.090,backend-1,true
0.065,message,201,10.110,backend-2,true
0.072,feed,200,2.900,backend-3,true
0.072,feed,200,3.680,backend-3,true
0.072,feed,200,3.090,backend-3,true
0.064,message,201,11.460,backend-3,true
0.072,feed,200,3.050,backend-2,true
0.063,message,201,11.920,backend-1,true
0.066,message,201,9.810,backend-1,true
0.072,feed,200,3.410,backend-3,true
0.073,feed,200,2.430,backend-2,true
0.063,message,201,11.910,backend-1,true
0.064,message,201,11.860,backend-1,true
0.065,message,201,9.930,backend-2,true
0.073,feed,200,2.610,backend-3,true
0.067,message,201,8.790,backend-3,true
0.064,message,201,11.530,backend-3,true
0.060,message,201,15.460,backend-1,true
0.064,message,201,11.480,backend-1,true
0.055,message,201,20.180,backend-2,true
0.063,message,201,12.040,backend-1,true
0.063,message,201,11.980,backend-1,true
0.060,message,201,15.410,backend-1,true
0.063,message,201,12.250,backend-1,true
0.064,message,201,11.730,backend-1,true
0.063,message,201,12.060,backend-1,true
0.065,message,201,10.240,backend-2,true
0.068,message,201,7.340,backend-2,true
0.073,feed,200,2.700,backend-3,true
0.064,message,201,11.540,backend-1,true
0.067,message,201,8.280,backend-3,true
0.064,message,201,11.960,backend-1,true
0.065,message,201,10.220,backend-2,true
0.073,feed,200,2.870,backend-2,true
0.073,feed,200,2.550,backend-3,true
0.059,message,201,16.080,backend-1,true
0.070,message,201,5.500,backend-3,true
0.065,message,201,10.410,backend-1,true
0.068,message,201,7.340,backend-3,true
0.063,message,201,12.480,backend-1,true
0.064,message,201,12.040,backend-1,true
0.072,feed,200,3.890,backend-2,true
0.072,feed,200,3.660,backend-3,true
0.064,message,201,11.740,backend-3,true
0.064,message,201,11.960,backend-1,true
0.064,message,201,11.980,backend-1,true
0.072,feed,200,3.830,backend-2,true
0.065,message,201,10.510,backend-2,true
0.060,message,201,15.950,backend-1,true
0.066,message,201,10.110,backend-2,true
0.069,message,201,6.190,backend-3,true
0.060,message,201,15.660,backend-1,true
0.064,message,201,12.010,backend-1,true
0.066,message,201,9.200,backend-2,true
0.063,message,201,12.180,backend-1,true
0.072,feed,200,3.680,backend-2,true
0.066,message,201,9.410,backend-2,true
0.064,message,201,12.050,backend-1,true
0.073,feed,200,2.870,backend-2,true
0.065,message,201,10.400,backend-1,true
0.070,message,201,6.060,backend-3,true
0.063,message,201,12.320,backend-1,true
0.067,message,201,9.140,backend-2,true
0.072,feed,200,4.090,backend-2,true
0.066,message,201,9.350,backend-2,true
0.063,message,201,12.610,backend-3,true
0.073,feed,200,2.900,backend-3,true
0.072,feed,200,3.320,backend-3,true
0.065,message,201,10.430,backend-2,true
0.067,message,201,8.700,backend-2,true
0.073,feed,200,2.930,backend-3,true
0.070,message,201,6.200,backend-3,true
0.067,message,201,9.230,backend-2,true
0.072,feed,200,4.070,backend-3,true
0.063,message,201,12.710,backend-1,true
0.065,feed,200,10.510,backend-2,true
0.060,message,201,15.860,backend-1,true
0.067,message,201,8.570,backend-2,true
0.071,feed,200,4.420,backend-3,true
0.064,message,201,12.150,backend-1,true
0.063,message,201,12.630,backend-1,true
0.065,message,201,10.520,backend-2,true
0.067,message,201,8.610,backend-2,true
0.067,message,201,8.520,backend-3,true
0.063,message,201,12.870,backend-1,true
0.068,message,201,8.200,backend-3,true
0.063,message,201,12.900,backend-1,true
0.069,message,201,7.160,backend-3,true
0.063,message,201,12.930,backend-1,true
0.063,message,201,12.580,backend-1,true
0.072,feed,200,4.060,backend-3,true
0.068,message,201,8.440,backend-3,true
0.063,message,201,12.750,backend-1,true
0.073,feed,200,3.400,backend-3,true
0.069,message,201,6.870,backend-2,true
0.064,message,201,12.420,backend-2,true
0.070,feed,200,6.170,backend-3,true
0.068,message,201,7.540,backend-3,true
0.064,message,201,12.460,backend-2,true
0.070,message,201,6.220,backend-3,true
0.072,feed,200,4.360,backend-3,true
0.066,message,201,9.660,backend-2,true
0.065,feed,200,10.640,backend-1,true
0.064,message,201,12.470,backend-2,true
0.067,message,201,8.620,backend-3,true
0.064,message,201,12.520,backend-2,true
0.070,message,201,6.400,backend-3,true
0.070,message,201,6.580,backend-3,true
0.070,message,201,6.150,backend-3,true
0.055,message,201,21.140,backend-2,true
0.066,message,201,9.890,backend-2,true
0.063,message,201,13.130,backend-1,true
0.066,message,201,9.690,backend-2,true
0.076,feed,200,1.830,backend-1,true
0.075,feed,200,2.210,backend-1,true
0.073,feed,200,4.650,backend-3,true
0.072,message,201,5.600,backend-2,true
0.056,message,201,21.190,backend-2,true
0.073,feed,200,5.060,backend-3,true
0.073,feed,200,5.180,backend-1,true
0.073,message,201,4.680,backend-2,true
0.065,message,201,12.360,backend-1,true
0.073,feed,200,4.980,backend-3,true
0.065,message,201,12.350,backend-1,true
0.073,feed,200,5.060,backend-3,true
0.065,message,201,12.460,backend-1,true
0.075,feed,200,3.120,backend-2,true
0.073,feed,200,5.040,backend-3,true
0.075,feed,200,3.040,backend-2,true
0.065,message,201,12.500,backend-1,true
0.072,feed,200,5.320,backend-1,true
0.051,message,201,26.530,backend-2,true
0.073,message,201,4.810,backend-2,true
0.072,message,201,5.590,backend-2,true
0.073,feed,200,5.290,backend-3,true
0.073,message,201,4.760,backend-2,true
0.074,message,201,4.460,backend-2,true
0.051,message,201,26.900,backend-2,true
0.072,message,201,6.010,backend-2,true
0.075,feed,200,3.660,backend-3,true
0.071,message,201,7.450,backend-3,true
0.073,message,201,5.560,backend-3,true
0.072,message,201,7.480,backend-2,true
0.073,message,201,5.910,backend-3,true
0.074,message,201,5.590,backend-3,true
0.074,message,201,5.660,backend-3,true
0.074,message,201,5.740,backend-3,true
0.073,message,201,6.560,backend-3,true
0.073,message,201,6.630,backend-3,true
0.073,message,201,6.640,backend-3,true
0.075,message,201,4.990,backend-3,true
0.067,feed,200,13.070,backend-1,true
0.073,message,201,7.000,backend-3,true
0.075,message,201,4.780,backend-3,true
0.065,message,201,14.590,backend-1,true
0.074,message,201,5.990,backend-3,true
0.074,message,201,5.980,backend-3,true
0.073,message,201,6.770,backend-3,true
0.072,message,201,8.040,backend-2,true
0.074,feed,200,6.210,backend-3,true
0.073,feed,200,6.790,backend-3,true
0.073,message,201,6.560,backend-3,true
0.056,message,201,24.140,backend-2,true
0.055,message,201,24.950,backend-2,true
0.073,feed,200,6.830,backend-3,true
0.073,feed,200,7.290,backend-3,true
0.073,message,201,6.670,backend-2,true
0.057,message,201,23.460,backend-2,true
0.072,message,201,7.670,backend-3,true
0.072,message,201,8.530,backend-3,true
0.075,message,201,5.430,backend-3,true
0.055,message,201,24.810,backend-2,true
0.051,message,201,28.940,backend-2,true
0.070,feed,200,10.560,backend-3,true
0.072,message,201,8.470,backend-2,true
0.073,feed,200,6.850,backend-3,true
0.071,message,201,8.730,backend-2,true
0.073,feed,200,7.040,backend-3,true
0.072,feed,200,8.070,backend-3,true
0.071,message,201,9.160,backend-2,true
0.072,message,201,8.680,backend-3,true
0.073,message,201,6.810,backend-3,true
0.078,feed,200,2.450,backend-1,true
0.073,message,201,7.580,backend-2,true
0.075,feed,200,5.370,backend-3,true
0.075,message,201,5.710,backend-3,true
0.072,feed,200,7.840,backend-1,true
0.073,message,201,7.090,backend-3,true
0.073,message,201,6.880,backend-3,true
0.073,message,201,7.240,backend-3,true
0.072,message,201,8.630,backend-2,true
0.073,message,201,6.880,backend-3,true
0.073,message,201,7.000,backend-3,true
0.074,message,201,6.830,backend-3,true
0.075,message,201,5.620,backend-2,true
0.072,message,201,8.760,backend-3,true
0.075,feed,200,5.320,backend-1,true
0.073,message,201,7.080,backend-3,true
0.073,message,201,7.910,backend-3,true
0.073,message,201,7.290,backend-3,true
0.075,feed,200,5.220,backend-3,true
0.073,message,201,7.000,backend-3,true
0.076,feed,200,4.810,backend-1,true
0.075,feed,200,5.000,backend-1,true
0.072,message,201,8.370,backend-2,true
0.075,message,201,5.700,backend-2,true
0.049,message,201,31.800,backend-2,true
0.055,message,201,25.620,backend-2,true
0.073,message,201,7.150,backend-2,true
0.076,feed,200,4.460,backend-1,true
0.073,message,201,7.370,backend-3,true
0.072,message,201,8.560,backend-1,true
0.076,feed,200,4.470,backend-2,true
0.075,feed,200,5.450,backend-1,true
0.057,message,201,23.990,backend-2,true
0.075,feed,200,5.870,backend-1,true
0.073,message,201,7.550,backend-3,true
0.075,feed,200,5.890,backend-3,true
0.055,message,201,25.240,backend-2,true
0.076,feed,200,5.000,backend-1,true
0.076,feed,200,4.800,backend-1,true
0.078,feed,200,3.000,backend-1,true
0.075,message,201,6.030,backend-2,true
0.065,message,201,15.680,backend-2,true
0.076,feed,200,5.080,backend-3,true
0.074,message,201,7.100,backend-2,true
0.075,message,201,5.710,backend-2,true
0.065,message,201,15.360,backend-2,true
0.073,message,201,7.490,backend-2,true
0.078,feed,200,3.100,backend-1,true
0.055,message,201,25.890,backend-2,true
0.066,message,201,15.040,backend-2,true
0.075,feed,200,6.400,backend-2,true
0.051,message,201,30.060,backend-2,true
0.075,message,201,6.530,backend-1,true
0.065,message,201,15.930,backend-2,true
0.079,feed,200,1.880,backend-1,true
0.067,message,201,14.780,backend-1,true
0.076,feed,200,5.340,backend-3,true
0.065,message,201,16.320,backend-1,true
0.072,message,201,8.870,backend-3,true
0.075,message,201,6.060,backend-2,true
0.067,message,201,14.670,backend-1,true
0.075,message,201,6.360,backend-2,true
0.075,message,201,6.050,backend-2,true
0.073,message,201,8.720,backend-2,true
0.075,feed,200,6.180,backend-3,true
0.079,message,201,2.580,backend-2,true
0.076,feed,200,5.680,backend-3,true
0.076,message,201,5.580,backend-2,true
0.066,message,201,15.110,backend-1,true
0.076,message,201,5.510,backend-2,true
0.067,message,201,14.900,backend-1,true
0.066,message,201,15.150,backend-1,true
0.075,message,201,6.800,backend-2,true
0.066,message,201,15.300,backend-1,true
0.075,feed,200,6.390,backend-2,true
0.065,message,201,16.250,backend-2,true
0.071,message,201,10.450,backend-2,true
0.075,message,201,6.620,backend-2,true
0.075,feed,200,6.800,backend-2,true
0.076,message,201,5.840,backend-2,true
0.071,message,201,10.260,backend-1,true
0.071,feed,200,10.710,backend-3,true
0.075,feed,200,6.300,backend-1,true
0.075,feed,200,6.530,backend-1,true
0.076,message,201,6.250,backend-1,true
0.075,message,201,6.460,backend-1,true
0.075,message,201,6.560,backend-1,true
0.076,message,201,6.130,backend-1,true
0.078,message,201,4.350,backend-1,true
0.076,message,201,6.130,backend-1,true
0.048,message,201,34.020,backend-2,true
0.075,message,201,6.500,backend-1,true
0.076,message,201,6.200,backend-1,true
0.079,message,201,2.770,backend-1,true
0.076,message,201,6.510,backend-1,true
0.065,message,201,16.730,backend-1,true
0.076,message,201,6.440,backend-1,true
0.075,message,201,7.430,backend-2,true
0.055,message,201,26.780,backend-2,true
0.075,message,201,7.040,backend-1,true
0.078,message,201,4.590,backend-1,true
0.075,feed,200,6.910,backend-1,true
0.079,message,201,2.980,backend-1,true
0.075,message,201,7.030,backend-1,true
0.075,feed,200,7.310,backend-3,true
0.072,message,201,10.750,backend-3,true
0.078,message,201,4.880,backend-1,true
0.075,message,201,7.300,backend-1,true
0.075,feed,200,7.590,backend-3,true
0.076,message,201,6.650,backend-1,true
0.075,feed,200,7.620,backend-3,true
0.076,message,201,6.880,backend-1,true
0.080,feed,200,2.870,backend-1,true
0.079,feed,200,3.160,backend-1,true
0.065,feed,200,17.630,backend-2,true
0.076,feed,200,7.050,backend-3,true
0.072,message,201,11.140,backend-3,true
0.080,feed,200,3.080,backend-1,true
0.072,message,201,11.040,backend-3,true
0.080,feed,200,2.290,backend-2,true
0.075,message,201,7.310,backend-1,true
0.070,message,201,12.610,backend-2,true
0.072,message,201,11.260,backend-1,true
0.075,feed,200,7.410,backend-1,true
0.076,message,201,7.060,backend-1,true
0.075,feed,200,7.860,backend-3,true
0.080,feed,200,2.480,backend-2,true
0.072,message,201,11.230,backend-3,true
0.076,feed,200,7.310,backend-1,true
0.080,feed,200,2.670,backend-1,true
0.075,feed,200,7.660,backend-3,true
0.079,message,201,3.580,backend-1,true
0.075,feed,200,7.700,backend-3,true
0.076,feed,200,7.070,backend-1,true
0.075,feed,200,7.570,backend-3,true
0.079,feed,200,3.920,backend-3,true
0.072,message,201,11.440,backend-3,true
0.066,message,201,16.590,backend-1,true
0.073,message,201,9.810,backend-2,true
0.080,feed,200,3.150,backend-1,true
0.076,feed,200,7.040,backend-3,true
0.072,message,201,11.410,backend-3,true
0.076,feed,200,7.600,backend-1,true
0.071,message,201,11.690,backend-2,true
0.076,feed,200,7.580,backend-1,true
0.075,message,201,8.640,backend-2,true
0.075,feed,200,7.820,backend-2,true
0.076,feed,200,7.130,backend-3,true
0.080,feed,200,3.050,backend-1,true
0.080,feed,200,2.810,backend-2,true
0.080,feed,200,2.960,backend-2,true
0.080,feed,200,2.880,backend-2,true
0.071,message,201,11.820,backend-2,true
0.067,message,201,16.660,backend-1,true
0.076,feed,200,7.360,backend-1,true
0.076,message,201,7.600,backend-1,true
0.073,message,201,10.790,backend-3,true
0.080,feed,200,3.370,backend-1,true
0.067,message,201,16.740,backend-1,true
0.072,message,201,11.830,backend-3,true
0.073,message,201,10.470,backend-3,true
0.073,message,201,11.010,backend-3,true
0.073,message,201,10.600,backend-3,true
0.071,message,201,12.510,backend-3,true
0.075,message,201,9.030,backend-2,true
0.081,feed,200,2.290,backend-2,true
0.076,feed,200,7.590,backend-1,true
0.081,feed,200,2.510,backend-2,true
0.082,feed,200,2.270,backend-2,true
0.073,message,201,10.790,backend-2,true
0.055,message,201,28.870,backend-2,true
0.071,message,201,12.750,backend-2,true
0.081,feed,200,2.550,backend-1,true
0.081,feed,200,2.720,backend-2,true
0.056,message,201,28.390,backend-2,true
0.082,feed,200,2.230,backend-2,true
0.083,feed,200,1.580,backend-2,true
0.051,message,201,32.920,backend-2,true
0.072,message,201,12.300,backend-3,true
0.073,message,201,10.920,backend-2,true
0.082,feed,200,1.790,backend-2,true
0.073,message,201,11.270,backend-3,true
0.078,feed,200,6.370,backend-1,true
0.075,feed,200,8.720,backend-1,true
0.082,feed,200,2.150,backend-2,true
0.081,feed,200,2.920,backend-2,true
0.082,feed,200,2.220,backend-1,true
0.083,feed,200,1.750,backend-2,true
0.083,feed,200,1.850,backend-2,true
0.076,message,201,9.060,backend-1,true
0.075,message,201,9.230,backend-1,true
0.076,message,201,8.820,backend-1,true
0.075,message,201,9.470,backend-1,true
0.080,message,201,5.160,backend-1,true
0.075,message,201,9.620,backend-1,true
0.080,message,201,5.300,backend-1,true
0.080,message,201,4.730,backend-1,true
0.080,message,201,5.240,backend-1,true
0.080,message,201,4.970,backend-1,true
0.076,message,201,8.850,backend-1,true
0.080,message,201,4.890,backend-1,true
0.080,message,201,4.750,backend-1,true
0.080,message,201,4.890,backend-1,true
0.080,message,201,5.040,backend-1,true
0.081,message,201,4.460,backend-1,true
0.080,message,201,5.060,backend-1,true
0.081,message,201,4.470,backend-1,true
0.083,feed,200,2.170,backend-2,true
0.081,message,201,4.630,backend-1,true
0.078,message,201,7.370,backend-1,true
0.080,message,201,5.210,backend-1,true
0.081,message,201,4.550,backend-1,true
0.081,message,201,4.610,backend-1,true
0.081,message,201,4.630,backend-1,true
0.075,feed,200,9.950,backend-2,true
0.075,message,201,10.160,backend-3,true
0.081,message,201,4.000,backend-1,true
0.075,message,201,10.680,backend-3,true
0.081,message,201,4.720,backend-1,true
0.079,message,201,6.190,backend-3,true
0.076,message,201,9.790,backend-1,true
0.081,message,201,4.070,backend-1,true
0.081,message,201,3.950,backend-1,true
0.075,message,201,10.380,backend-3,true
0.076,message,201,9.770,backend-1,true
0.082,message,201,3.940,backend-1,true
0.076,message,201,9.430,backend-3,true
0.082,message,201,3.500,backend-1,true
0.082,message,201,3.910,backend-1,true
0.082,message,201,3.930,backend-1,true
0.082,message,201,4.060,backend-1,true
0.081,message,201,4.230,backend-1,true
0.076,message,201,9.840,backend-3,true
0.079,message,201,6.580,backend-3,true
0.082,message,201,3.550,backend-1,true
0.075,message,201,10.540,backend-3,true
0.081,message,201,4.400,backend-1,true
0.081,message,201,5.120,backend-1,true
0.081,message,201,4.390,backend-1,true
0.082,message,201,4.150,backend-1,true
0.078,message,201,7.940,backend-3,true
0.081,feed,200,5.220,backend-2,true
0.081,message,201,4.540,backend-1,true
0.082,message,201,3.860,backend-1,true
0.075,message,201,10.570,backend-3,true
0.081,message,201,5.230,backend-1,true
0.082,message,201,3.600,backend-1,true
0.082,message,201,3.550,backend-1,true
0.078,message,201,7.370,backend-3,true
0.081,message,201,4.430,backend-1,true
0.082,message,201,3.470,backend-1,true
0.076,message,201,10.170,backend-3,true
0.076,message,201,9.770,backend-1,true
0.076,message,201,9.960,backend-1,true
0.075,message,201,10.850,backend-3,true
0.080,message,201,6.120,backend-2,true
0.080,message,201,5.800,backend-2,true
0.080,message,201,6.180,backend-2,true
0.080,message,201,5.960,backend-2,true
0.080,message,201,6.210,backend-2,true
0.076,message,201,10.400,backend-2,true
0.080,message,201,5.870,backend-2,true
0.076,message,201,10.840,backend-2,true
0.080,message,201,6.080,backend-2,true
0.080,message,201,6.000,backend-2,true
0.080,message,201,5.960,backend-2,true
0.075,message,201,11.440,backend-2,true
0.081,message,201,5.710,backend-2,true
0.076,message,201,10.370,backend-2,true
0.080,message,201,6.110,backend-2,true
0.082,message,201,4.520,backend-2,true
0.082,message,201,4.490,backend-2,true
0.076,message,201,10.810,backend-2,true
0.076,message,201,10.460,backend-2,true
0.081,message,201,5.800,backend-2,true
0.082,message,201,5.060,backend-2,true
0.083,message,201,4.210,backend-2,true
0.083,message,201,4.290,backend-2,true
0.083,message,201,4.340,backend-2,true
0.080,message,201,6.460,backend-2,true
0.083,message,201,4.290,backend-2,true
0.081,message,201,6.430,backend-2,true
0.083,message,201,4.280,backend-2,true
0.082,message,201,5.400,backend-2,true
0.081,message,201,6.550,backend-2,true
0.075,message,201,12.170,backend-3,true
0.083,message,201,4.410,backend-2,true
0.083,message,201,4.530,backend-2,true
0.083,message,201,4.400,backend-2,true
0.083,message,201,4.310,backend-2,true
0.083,message,201,4.100,backend-2,true
0.075,message,201,11.800,backend-3,true
0.076,message,201,11.510,backend-3,true
0.083,message,201,4.170,backend-2,true
0.083,message,201,4.110,backend-2,true
0.083,message,201,4.250,backend-2,true
0.078,feed,200,9.180,backend-1,true
0.083,message,201,4.290,backend-2,true
0.076,message,201,11.650,backend-3,true
0.083,message,201,4.390,backend-2,true
0.076,message,201,11.660,backend-3,true
0.083,message,201,4.400,backend-2,true
0.075,message,201,12.420,backend-3,true
0.082,message,201,5.790,backend-2,true
0.081,message,201,6.110,backend-2,true
0.076,message,201,11.630,backend-3,true
0.076,message,201,12.020,backend-3,true
0.083,message,201,4.260,backend-2,true
0.075,message,201,12.260,backend-2,true
0.075,message,201,12.310,backend-3,true
0.078,message,201,9.880,backend-3,true
0.076,message,201,11.910,backend-2,true
0.083,feed,200,4.290,backend-2,true
0.078,message,201,9.900,backend-3,true
0.083,feed,200,4.390,backend-2,true
0.082,message,201,5.990,backend-2,true
0.082,message,201,5.970,backend-2,true
0.076,feed,200,11.710,backend-1,true
0.083,message,201,4.480,backend-2,true
0.082,message,201,5.940,backend-2,true
0.075,message,201,12.730,backend-3,true
0.078,message,201,10.050,backend-3,true
0.075,message,201,12.490,backend-3,true
0.084,feed,200,4.490,backend-2,true
0.084,feed,200,3.940,backend-2,true
0.086,feed,200,2.310,backend-1,true
0.086,feed,200,2.370,backend-1,true
0.086,feed,200,1.940,backend-2,true
0.086,feed,200,2.690,backend-1,true
0.086,feed,200,2.510,backend-1,true
0.082,feed,200,6.660,backend-1,true
0.076,feed,200,12.970,backend-2,true
0.084,feed,200,4.660,backend-2,true
0.085,feed,200,4.250,backend-2,true
0.082,message,201,6.590,backend-1,true
0.082,message,201,7.140,backend-1,true
0.082,message,201,7.150,backend-1,true
0.082,message,201,7.040,backend-1,true
0.083,message,201,6.620,backend-1,true
0.083,message,201,6.760,backend-1,true
0.083,message,201,6.710,backend-1,true
0.082,message,201,7.460,backend-1,true
0.082,message,201,7.860,backend-1,true
0.082,message,201,7.690,backend-1,true
0.083,message,201,6.780,backend-1,true
0.083,message,201,7.050,backend-1,true
0.083,message,201,6.980,backend-1,true
0.083,message,201,6.990,backend-1,true
0.083,message,201,6.860,backend-1,true
0.083,message,201,6.990,backend-1,true
0.083,message,201,6.830,backend-1,true
0.083,message,201,6.880,backend-1,true
0.083,message,201,6.860,backend-1,true
0.082,message,201,8.020,backend-1,true
0.081,message,201,9.220,backend-1,true
0.083,message,201,6.980,backend-1,true
0.078,message,201,12.120,backend-1,true
0.082,message,201,8.490,backend-1,true
0.079,message,201,10.840,backend-3,true
0.083,message,201,7.090,backend-1,true
0.083,message,201,6.940,backend-1,true
0.082,message,201,8.310,backend-1,true
0.083,message,201,6.880,backend-1,true
0.083,message,201,6.820,backend-1,true
0.083,message,201,6.870,backend-1,true
0.083,message,201,7.340,backend-1,true
0.075,message,201,15.030,backend-3,true
0.075,message,201,14.850,backend-1,true
0.083,message,201,6.970,backend-1,true
0.083,message,201,7.230,backend-1,true
0.086,message,201,4.300,backend-1,true
0.084,message,201,6.350,backend-1,true
0.078,message,201,12.220,backend-3,true
0.076,message,201,14.330,backend-3,true
0.084,feed,200,6.590,backend-2,true
0.085,feed,200,5.430,backend-1,true
0.085,message,201,5.430,backend-1,true
0.086,message,201,4.990,backend-1,true
0.086,feed,200,5.100,backend-1,true
0.085,feed,200,5.820,backend-2,true
0.085,message,201,5.530,backend-1,true
0.086,message,201,4.990,backend-1,true
0.086,message,201,5.080,backend-1,true
0.086,message,201,5.190,backend-1,true
0.085,message,201,5.440,backend-1,true
0.086,message,201,5.170,backend-1,true
0.085,feed,200,6.070,backend-2,true
0.085,message,201,5.650,backend-1,true
0.085,message,201,5.640,backend-1,true
0.085,feed,200,5.510,backend-2,true
0.085,feed,200,6.110,backend-2,true
0.086,message,201,5.390,backend-1,true
0.085,feed,200,5.760,backend-2,true
0.086,message,201,5.110,backend-1,true
0.085,feed,200,5.950,backend-2,true
0.086,message,201,5.340,backend-1,true
0.085,feed,200,6.040,backend-2,true
0.086,message,201,5.390,backend-1,true
0.082,message,201,9.560,backend-2,true
0.084,message,201,7.650,backend-2,true
0.083,message,201,8.000,backend-2,true
0.088,feed,200,3.760,backend-1,true
0.083,message,201,7.970,backend-2,true
0.080,feed,200,11.280,backend-3,true
0.083,message,201,8.010,backend-2,true
0.087,message,201,4.390,backend-2,true
0.085,message,201,6.410,backend-2,true
0.084,message,201,7.320,backend-2,true
0.084,message,201,7.210,backend-2,true
0.085,message,201,6.810,backend-2,true
0.084,message,201,7.570,backend-2,true
0.080,feed,200,11.170,backend-3,true
0.076,feed,200,15.750,backend-1,true
0.076,message,201,15.600,backend-2,true
0.084,message,201,7.270,backend-2,true
0.087,message,201,4.860,backend-2,true
0.086,message,201,5.090,backend-2,true
0.087,message,201,4.900,backend-2,true
0.087,message,201,4.690,backend-2,true
0.087,message,201,4.570,backend-2,true
0.083,feed,200,8.140,backend-1,true
0.085,message,201,6.530,backend-2,true
0.087,message,201,4.580,backend-2,true
0.087,message,201,4.460,backend-2,true
0.087,message,201,4.420,backend-2,true
0.087,message,201,4.500,backend-2,true
0.075,feed,200,16.330,backend-1,true
0.087,message,201,4.810,backend-2,true
0.087,message,201,4.610,backend-2,true
0.085,message,201,6.640,backend-2,true
0.087,message,201,4.900,backend-2,true
0.076,feed,200,15.820,backend-1,true
0.087,message,201,4.370,backend-2,true
0.084,feed,200,8.230,backend-1,true
0.087,message,201,4.710,backend-2,true
0.087,message,201,4.600,backend-2,true
0.087,message,201,4.640,backend-2,true
0.087,message,201,4.760,backend-2,true
0.084,message,201,8.350,backend-2,true
0.087,message,201,4.880,backend-2,true
0.087,message,201,4.860,backend-2,true
0.087,message,201,4.690,backend-2,true
0.076,message,201,16.600,backend-2,true
0.085,message,201,7.360,backend-2,true
0.075,message,201,16.710,backend-2,true
0.085,message,201,7.370,backend-2,true
0.084,message,201,8.040,backend-2,true
0.084,message,201,8.080,backend-2,true
0.084,message,201,8.560,backend-2,true
0.084,message,201,8.520,backend-2,true
0.078,feed,200,14.310,backend-1,true
0.084,message,201,8.000,backend-2,true
0.084,message,201,8.070,backend-2,true
0.085,message,201,7.590,backend-2,true
0.085,message,201,7.030,backend-2,true
0.085,feed,200,7.680,backend-1,true
0.085,feed,200,7.900,backend-1,true
0.085,message,201,7.330,backend-2,true
0.076,feed,200,16.500,backend-1,true
0.085,feed,200,7.870,backend-1,true
0.085,message,201,7.330,backend-2,true
0.075,feed,200,17.550,backend-3,true
0.087,feed,200,6.300,backend-1,true
0.087,feed,200,6.400,backend-1,true
0.084,message,201,8.900,backend-1,true
0.086,message,201,7.490,backend-1,true
0.084,message,201,8.970,backend-1,true
0.085,message,201,7.910,backend-1,true
0.086,message,201,7.670,backend-1,true
0.087,message,201,6.210,backend-1,true
0.085,message,201,7.770,backend-1,true
0.083,message,201,10.090,backend-1,true
0.075,message,201,18.170,backend-1,true
0.078,message,201,15.790,backend-1,true
0.076,message,201,17.420,backend-1,true
0.083,message,201,10.150,backend-1,true
0.083,message,201,10.070,backend-1,true
0.088,message,201,5.820,backend-1,true
0.083,message,201,10.150,backend-1,true
0.084,message,201,9.880,backend-1,true
0.076,message,201,17.980,backend-1,true
0.078,message,201,15.420,backend-1,true
0.084,message,201,9.690,backend-1,true
0.084,message,201,9.770,backend-1,true
0.076,message,201,17.800,backend-1,true
0.084,message,201,9.690,backend-1,true
0.078,message,201,15.980,backend-1,true
0.085,message,201,9.040,backend-1,true
0.084,message,201,9.470,backend-1,true
0.084,message,201,9.720,backend-1,true
0.076,message,201,18.270,backend-1,true
0.078,message,201,16.000,backend-1,true
0.085,message,201,9.000,backend-1,true
0.085,message,201,9.400,backend-1,true
0.085,message,201,9.080,backend-1,true
0.085,message,201,9.230,backend-1,true
0.085,message,201,9.040,backend-1,true
0.086,message,201,8.240,backend-1,true
0.083,feed,200,10.960,backend-3,true
0.086,message,201,8.290,backend-1,true
0.086,message,201,7.940,backend-1,true
0.086,message,201,8.170,backend-1,true
0.086,message,201,8.020,backend-1,true
0.086,message,201,7.860,backend-1,true
0.086,message,201,7.990,backend-1,true
0.086,message,201,7.900,backend-1,true
0.086,message,201,7.930,backend-1,true
0.086,message,201,7.950,backend-1,true
0.087,message,201,7.440,backend-1,true
0.087,message,201,7.270,backend-1,true
0.087,message,201,7.890,backend-1,true
0.087,message,201,8.020,backend-1,true
0.087,message,201,7.380,backend-1,true
0.087,message,201,7.920,backend-1,true
0.087,message,201,7.820,backend-1,true
0.090,feed,200,4.890,backend-1,true
0.091,feed,200,3.640,backend-2,true
0.092,feed,200,3.290,backend-2,true
0.076,feed,200,19.420,backend-3,true
0.075,feed,200,20.210,backend-3,true
0.085,message,201,9.980,backend-2,true
0.085,message,201,10.090,backend-2,true
0.085,message,201,10.230,backend-2,true
0.085,message,201,10.170,backend-2,true
0.086,message,201,9.920,backend-2,true
0.086,message,201,9.920,backend-2,true
0.086,message,201,10.080,backend-2,true
0.086,message,201,10.180,backend-2,true
0.086,message,201,9.890,backend-2,true
0.091,feed,200,4.550,backend-1,true
0.086,message,201,9.950,backend-2,true
0.076,feed,200,20.230,backend-3,true
0.086,message,201,10.030,backend-2,true
0.085,message,201,10.500,backend-2,true
0.086,message,201,10.040,backend-2,true
0.094,feed,200,1.960,backend-1,true
0.086,message,201,9.740,backend-2,true
0.095,feed,200,1.450,backend-1,true
0.086,message,201,9.670,backend-2,true
0.095,feed,200,1.480,backend-1,true
0.086,message,201,9.690,backend-2,true
0.086,message,201,9.680,backend-2,true
0.086,message,201,9.660,backend-2,true
0.088,message,201,8.440,backend-2,true
0.088,message,201,8.190,backend-2,true
0.087,message,201,8.880,backend-1,true
0.087,message,201,8.990,backend-1,true
0.087,message,201,8.970,backend-1,true
0.091,message,201,5.020,backend-2,true
0.087,message,201,8.970,backend-1,true
0.091,message,201,5.550,backend-2,true
0.088,message,201,8.260,backend-2,true
0.089,message,201,7.530,backend-2,true
0.091,message,201,4.950,backend-2,true
0.093,message,201,3.530,backend-2,true
0.087,message,201,8.980,backend-1,true
0.093,message,201,3.280,backend-2,true
0.091,message,201,5.070,backend-2,true
0.091,message,201,5.090,backend-2,true
0.091,message,201,5.270,backend-1,true
0.093,message,201,4.120,backend-2,true
0.092,message,201,4.190,backend-2,true
0.089,message,201,8.050,backend-2,true
0.089,message,201,8.260,backend-2,true
0.092,message,201,4.990,backend-2,true
0.091,message,201,6.040,backend-1,true
0.092,message,201,5.350,backend-2,true
0.088,message,201,9.200,backend-1,true
0.092,message,201,5.100,backend-2,true
0.092,message,201,5.370,backend-2,true
0.091,message,201,5.960,backend-1,true
0.093,message,201,4.370,backend-2,true
0.092,message,201,5.080,backend-2,true
0.092,message,201,5.060,backend-2,true
0.092,message,201,5.410,backend-2,true
0.088,message,201,9.220,backend-1,true
0.091,message,201,5.970,backend-1,true
0.088,message,201,9.210,backend-1,true
0.091,message,201,5.680,backend-2,true
0.091,message,201,6.020,backend-2,true
0.092,message,201,5.130,backend-2,true
0.092,message,201,5.450,backend-2,true
0.080,feed,200,16.730,backend-3,true
0.088,message,201,9.330,backend-1,true
0.093,message,201,3.830,backend-2,true
0.092,message,201,5.170,backend-2,true
0.091,message,201,5.570,backend-2,true
0.092,message,201,5.130,backend-2,true
0.091,message,201,6.140,backend-1,true
0.092,message,201,5.210,backend-2,true
0.091,message,201,6.260,backend-1,true
0.092,feed,200,5.090,backend-2,true
0.090,message,201,7.230,backend-1,true
0.088,message,201,9.260,backend-1,true
0.090,message,201,7.170,backend-1,true
0.088,message,201,8.930,backend-1,true
0.091,message,201,6.530,backend-1,true
0.090,feed,200,7.290,backend-2,true
0.091,message,201,6.620,backend-1,true
0.090,message,201,7.390,backend-1,true
0.090,message,201,7.370,backend-1,true
0.090,message,201,7.420,backend-1,true
0.091,message,201,6.730,backend-1,true
0.090,message,201,7.410,backend-1,true
0.090,message,201,7.460,backend-1,true
0.091,message,201,6.680,backend-1,true
0.091,message,201,6.670,backend-1,true
0.091,message,201,6.700,backend-1,true
0.092,feed,200,5.410,backend-2,true
0.093,message,201,4.490,backend-1,true
0.088,feed,200,10.030,backend-2,true
0.091,message,201,6.930,backend-1,true
0.093,message,201,4.590,backend-1,true
0.091,message,201,6.320,backend-1,true
0.088,feed,200,10.030,backend-2,true
0.093,message,201,4.580,backend-1,true
0.094,message,201,4.000,backend-1,true
0.092,message,201,6.070,backend-1,true
0.092,message,201,6.390,backend-1,true
0.094,message,201,4.040,backend-1,true
0.094,message,201,4.160,backend-1,true
0.094,message,201,4.210,backend-1,true
0.094,message,201,4.060,backend-1,true
0.094,message,201,4.240,backend-1,true
0.094,message,201,4.000,backend-1,true
0.094,message,201,3.870,backend-1,true
0.094,message,201,4.100,backend-1,true
0.093,message,201,5.290,backend-1,true
0.093,message,201,5.200,backend-1,true
0.094,message,201,3.890,backend-1,true
0.095,message,201,3.710,backend-1,true
0.076,feed,200,22.510,backend-3,true
0.089,feed,200,9.490,backend-1,true
0.090,feed,200,8.980,backend-2,true
0.081,feed,200,18.070,backend-3,true
0.092,message,201,7.140,backend-2,true
0.092,message,201,7.160,backend-2,true
0.092,message,201,7.230,backend-2,true
0.092,message,201,7.230,backend-2,true
0.081,feed,200,18.370,backend-3,true
0.093,message,201,6.700,backend-2,true
0.092,message,201,6.970,backend-2,true
0.092,message,201,6.990,backend-2,true
0.097,feed,200,2.420,backend-1,true
0.091,message,201,8.380,backend-2,true
0.092,message,201,7.110,backend-2,true
0.092,message,201,7.070,backend-2,true
0.092,message,201,7.100,backend-2,true
0.092,message,201,7.090,backend-2,true
0.090,message,201,9.140,backend-2,true
0.091,message,201,8.420,backend-2,true
0.090,message,201,9.140,backend-2,true
0.097,feed,200,2.420,backend-1,true
0.090,message,201,9.180,backend-2,true
0.092,message,201,7.110,backend-2,true
0.090,message,201,9.270,backend-2,true
0.090,message,201,9.280,backend-2,true
0.092,message,201,7.150,backend-2,true
0.093,message,201,6.990,backend-2,true
0.092,message,201,7.340,backend-2,true
0.088,message,201,12.120,backend-2,true
0.087,message,201,12.210,backend-2,true
0.088,message,201,12.180,backend-2,true
0.081,feed,200,18.950,backend-3,true
0.088,message,201,12.080,backend-2,true
0.088,message,201,12.140,backend-2,true
0.088,message,201,11.410,backend-2,true
0.097,feed,200,2.780,backend-1,true
0.088,message,201,12.160,backend-2,true
0.088,message,201,12.260,backend-2,true
0.089,message,201,10.540,backend-2,true
0.089,message,201,10.530,backend-2,true
0.088,message,201,11.670,backend-2,true
0.090,message,201,10.310,backend-2,true
0.090,message,201,10.320,backend-2,true
0.088,message,201,11.760,backend-2,true
0.089,message,201,10.970,backend-2,true
0.089,message,201,10.640,backend-2,true
0.089,message,201,10.800,backend-2,true
0.098,feed,200,2.490,backend-1,true
0.088,message,201,11.680,backend-2,true
0.081,feed,200,19.340,backend-3,true
0.091,message,201,9.310,backend-2,true
0.089,message,201,10.780,backend-2,true
0.091,message,201,9.130,backend-1,true
0.091,message,201,9.240,backend-1,true
0.094,message,201,6.110,backend-1,true
0.088,message,201,12.770,backend-1,true
0.089,message,201,11.460,backend-1,true
0.098,feed,200,2.650,backend-1,true
0.089,message,201,11.450,backend-1,true
0.090,message,201,10.790,backend-2,true
0.090,message,201,10.880,backend-2,true
0.090,message,201,10.960,backend-2,true
0.091,message,201,9.850,backend-2,true
0.090,message,201,10.760,backend-2,true
0.094,message,201,6.180,backend-1,true
0.098,feed,200,2.880,backend-1,true
0.090,message,201,10.860,backend-2,true
0.091,message,201,9.730,backend-2,true
0.090,message,201,10.460,backend-2,true
0.088,message,201,12.960,backend-1,true
0.095,message,201,6.170,backend-1,true
0.092,message,201,9.170,backend-1,true
0.090,message,201,10.940,backend-1,true
0.091,message,201,9.370,backend-1,true
0.098,feed,200,3.150,backend-2,true
0.091,message,201,9.880,backend-1,true
0.091,message,201,9.470,backend-1,true
0.091,message,201,9.290,backend-1,true
0.090,message,201,11.080,backend-1,true
0.091,message,201,9.380,backend-1,true
0.092,message,201,9.010,backend-1,true
0.091,message,201,9.920,backend-1,true
0.097,feed,200,3.310,backend-2,true
0.091,message,201,9.320,backend-1,true
0.091,message,201,9.540,backend-1,true
0.097,feed,200,3.810,backend-2,true
0.096,message,201,4.830,backend-1,true
0.097,message,201,3.770,backend-1,true
0.096,message,201,4.870,backend-1,true
0.097,message,201,3.890,backend-1,true
0.097,message,201,4.280,backend-1,true
0.097,message,201,4.390,backend-1,true
0.097,message,201,4.340,backend-1,true
0.097,message,201,3.940,backend-1,true
0.097,message,201,3.970,backend-1,true
0.095,message,201,6.300,backend-1,true
0.097,message,201,3.950,backend-1,true
0.098,message,201,3.710,backend-1,true
0.097,message,201,4.500,backend-1,true
0.097,message,201,3.980,backend-1,true
0.097,message,201,4.340,backend-1,true
0.096,message,201,4.890,backend-1,true
0.096,message,201,4.860,backend-1,true
0.097,message,201,4.350,backend-1,true
0.097,message,201,4.050,backend-1,true
0.097,feed,200,4.640,backend-2,true
0.098,message,201,3.930,backend-1,true
0.098,message,201,3.980,backend-1,true
0.098,message,201,3.820,backend-1,true
0.096,message,201,5.900,backend-1,true
0.097,feed,200,4.650,backend-2,true
0.100,feed,200,2.140,backend-2,true
0.098,message,201,3.890,backend-1,true
0.098,message,201,3.750,backend-1,true
0.099,feed,200,2.770,backend-2,true
0.098,message,201,3.800,backend-1,true
0.098,message,201,4.110,backend-1,true
0.098,message,201,3.840,backend-1,true
0.099,feed,200,2.580,backend-2,true
0.098,message,201,3.630,backend-1,true
0.098,feed,200,4.120,backend-2,true
0.098,feed,200,4.110,backend-2,true
0.075,feed,200,26.590,backend-3,true
0.100,feed,200,2.190,backend-2,true
0.098,feed,200,4.000,backend-1,true
0.098,feed,200,4.110,backend-1,true
0.098,message,201,4.770,backend-2,true
0.098,message,201,4.590,backend-2,true
0.098,message,201,4.630,backend-2,true
0.093,message,201,9.180,backend-2,true
0.093,message,201,9.330,backend-2,true
0.096,feed,200,6.510,backend-1,true
0.096,message,201,6.140,backend-2,true
0.097,message,201,5.710,backend-2,true
0.080,message,201,22.350,backend-3,true
0.097,message,201,5.560,backend-2,true
0.097,message,201,5.160,backend-2,true
0.096,feed,200,6.710,backend-1,true
0.081,message,201,22.100,backend-3,true
0.096,message,201,6.240,backend-2,true
0.096,message,201,6.260,backend-2,true
0.097,message,201,5.650,backend-2,true
0.097,message,201,5.820,backend-2,true
0.097,message,201,6.150,backend-2,true
0.097,message,201,5.760,backend-2,true
0.080,message,201,22.360,backend-3,true
0.097,message,201,5.710,backend-2,true
0.096,message,201,6.280,backend-2,true
0.096,message,201,6.380,backend-2,true
0.097,message,201,5.830,backend-2,true
0.097,message,201,6.110,backend-2,true
0.097,message,201,5.770,backend-2,true
0.080,message,201,22.290,backend-3,true
0.097,message,201,5.880,backend-2,true
0.097,message,201,5.900,backend-2,true
0.097,message,201,5.840,backend-2,true
0.096,message,201,6.410,backend-2,true
0.076,message,201,26.820,backend-3,true
0.096,message,201,7.260,backend-2,true
0.099,message,201,3.830,backend-2,true
0.097,message,201,6.450,backend-2,true
0.100,message,201,3.430,backend-2,true
0.097,message,201,6.510,backend-2,true
0.099,message,201,3.890,backend-2,true
0.099,message,201,3.880,backend-2,true
0.097,message,201,5.760,backend-2,true
0.100,message,201,3.420,backend-2,true
0.099,message,201,4.560,backend-2,true
0.096,message,201,7.180,backend-2,true
0.099,message,201,3.920,backend-2,true
0.100,message,201,3.410,backend-2,true
0.097,message,201,6.220,backend-2,true
0.096,message,201,7.420,backend-2,true
0.099,message,201,4.180,backend-2,true
0.096,message,201,6.850,backend-2,true
0.096,message,201,7.490,backend-2,true
0.097,message,201,5.970,backend-2,true
0.097,message,201,6.250,backend-2,true
0.099,message,201,3.970,backend-2,true
0.098,message,201,5.340,backend-2,true
0.096,message,201,7.410,backend-2,true
0.091,message,201,12.590,backend-2,true
0.099,message,201,4.770,backend-2,true
0.081,message,201,22.170,backend-3,true
0.082,message,201,21.660,backend-3,true
0.082,message,201,21.860,backend-3,true
0.097,feed,200,6.990,backend-1,true
0.097,feed,200,6.960,backend-1,true
0.082,message,201,21.820,backend-3,true
0.101,feed,200,2.610,backend-1,true
0.103,feed,200,1.320,backend-2,true
0.101,feed,200,2.800,backend-2,true
0.089,message,201,14.760,backend-3,true
0.103,feed,200,1.480,backend-2,true
0.103,feed,200,1.110,backend-2,true
0.103,feed,200,1.170,backend-2,true
0.078,message,201,26.690,backend-3,true
0.103,feed,200,1.310,backend-2,true
0.101,feed,200,3.750,backend-1,true
0.089,message,201,15.340,backend-3,true
0.090,message,201,14.950,backend-3,true
0.100,feed,200,5.020,backend-1,true
0.103,feed,200,1.470,backend-2,true
0.090,message,201,15.000,backend-3,true
0.101,feed,200,3.500,backend-1,true
0.098,message,201,6.620,backend-1,true
0.075,message,201,29.440,backend-3,true
0.096,message,201,9.180,backend-1,true
0.103,feed,200,1.740,backend-2,true
0.098,message,201,6.780,backend-1,true
0.098,message,201,6.810,backend-1,true
0.098,message,201,6.870,backend-1,true
0.103,feed,200,1.580,backend-2,true
0.098,message,201,6.980,backend-1,true
0.095,message,201,9.960,backend-1,true
0.098,message,201,6.920,backend-1,true
0.095,message,201,9.960,backend-1,true
0.099,message,201,6.570,backend-1,true
0.098,message,201,6.930,backend-1,true
0.096,message,201,9.590,backend-1,true
0.096,message,201,9.530,backend-1,true
0.095,message,201,9.760,backend-1,true
0.096,message,201,9.650,backend-1,true
0.095,message,201,9.720,backend-1,true
0.095,message,201,9.840,backend-1,true
0.096,message,201,9.560,backend-1,true
0.096,message,201,9.470,backend-1,true
0.096,message,201,9.260,backend-1,true
0.096,message,201,9.420,backend-1,true
0.096,message,201,9.510,backend-1,true
0.096,message,201,9.470,backend-1,true
0.096,message,201,9.240,backend-1,true
0.096,message,201,9.340,backend-1,true
0.096,message,201,9.200,backend-1,true
0.096,message,201,9.200,backend-1,true
0.096,message,201,8.990,backend-1,true
0.100,feed,200,5.330,backend-2,true
0.096,message,201,9.090,backend-1,true
0.097,message,201,8.530,backend-1,true
0.101,message,201,4.790,backend-1,true
0.099,message,201,6.430,backend-1,true
0.101,message,201,4.890,backend-1,true
0.101,message,201,4.420,backend-1,true
0.101,message,201,4.990,backend-1,true
0.099,message,201,6.620,backend-1,true
0.101,message,201,4.890,backend-1,true
0.101,message,201,4.470,backend-1,true
0.101,message,201,4.430,backend-1,true
0.101,message,201,4.460,backend-1,true
0.101,message,201,5.100,backend-1,true
0.101,message,201,5.000,backend-1,true
0.101,message,201,4.550,backend-1,true
0.101,message,201,4.530,backend-1,true
0.101,message,201,4.980,backend-1,true
0.101,feed,200,5.090,backend-2,true
0.101,message,201,5.010,backend-1,true
0.097,message,201,8.900,backend-1,true
0.101,message,201,5.210,backend-1,true
0.101,message,201,5.040,backend-1,true
0.101,message,201,4.560,backend-1,true
0.101,feed,200,5.300,backend-2,true
0.102,feed,200,4.650,backend-1,true
0.075,message,201,30.830,backend-3,true
0.075,message,201,30.960,backend-3,true
0.080,message,201,26.700,backend-3,true
0.080,message,201,26.790,backend-3,true
0.102,message,201,4.230,backend-2,true
0.076,message,201,30.530,backend-3,true
0.100,message,201,6.040,backend-2,true
0.099,feed,200,7.570,backend-1,true
0.102,message,201,4.230,backend-2,true
0.101,message,201,6.020,backend-2,true
0.080,message,201,26.980,backend-3,true
0.101,message,201,6.110,backend-2,true
0.076,message,201,30.770,backend-3,true
0.103,message,201,4.250,backend-2,true
0.080,message,201,27.160,backend-3,true
0.102,message,201,4.410,backend-2,true
0.103,message,201,4.170,backend-2,true
0.103,message,201,4.200,backend-2,true
0.080,message,201,27.100,backend-3,true
0.100,feed,200,7.030,backend-1,true
0.103,message,201,4.240,backend-2,true
0.100,feed,200,6.810,backend-1,true
0.103,message,201,4.310,backend-2,true
0.103,message,201,4.430,backend-2,true
0.103,message,201,4.280,backend-2,true
0.080,message,201,26.880,backend-3,true
0.103,message,201,4.060,backend-2,true
0.103,message,201,4.400,backend-2,true
0.102,message,201,5.650,backend-2,true
0.102,message,201,5.590,backend-2,true
0.103,message,201,4.080,backend-2,true
0.100,feed,200,7.230,backend-1,true
0.102,message,201,5.410,backend-2,true
0.103,message,201,4.580,backend-2,true
0.103,message,201,4.110,backend-2,true
0.103,message,201,4.090,backend-2,true
0.103,message,201,4.090,backend-2,true
0.102,message,201,5.700,backend-2,true
0.103,message,201,4.150,backend-2,true
0.103,message,201,4.600,backend-2,true
0.102,message,201,5.720,backend-2,true
0.100,message,201,7.570,backend-1,true
0.101,message,201,6.970,backend-2,true
0.103,message,201,4.460,backend-2,true
0.101,message,201,6.400,backend-1,true
0.103,message,201,4.580,backend-2,true
0.102,message,201,6.290,backend-1,true
0.103,message,201,4.620,backend-2,true
0.101,message,201,7.200,backend-2,true
0.102,message,201,6.240,backend-1,true
0.103,feed,200,5.300,backend-1,true
0.100,message,201,7.930,backend-1,true
0.080,message,201,27.780,backend-3,true
0.103,message,201,5.090,backend-2,true
0.102,message,201,6.160,backend-1,true
0.100,message,201,7.890,backend-2,true
0.100,message,201,7.840,backend-2,true
0.102,message,201,6.370,backend-1,true
0.102,message,201,6.210,backend-1,true
0.100,message,201,7.980,backend-2,true
0.101,message,201,7.330,backend-2,true
0.103,message,201,5.130,backend-2,true
0.103,message,201,4.700,backend-2,true
0.103,message,201,4.740,backend-2,true
0.101,message,201,7.330,backend-2,true
0.100,message,201,7.990,backend-2,true
0.101,message,201,7.200,backend-2,true
0.101,message,201,7.490,backend-2,true
0.101,message,201,7.370,backend-2,true
0.102,message,201,5.980,backend-2,true
0.101,message,201,7.220,backend-2,true
0.102,message,201,6.520,backend-1,true
0.100,message,201,8.190,backend-1,true
0.100,message,201,8.000,backend-2,true
0.101,feed,200,7.320,backend-2,true
0.101,message,201,7.490,backend-2,true
0.101,message,201,7.440,backend-2,true
0.102,message,201,6.440,backend-1,true
0.103,message,201,5.540,backend-1,true
0.099,message,201,9.200,backend-1,true
0.106,feed,200,2.020,backend-2,true
0.099,message,201,9.160,backend-1,true
0.099,message,201,9.180,backend-1,true
0.099,message,201,9.150,backend-1,true
0.099,message,201,9.170,backend-1,true
0.101,feed,200,7.250,backend-2,true
0.099,message,201,9.180,backend-1,true
0.107,feed,200,2.020,backend-2,true
0.099,message,201,9.220,backend-1,true
0.102,message,201,6.150,backend-1,true
0.099,message,201,9.320,backend-1,true
0.099,message,201,9.720,backend-1,true
0.099,message,201,9.610,backend-1,true
0.102,message,201,6.160,backend-1,true
0.102,message,201,6.260,backend-1,true
0.080,message,201,28.770,backend-3,true
0.080,message,201,29.020,backend-3,true
0.099,message,201,9.730,backend-1,true
0.099,message,201,9.710,backend-1,true
0.080,message,201,29.110,backend-3,true
0.076,message,201,33.120,backend-3,true
0.108,feed,200,1.440,backend-2,true
0.080,message,201,29.090,backend-3,true
0.100,message,201,9.960,backend-1,true
0.099,message,201,10.150,backend-1,true
0.081,message,201,28.860,backend-3,true
0.100,message,201,9.310,backend-1,true
0.076,message,201,34.190,backend-3,true
0.080,message,201,29.570,backend-3,true
0.100,message,201,9.670,backend-1,true
0.100,message,201,10.460,backend-1,true
0.080,message,201,29.810,backend-3,true
0.081,message,201,29.020,backend-3,true
0.100,message,201,10.670,backend-1,true
0.100,message,201,10.650,backend-1,true
0.105,feed,200,5.440,backend-2,true
0.080,message,201,30.130,backend-3,true
0.107,feed,200,3.090,backend-2,true
0.076,message,201,34.530,backend-3,true
0.108,feed,200,2.630,backend-2,true
0.100,message,201,10.500,backend-1,true
0.080,message,201,30.280,backend-3,true
0.100,message,201,10.840,backend-1,true
0.080,message,201,30.370,backend-3,true
0.080,message,201,30.240,backend-3,true
0.105,feed,200,5.330,backend-2,true
0.105,feed,200,6.710,backend-2,true
0.102,message,201,10.160,backend-1,true
0.104,message,201,7.990,backend-2,true
0.105,feed,200,6.700,backend-2,true
0.101,message,201,10.790,backend-2,true
0.107,message,201,4.900,backend-2,true
0.105,message,201,7.430,backend-2,true
0.103,feed,200,8.940,backend-1,true
0.078,message,201,34.210,backend-3,true
0.105,message,201,7.520,backend-2,true
0.103,feed,200,8.740,backend-1,true
0.104,message,201,7.810,backend-2,true
0.101,message,201,11.450,backend-2,true
0.081,message,201,30.900,backend-3,true
0.075,message,201,36.860,backend-3,true
0.081,message,201,31.600,backend-3,true
0.108,message,201,4.370,backend-2,true
0.103,message,201,9.660,backend-1,true
0.103,message,201,9.550,backend-1,true
0.108,message,201,4.360,backend-2,true
0.100,message,201,12.220,backend-1,true
0.081,message,201,31.630,backend-3,true
0.101,message,201,11.090,backend-2,true
0.076,message,201,36.650,backend-3,true
0.101,message,201,11.020,backend-2,true
0.102,message,201,10.490,backend-1,true
0.076,message,201,36.750,backend-3,true
0.102,message,201,10.540,backend-1,true
0.102,message,201,10.410,backend-1,true
0.107,message,201,5.540,backend-2,true
0.100,message,201,12.350,backend-1,true
0.107,message,201,5.620,backend-2,true
0.104,message,201,8.400,backend-2,true
0.107,message,201,5.500,backend-2,true
0.107,message,201,5.550,backend-2,true
0.104,message,201,8.380,backend-2,true
0.105,message,201,7.780,backend-2,true
0.106,message,201,6.750,backend-2,true
0.106,feed,200,6.760,backend-1,true
0.107,message,201,5.610,backend-2,true
0.104,message,201,8.910,backend-2,true
0.107,message,201,5.330,backend-2,true
0.107,message,201,5.620,backend-2,true
0.101,message,201,11.300,backend-2,true
0.105,feed,200,7.650,backend-2,true
0.108,message,201,4.750,backend-2,true
0.105,message,201,7.810,backend-2,true
0.106,message,201,6.860,backend-2,true
0.104,message,201,8.220,backend-2,true
0.103,feed,200,9.240,backend-1,true
0.105,message,201,7.950,backend-2,true
0.104,message,201,9.140,backend-2,true
0.102,message,201,11.070,backend-2,true
0.103,message,201,10.230,backend-1,true
0.101,message,201,12.170,backend-2,true
0.103,message,201,10.170,backend-1,true
0.104,message,201,8.430,backend-2,true
0.106,message,201,6.370,backend-2,true
0.108,message,201,5.160,backend-2,true
0.107,message,201,5.570,backend-2,true
0.101,message,201,11.630,backend-2,true
0.106,message,201,6.510,backend-2,true
0.104,message,201,8.990,backend-2,true
0.107,message,201,6.130,backend-2,true
0.102,message,201,11.220,backend-1,true
0.107,message,201,5.970,backend-2,true
0.101,message,201,12.400,backend-1,true
0.104,message,201,9.150,backend-2,true
0.076,message,201,37.030,backend-3,true
0.101,message,201,12.460,backend-1,true
0.081,message,201,32.280,backend-3,true
0.101,message,201,11.850,backend-2,true
0.101,message,201,12.270,backend-1,true
0.103,feed,200,10.410,backend-1,true
0.108,message,201,5.340,backend-2,true
0.090,message,201,22.940,backend-2,true
0.107,message,201,5.880,backend-2,true
0.107,message,201,5.740,backend-2,true
0.107,message,201,5.810,backend-2,true
0.107,message,201,5.880,backend-2,true
0.107,message,201,6.560,backend-2,true
0.103,feed,200,10.470,backend-1,true
0.105,feed,200,8.010,backend-2,true
0.106,message,201,9.270,backend-1,true
0.107,message,201,7.750,backend-1,true
0.107,message,201,7.880,backend-1,true
0.108,message,201,7.660,backend-1,true
0.105,message,201,10.210,backend-2,true
0.106,message,201,9.540,backend-1,true
0.105,message,201,10.150,backend-2,true
0.105,message,201,10.180,backend-2,true
0.105,message,201,10.080,backend-2,true
0.108,message,201,7.300,backend-2,true
0.110,feed,200,5.210,backend-2,true
0.105,message,201,10.160,backend-2,true
0.107,message,201,8.780,backend-1,true
0.106,message,201,9.610,backend-1,true
0.106,feed,200,9.020,backend-1,true
0.108,feed,200,7.350,backend-1,true
0.106,message,201,9.760,backend-2,true
0.105,feed,200,9.980,backend-1,true
0.106,message,201,9.680,backend-2,true
0.106,message,201,9.620,backend-1,true
0.109,message,201,6.930,backend-2,true
0.103,message,201,13.080,backend-1,true
0.108,message,201,7.720,backend-2,true
0.110,message,201,5.340,backend-2,true
0.107,message,201,8.550,backend-1,true
0.113,feed,200,2.660,backend-1,true
0.108,message,201,7.670,backend-2,true
0.110,message,201,5.520,backend-2,true
0.108,message,201,7.690,backend-2,true
0.111,message,201,5.250,backend-2,true
0.113,feed,200,3.300,backend-1,true
0.105,feed,200,11.160,backend-1,true
0.110,feed,200,6.520,backend-1,true
0.108,message,201,8.680,backend-1,true
0.109,feed,200,7.850,backend-2,true
0.107,message,201,9.430,backend-1,true
0.108,message,201,8.600,backend-1,true
0.105,message,201,10.970,backend-2,true
0.105,message,201,11.120,backend-2,true
0.109,message,201,7.990,backend-1,true
0.103,message,201,13.740,backend-1,true
0.090,message,201,26.480,backend-2,true
0.108,message,201,8.760,backend-1,true
0.108,message,201,8.690,backend-1,true
0.110,message,201,7.100,backend-2,true
0.105,message,201,11.390,backend-2,true
0.113,feed,200,3.930,backend-2,true
0.106,feed,200,10.900,backend-2,true
0.112,message,201,4.440,backend-2,true
0.107,message,201,9.380,backend-1,true
0.106,message,201,10.680,backend-1,true
0.115,feed,200,1.460,backend-2,true
0.112,feed,200,4.530,backend-2,true
0.115,feed,200,1.530,backend-2,true
0.108,message,201,8.610,backend-2,true
0.106,message,201,10.970,backend-2,true
0.103,message,201,13.560,backend-1,true
0.111,message,201,6.120,backend-2,true
0.108,feed,200,8.290,backend-2,true
0.108,message,201,8.940,backend-1,true
0.106,feed,200,10.570,backend-1,true
0.108,message,201,8.780,backend-2,true
0.112,feed,200,4.520,backend-1,true
0.105,feed,200,11.570,backend-1,true
0.106,feed,200,11.230,backend-2,true
0.107,feed,200,9.690,backend-1,true
0.107,message,201,9.850,backend-1,true
0.113,feed,200,4.300,backend-1,true
0.107,message,201,10.380,backend-1,true
0.108,feed,200,9.220,backend-1,true
0.107,message,201,10.590,backend-1,true
0.105,message,201,12.450,backend-2,true
0.105,message,201,12.160,backend-2,true
0.105,message,201,11.840,backend-2,true
0.105,message,201,11.770,backend-2,true
0.104,message,201,12.940,backend-1,true
0.105,message,201,12.230,backend-2,true
0.105,message,201,12.210,backend-2,true
0.107,message,201,10.620,backend-1,true
0.105,message,201,12.150,backend-2,true
0.105,message,201,12.050,backend-2,true
0.112,feed,200,5.300,backend-1,true
0.105,message,201,12.020,backend-2,true
0.109,feed,200,8.860,backend-1,true
0.107,message,201,10.830,backend-1,true
0.109,message,201,8.940,backend-1,true
0.105,message,201,12.740,backend-2,true
0.108,message,201,9.500,backend-1,true
0.109,message,201,8.950,backend-1,true
0.108,feed,200,9.360,backend-2,true
0.105,message,201,12.380,backend-2,true
0.105,message,201,12.380,backend-2,true
0.106,message,201,11.730,backend-2,true
0.106,message,201,11.970,backend-1,true
0.108,feed,200,9.570,backend-2,true
0.108,message,201,9.550,backend-1,true
0.106,message,201,11.110,backend-1,true
0.109,message,201,8.670,backend-2,true
0.113,feed,200,5.190,backend-1,true
0.108,message,201,9.870,backend-1,true
0.108,message,201,9.820,backend-1,true
0.115,feed,200,2.400,backend-2,true
0.108,message,201,9.870,backend-1,true
0.108,message,201,9.850,backend-1,true
0.108,message,201,9.800,backend-1,true
0.104,message,201,13.990,backend-1,true
0.108,message,201,9.720,backend-2,true
0.108,message,201,10.360,backend-1,true
0.109,feed,200,8.830,backend-2,true
0.110,message,201,8.160,backend-2,true
0.116,feed,200,1.740,backend-2,true
0.110,message,201,7.770,backend-1,true
0.110,message,201,7.870,backend-1,true
0.103,message,201,15.670,backend-1,true
0.103,message,201,14.850,backend-1,true
0.110,feed,200,7.840,backend-2,true
0.110,message,201,8.050,backend-1,true
0.106,message,201,12.600,backend-2,true
0.103,message,201,15.210,backend-1,true
0.110,message,201,8.490,backend-1,true
0.104,message,201,14.490,backend-1,true
0.108,feed,200,10.360,backend-2,true
0.088,message,201,30.170,backend-1,true
0.104,message,201,14.390,backend-1,true
0.107,message,201,11.660,backend-1,true
0.107,message,201,11.170,backend-1,true
0.103,message,201,15.190,backend-1,true
0.103,message,201,15.310,backend-1,true
0.110,message,201,8.190,backend-1,true
0.112,feed,200,6.260,backend-1,true
0.104,message,201,14.640,backend-1,true
0.109,feed,200,9.320,backend-2,true
0.109,message,201,9.510,backend-2,true
0.109,message,201,9.180,backend-1,true
0.107,message,201,11.570,backend-1,true
0.111,message,201,7.850,backend-1,true
0.103,message,201,15.970,backend-1,true
0.107,message,201,11.730,backend-1,true
0.113,message,201,5.560,backend-1,true
0.105,message,201,13.570,backend-1,true
0.105,message,201,13.460,backend-1,true
0.111,message,201,8.160,backend-2,true
0.110,message,201,8.360,backend-2,true
0.105,message,201,13.530,backend-1,true
0.106,message,201,12.990,backend-1,true
0.105,message,201,13.660,backend-1,true
0.113,message,201,6.130,backend-1,true
0.105,message,201,13.770,backend-1,true
0.110,message,201,8.380,backend-2,true
0.109,message,201,10.130,backend-2,true
0.103,message,201,16.070,backend-1,true
0.103,message,201,16.080,backend-1,true
0.105,message,201,13.710,backend-1,true
0.109,message,201,9.530,backend-2,true
0.113,message,201,6.160,backend-1,true
0.111,message,201,8.190,backend-2,true
0.116,feed,200,2.480,backend-2,true
0.107,message,201,12.050,backend-1,true
0.109,message,201,9.860,backend-2,true
0.113,message,201,6.020,backend-1,true
0.112,message,201,6.660,backend-1,true
0.113,message,201,6.180,backend-1,true
0.113,message,201,6.160,backend-1,true
0.112,message,201,6.680,backend-1,true
0.113,feed,200,5.980,backend-2,true
0.113,message,201,6.230,backend-1,true
0.112,message,201,6.910,backend-1,true
0.112,message,201,6.900,backend-1,true
0.116,message,201,3.520,backend-2,true
0.116,message,201,3.380,backend-2,true
0.115,message,201,4.470,backend-2,true
0.115,message,201,4.450,backend-1,true
0.117,message,201,3.070,backend-2,true
0.112,message,201,7.730,backend-2,true
0.115,feed,200,4.560,backend-1,true
0.117,message,201,3.170,backend-2,true
0.113,message,201,7.250,backend-1,true
0.113,message,201,6.850,backend-2,true
0.117,message,201,3.350,backend-2,true
0.109,message,201,11.360,backend-2,true
0.091,message,201,29.100,backend-2,true
0.112,message,201,7.640,backend-2,true
0.112,message,201,7.540,backend-2,true
0.116,message,201,3.540,backend-2,true
0.112,message,201,7.760,backend-1,true
0.113,message,201,7.440,backend-2,true
0.117,message,201,3.470,backend-2,true
0.109,message,201,11.410,backend-2,true
0.112,message,201,7.820,backend-2,true
0.113,message,201,7.370,backend-1,true
0.093,message,201,26.540,backend-2,true
0.112,message,201,7.720,backend-1,true
0.117,message,201,3.400,backend-2,true
0.108,message,201,12.050,backend-2,true
0.113,feed,200,7.510,backend-2,true
0.112,message,201,7.900,backend-2,true
0.112,message,201,7.990,backend-2,true
0.112,message,201,7.870,backend-2,true
0.117,message,201,3.460,backend-2,true
0.108,message,201,12.060,backend-2,true
0.113,message,201,6.910,backend-1,true
0.113,message,201,7.020,backend-1,true
0.109,message,201,11.540,backend-2,true
0.108,message,201,12.170,backend-2,true
0.113,message,201,7.410,backend-2,true
0.109,message,201,11.570,backend-2,true
0.113,message,201,7.250,backend-1,true
0.113,message,201,7.370,backend-2,true
0.113,message,201,7.470,backend-1,true
0.109,message,201,11.570,backend-2,true
0.117,message,201,3.490,backend-2,true
0.112,message,201,7.890,backend-1,true
0.108,message,201,11.660,backend-2,true
0.109,message,201,11.640,backend-2,true
0.109,message,201,11.660,backend-2,true
0.113,message,201,7.090,backend-1,true
0.112,message,201,8.190,backend-2,true
0.116,feed,200,3.800,backend-2,true
0.112,message,201,7.940,backend-2,true
0.109,message,201,10.760,backend-2,true
0.112,message,201,8.000,backend-1,true
0.113,message,201,7.370,backend-2,true
0.117,feed,200,3.510,backend-2,true
0.113,message,201,7.320,backend-2,true
0.112,message,201,8.140,backend-1,true
0.112,message,201,8.040,backend-1,true
0.108,message,201,12.300,backend-2,true
0.113,message,201,7.170,backend-2,true
0.108,message,201,12.340,backend-2,true
0.117,message,201,3.680,backend-2,true
0.113,message,201,7.600,backend-2,true
0.104,message,201,15.850,backend-1,true
0.113,message,201,7.670,backend-1,true
0.115,message,201,4.970,backend-2,true
0.112,message,201,8.200,backend-1,true
0.110,message,201,10.760,backend-2,true
0.112,message,201,8.100,backend-1,true
0.113,message,201,7.840,backend-2,true
0.112,feed,200,8.620,backend-2,true
0.117,message,201,4.320,backend-2,true
0.115,feed,200,5.560,backend-1,true
0.113,feed,200,7.980,backend-1,true
0.115,feed,200,5.640,backend-1,true
0.113,feed,200,8.450,backend-2,true
0.117,feed,200,4.420,backend-1,true
0.113,message,201,8.360,backend-2,true
0.117,feed,200,4.560,backend-1,true
0.117,feed,200,4.560,backend-1,true
0.120,feed,200,1.430,backend-2,true
0.120,feed,200,1.320,backend-2,true
0.120,feed,200,1.330,backend-2,true
0.120,feed,200,1.650,backend-2,true
0.120,feed,200,1.460,backend-2,true
0.113,feed,200,8.740,backend-1,true
0.119,feed,200,2.830,backend-2,true
0.118,feed,200,3.330,backend-2,true
0.117,feed,200,4.630,backend-1,true
0.119,feed,200,3.280,backend-2,true
0.120,feed,200,1.860,backend-2,true
0.119,feed,200,3.140,backend-2,true
0.117,feed,200,4.930,backend-1,true
0.120,feed,200,2.080,backend-2,true
0.115,feed,200,7.010,backend-1,true
0.115,feed,200,6.720,backend-2,true
0.118,feed,200,4.680,backend-1,true
0.118,feed,200,4.600,backend-2,true
0.118,feed,200,4.560,backend-2,true
0.076,feed,200,46.670,backend-3,true
0.083,feed,200,39.490,backend-3,true
0.117,feed,200,5.140,backend-1,true
0.115,feed,200,7.210,backend-2,true
0.118,feed,200,4.240,backend-2,true
0.118,feed,200,4.340,backend-2,true
0.115,feed,200,7.350,backend-2,true
0.115,feed,200,7.460,backend-2,true
0.115,feed,200,7.580,backend-2,true
0.120,feed,200,2.870,backend-1,true
0.119,feed,200,4.210,backend-1,true
0.120,feed,200,2.650,backend-1,true
0.118,feed,200,4.810,backend-2,true
0.118,feed,200,5.710,backend-1,true
0.117,message,201,6.560,backend-1,true
0.112,message,201,11.330,backend-1,true
0.117,message,201,6.800,backend-2,true
0.117,message,201,6.680,backend-2,true
0.112,message,201,11.140,backend-2,true
0.116,message,201,7.730,backend-1,true
0.116,message,201,7.730,backend-1,true
0.112,message,201,11.050,backend-1,true
0.117,message,201,6.340,backend-1,true
0.112,message,201,11.120,backend-1,true
0.117,message,201,6.800,backend-1,true
0.115,message,201,8.170,backend-1,true
0.113,message,201,10.530,backend-1,true
0.112,message,201,11.110,backend-1,true
0.116,message,201,7.220,backend-1,true
0.115,message,201,8.380,backend-1,true
0.117,message,201,6.410,backend-1,true
0.117,message,201,7.060,backend-1,true
0.113,message,201,11.090,backend-1,true
0.117,message,201,6.820,backend-2,true
0.117,message,201,6.770,backend-2,true
0.076,feed,200,47.850,backend-3,true
0.117,message,201,6.420,backend-2,true
0.117,message,201,7.130,backend-1,true
0.118,message,201,6.260,backend-2,true
0.116,message,201,8.060,backend-2,true
0.117,message,201,6.840,backend-2,true
0.112,message,201,11.520,backend-2,true
0.117,message,201,7.150,backend-1,true
0.117,message,201,7.110,backend-1,true
0.116,message,201,8.120,backend-2,true
0.117,message,201,7.200,backend-1,true
0.093,message,201,30.410,backend-2,true
0.120,message,201,4.170,backend-2,true
0.120,message,201,3.920,backend-2,true
0.112,message,201,11.700,backend-1,true
0.117,message,201,6.670,backend-2,true
0.113,message,201,11.090,backend-1,true
0.116,message,201,8.280,backend-2,true
0.117,message,201,7.090,backend-1,true
0.113,message,201,11.140,backend-1,true
0.118,message,201,5.790,backend-2,true
0.120,message,201,4.160,backend-2,true
0.120,message,201,4.150,backend-2,true
0.117,message,201,7.070,backend-1,true
0.119,message,201,5.510,backend-2,true
0.117,message,201,7.040,backend-1,true
0.117,message,201,7.050,backend-1,true
0.120,message,201,4.220,backend-2,true
0.116,message,201,8.580,backend-1,true
0.118,message,201,5.880,backend-2,true
0.120,message,201,4.160,backend-2,true
0.117,message,201,7.210,backend-1,true
0.117,message,201,7.220,backend-1,true
0.120,message,201,4.450,backend-2,true
0.120,message,201,4.350,backend-2,true
0.113,message,201,11.380,backend-1,true
0.120,message,201,4.480,backend-2,true
0.117,message,201,7.040,backend-1,true
0.117,message,201,7.030,backend-1,true
0.118,message,201,6.710,backend-2,true
0.118,message,201,6.710,backend-2,true
0.118,message,201,6.850,backend-2,true
0.117,message,201,7.170,backend-1,true
0.117,message,201,7.210,backend-1,true
0.117,message,201,7.210,backend-1,true
0.118,message,201,7.110,backend-1,true
0.118,message,201,6.890,backend-2,true
0.118,message,201,6.930,backend-2,true
0.115,message,201,9.370,backend-2,true
0.117,message,201,7.350,backend-1,true
0.120,message,201,4.860,backend-1,true
0.120,message,201,4.960,backend-1,true
0.115,message,201,9.530,backend-2,true
0.113,message,201,11.660,backend-2,true
0.116,message,201,9.080,backend-2,true
0.121,message,201,3.900,backend-1,true
0.121,message,201,3.910,backend-1,true
0.118,message,201,6.680,backend-2,true
0.122,message,201,3.410,backend-1,true
0.118,message,201,6.750,backend-2,true
0.122,message,201,3.230,backend-1,true
0.122,message,201,3.350,backend-1,true
0.122,message,201,2.660,backend-1,true
0.118,message,201,6.820,backend-2,true
0.115,message,201,9.720,backend-2,true
0.118,message,201,6.760,backend-2,true
0.123,message,201,2.550,backend-1,true
0.123,message,201,2.600,backend-1,true
0.119,message,201,6.570,backend-2,true
0.122,message,201,3.070,backend-1,true
0.119,message,201,6.560,backend-2,true
0.117,message,201,7.730,backend-1,true
0.118,message,201,6.940,backend-2,true
0.119,message,201,6.630,backend-2,true
0.119,message,201,6.570,backend-2,true
0.119,message,201,6.590,backend-2,true
0.119,message,201,6.720,backend-2,true
0.118,message,201,7.000,backend-2,true
0.118,message,201,7.060,backend-2,true
0.119,message,201,6.550,backend-2,true
0.118,feed,200,7.760,backend-1,true
0.118,feed,200,7.870,backend-1,true
0.118,feed,200,8.030,backend-1,true
0.118,feed,200,7.580,backend-1,true
0.120,feed,200,5.730,backend-2,true
0.120,feed,200,5.790,backend-2,true
0.120,feed,200,5.540,backend-2,true
0.120,feed,200,6.180,backend-2,true
0.120,feed,200,6.180,backend-2,true
0.119,feed,200,7.510,backend-1,true
0.119,feed,200,7.340,backend-1,true
0.119,feed,200,7.640,backend-1,true
0.119,feed,200,7.700,backend-1,true
0.120,feed,200,6.650,backend-2,true
0.117,feed,200,9.130,backend-3,true
0.119,feed,200,7.900,backend-1,true
0.120,feed,200,6.310,backend-2,true
0.120,feed,200,6.640,backend-1,true
0.120,feed,200,6.650,backend-1,true
0.120,feed,200,6.610,backend-2,true
0.124,feed,200,2.490,backend-2,true
0.120,feed,200,7.010,backend-1,true
0.117,feed,200,9.810,backend-3,true
0.120,feed,200,6.770,backend-1,true
0.124,feed,200,3.230,backend-2,true
0.120,feed,200,7.000,backend-1,true
0.124,feed,200,3.140,backend-2,true
0.116,message,201,11.740,backend-1,true
0.118,message,201,10.010,backend-1,true
0.118,message,201,9.750,backend-1,true
0.116,message,201,11.580,backend-1,true
0.118,message,201,9.770,backend-1,true
0.119,message,201,9.170,backend-1,true
0.116,message,201,11.890,backend-1,true
0.118,message,201,9.390,backend-1,true
0.119,message,201,9.210,backend-1,true
0.117,feed,200,10.510,backend-3,true
0.112,message,201,15.640,backend-1,true
0.118,message,201,9.460,backend-1,true
0.118,message,201,9.480,backend-1,true
0.118,message,201,9.460,backend-1,true
0.119,message,201,9.190,backend-1,true
0.118,message,201,9.570,backend-1,true
0.119,message,201,9.120,backend-1,true
0.119,message,201,9.260,backend-1,true
0.119,message,201,9.290,backend-1,true
0.118,message,201,9.670,backend-1,true
0.119,message,201,9.370,backend-1,true
0.119,message,201,9.360,backend-1,true
0.120,message,201,7.830,backend-2,true
0.118,message,201,9.920,backend-1,true
0.120,message,201,8.320,backend-2,true
0.119,message,201,9.590,backend-1,true
0.120,message,201,8.320,backend-2,true
0.120,message,201,8.210,backend-2,true
0.120,message,201,8.470,backend-2,true
0.120,message,201,8.270,backend-2,true
0.119,message,201,9.390,backend-1,true
0.120,message,201,8.410,backend-2,true
0.119,message,201,9.810,backend-1,true
0.119,message,201,9.710,backend-1,true
0.120,message,201,8.700,backend-2,true
0.119,message,201,9.480,backend-1,true
0.119,message,201,9.840,backend-1,true
0.120,message,201,8.280,backend-2,true
0.120,message,201,8.600,backend-2,true
0.119,message,201,9.530,backend-1,true
0.120,message,201,8.330,backend-2,true
0.120,message,201,8.140,backend-2,true
0.120,message,201,8.580,backend-2,true
0.120,message,201,8.570,backend-2,true
0.120,message,201,8.730,backend-2,true
0.119,message,201,10.070,backend-1,true
0.120,message,201,8.330,backend-2,true
0.119,message,201,9.880,backend-1,true
0.120,message,201,8.740,backend-2,true
0.120,message,201,8.590,backend-2,true
0.120,message,201,8.270,backend-2,true
0.120,message,201,8.630,backend-2,true
0.120,message,201,8.720,backend-2,true
0.119,message,201,9.920,backend-1,true
0.120,message,201,8.600,backend-2,true
0.119,message,201,9.820,backend-1,true
0.120,message,201,8.790,backend-2,true
0.119,message,201,9.680,backend-1,true
0.120,message,201,8.250,backend-1,true
0.120,message,201,8.530,backend-2,true
0.120,message,201,8.470,backend-2,true
0.120,message,201,8.490,backend-1,true
0.120,message,201,8.650,backend-1,true
0.122,message,201,7.320,backend-2,true
0.120,message,201,8.910,backend-1,true
0.125,feed,200,4.310,backend-1,true
0.124,message,201,4.950,backend-2,true
0.121,message,201,7.890,backend-2,true
0.121,message,201,7.780,backend-2,true
0.120,message,201,8.960,backend-1,true
0.120,message,201,8.860,backend-1,true
0.123,message,201,6.310,backend-1,true
0.121,message,201,8.220,backend-1,true
0.121,message,201,8.200,backend-1,true
0.121,message,201,7.780,backend-2,true
0.122,message,201,7.460,backend-2,true
0.122,message,201,7.570,backend-2,true
0.120,message,201,9.120,backend-2,true
0.124,message,201,5.140,backend-2,true
0.093,message,201,35.760,backend-2,true
0.123,message,201,6.360,backend-1,true
0.120,message,201,8.990,backend-2,true
0.120,message,201,8.860,backend-1,true
0.120,message,201,9.170,backend-1,true
0.123,message,201,6.370,backend-1,true
0.124,message,201,5.450,backend-2,true
0.125,message,201,4.510,backend-1,true
0.121,message,201,7.830,backend-2,true
0.121,message,201,8.220,backend-1,true
0.124,message,201,5.060,backend-2,true
0.123,message,201,6.730,backend-1,true
0.124,message,201,5.240,backend-2,true
0.124,message,201,5.110,backend-2,true
0.120,message,201,9.010,backend-2,true
0.122,message,201,7.590,backend-2,true
0.124,message,201,5.260,backend-2,true
0.122,message,201,7.460,backend-2,true
0.124,message,201,5.190,backend-2,true
0.124,message,201,5.420,backend-2,true
0.124,message,201,5.300,backend-2,true
0.122,message,201,7.480,backend-2,true
0.122,message,201,7.720,backend-2,true
0.123,feed,200,6.600,backend-1,true
0.124,feed,200,6.690,backend-1,true
0.125,feed,200,5.040,backend-2,true
0.121,feed,200,9.610,backend-2,true
0.124,feed,200,7.140,backend-1,true
0.124,feed,200,6.980,backend-1,true
0.124,feed,200,7.280,backend-2,true
0.124,feed,200,7.000,backend-1,true
0.124,feed,200,7.190,backend-2,true
0.124,feed,200,7.210,backend-2,true
0.124,feed,200,7.210,backend-1,true
0.092,feed,200,39.190,backend-3,true
0.125,message,201,6.770,backend-2,true
0.125,message,201,6.920,backend-2,true
0.124,feed,200,7.080,backend-1,true
0.125,message,201,6.940,backend-2,true
0.122,message,201,9.340,backend-2,true
0.124,feed,200,7.050,backend-1,true
0.125,message,201,6.900,backend-1,true
0.122,message,201,9.440,backend-2,true
0.125,message,201,6.830,backend-1,true
0.125,message,201,6.860,backend-1,true
0.125,message,201,7.070,backend-2,true
0.122,message,201,9.290,backend-2,true
0.122,message,201,9.400,backend-2,true
0.125,message,201,6.870,backend-1,true
0.125,message,201,6.750,backend-2,true
0.123,message,201,9.300,backend-2,true
0.125,message,201,6.830,backend-1,true
0.125,message,201,6.990,backend-1,true
0.125,message,201,7.060,backend-2,true
0.123,message,201,9.250,backend-2,true
0.124,message,201,8.150,backend-1,true
0.125,message,201,6.940,backend-1,true
0.125,message,201,6.990,backend-1,true
0.125,message,201,7.080,backend-2,true
0.125,message,201,7.250,backend-2,true
0.126,message,201,5.730,backend-2,true
0.094,feed,200,38.670,backend-3,true
0.125,message,201,7.250,backend-2,true
0.124,message,201,8.590,backend-1,true
0.127,message,201,5.370,backend-1,true
0.126,message,201,6.450,backend-2,true
0.123,message,201,8.780,backend-1,true
0.125,message,201,7.140,backend-1,true
0.126,message,201,5.830,backend-2,true
0.123,message,201,8.850,backend-1,true
0.125,message,201,7.300,backend-2,true
0.125,message,201,7.290,backend-1,true
0.123,message,201,9.610,backend-2,true
0.126,message,201,6.770,backend-1,true
0.127,message,201,5.800,backend-1,true
0.127,message,201,5.540,backend-2,true
0.123,message,201,9.180,backend-2,true
0.124,message,201,8.870,backend-1,true
0.124,message,201,8.900,backend-1,true
0.123,message,201,9.590,backend-1,true
0.128,message,201,4.030,backend-2,true
0.124,message,201,8.990,backend-2,true
0.127,message,201,5.970,backend-2,true
0.121,message,201,11.530,backend-2,true
0.124,message,201,9.080,backend-1,true
0.126,message,201,6.630,backend-2,true
0.127,message,201,6.040,backend-1,true
0.124,message,201,8.780,backend-1,true
0.124,message,201,9.090,backend-1,true
0.124,message,201,8.840,backend-1,true
0.125,message,201,7.490,backend-2,true
0.121,message,201,11.950,backend-2,true
0.123,message,201,9.620,backend-1,true
0.127,message,201,6.390,backend-1,true
0.124,message,201,9.550,backend-1,true
0.125,message,201,7.820,backend-2,true
0.126,message,201,7.520,backend-2,true
0.129,feed,200,4.720,backend-2,true
0.129,feed,200,4.840,backend-2,true
0.123,message,201,10.760,backend-1,true
0.126,message,201,7.620,backend-2,true
0.124,message,201,10.070,backend-1,true
0.124,message,201,10.150,backend-1,true
0.124,message,201,10.250,backend-1,true
0.126,message,201,7.710,backend-2,true
0.124,message,201,10.420,backend-2,true
0.126,message,201,8.010,backend-2,true
0.128,feed,200,6.060,backend-2,true
0.124,message,201,10.330,backend-2,true
0.128,feed,200,6.270,backend-2,true
0.129,message,201,5.660,backend-2,true
0.124,message,201,10.670,backend-1,true
0.128,feed,200,6.770,backend-2,true
0.122,message,201,12.120,backend-2,true
0.127,message,201,7.280,backend-1,true
0.124,message,201,9.930,backend-1,true
0.128,feed,200,6.060,backend-2,true
0.126,message,201,8.550,backend-2,true
0.125,feed,200,9.760,backend-1,true
0.124,message,201,10.160,backend-1,true
0.124,message,201,10.590,backend-2,true
0.125,message,201,9.900,backend-1,true
0.124,message,201,10.100,backend-2,true
0.124,message,201,10.430,backend-1,true
0.121,message,201,13.360,backend-2,true
0.124,message,201,10.160,backend-1,true
0.130,message,201,4.780,backend-2,true
0.124,message,201,10.930,backend-1,true
0.126,message,201,8.290,backend-2,true
0.093,message,201,41.090,backend-2,true
0.124,message,201,10.320,backend-1,true
0.129,feed,200,5.400,backend-2,true
0.133,feed,200,2.120,backend-2,true
0.125,message,201,10.620,backend-1,true
0.124,message,201,11.130,backend-1,true
0.128,message,201,7.050,backend-2,true
0.130,message,201,5.720,backend-2,true
0.094,message,201,41.890,backend-2,true
0.130,message,201,5.790,backend-2,true
0.133,feed,200,3.000,backend-1,true
0.129,message,201,6.850,backend-2,true
0.130,message,201,5.310,backend-2,true
0.130,message,201,5.910,backend-2,true
0.129,message,201,6.340,backend-2,true
0.127,message,201,8.260,backend-2,true
0.127,message,201,8.760,backend-2,true
0.130,message,201,5.940,backend-2,true
0.129,message,201,6.320,backend-2,true
0.129,message,201,6.290,backend-2,true
0.124,message,201,11.530,backend-1,true
0.121,message,201,14.560,backend-2,true
0.125,feed,200,10.970,backend-1,true
0.129,feed,200,6.440,backend-2,true
0.125,feed,200,10.410,backend-1,true
0.125,message,201,10.640,backend-2,true
0.129,message,201,6.990,backend-2,true
0.124,message,201,12.120,backend-1,true
0.128,message,201,8.050,backend-2,true
0.129,feed,200,7.060,backend-1,true
0.127,message,201,8.760,backend-2,true
0.124,message,201,12.050,backend-1,true
0.129,message,201,6.330,backend-2,true
0.127,message,201,8.610,backend-2,true
0.130,message,201,5.470,backend-2,true
0.127,message,201,8.320,backend-2,true
0.128,message,201,7.990,backend-2,true
0.129,message,201,6.580,backend-2,true
0.128,message,201,8.010,backend-2,true
0.131,message,201,5.120,backend-2,true
0.128,message,201,7.840,backend-2,true
0.126,feed,200,10.240,backend-1,true
0.129,message,201,6.560,backend-2,true
0.128,message,201,8.070,backend-2,true
0.128,message,201,8.140,backend-2,true
0.133,message,201,2.800,backend-2,true
0.128,message,201,8.120,backend-2,true
0.128,message,201,7.960,backend-2,true
0.131,message,201,4.950,backend-2,true
0.129,message,201,6.650,backend-2,true
0.129,message,201,6.620,backend-2,true
0.128,message,201,7.560,backend-2,true
0.128,message,201,7.820,backend-2,true
0.129,message,201,6.520,backend-2,true
0.125,feed,200,10.520,backend-1,true
0.129,message,201,6.590,backend-2,true
0.124,message,201,12.030,backend-1,true
0.125,feed,200,10.610,backend-1,true
0.127,message,201,8.630,backend-2,true
0.129,feed,200,6.670,backend-2,true
0.129,message,201,6.720,backend-2,true
0.129,message,201,6.740,backend-2,true
0.129,message,201,6.800,backend-2,true
0.126,message,201,9.620,backend-2,true
0.123,message,201,12.870,backend-2,true
0.128,message,201,7.680,backend-2,true
0.132,message,201,3.710,backend-2,true
0.126,message,201,10.420,backend-1,true
0.124,message,201,12.070,backend-1,true
0.124,message,201,12.270,backend-1,true
0.126,message,201,9.730,backend-2,true
0.133,feed,200,3.350,backend-1,true
0.132,message,201,4.490,backend-2,true
0.133,message,201,3.900,backend-2,true
0.133,message,201,3.290,backend-2,true
0.134,message,201,3.050,backend-2,true
0.132,message,201,4.320,backend-2,true
0.133,message,201,3.240,backend-2,true
0.133,feed,200,3.950,backend-1,true
0.134,feed,200,2.810,backend-1,true
0.125,message,201,12.260,backend-1,true
0.125,message,201,12.260,backend-1,true
0.125,message,201,12.180,backend-1,true
0.125,message,201,11.820,backend-1,true
0.125,message,201,11.790,backend-1,true
0.125,message,201,11.940,backend-1,true
0.128,message,201,8.730,backend-1,true
0.125,message,201,11.870,backend-1,true
0.125,message,201,12.000,backend-1,true
0.129,message,201,8.700,backend-1,true
0.125,message,201,11.810,backend-1,true
0.129,message,201,8.730,backend-1,true
0.132,message,201,5.460,backend-1,true
0.132,message,201,5.850,backend-1,true
0.132,message,201,5.760,backend-1,true
0.132,message,201,5.560,backend-1,true
0.132,feed,200,5.550,backend-2,true
0.132,message,201,5.040,backend-1,true
0.132,message,201,5.800,backend-1,true
0.132,message,201,5.910,backend-1,true
0.132,message,201,5.440,backend-1,true
0.129,message,201,8.210,backend-1,true
0.132,message,201,5.750,backend-1,true
0.132,message,201,5.120,backend-1,true
0.132,message,201,5.840,backend-1,true
0.133,message,201,4.970,backend-1,true
0.132,message,201,5.150,backend-1,true
0.130,message,201,7.670,backend-1,true
0.133,message,201,5.230,backend-1,true
0.131,message,201,6.690,backend-1,true
0.132,message,201,5.320,backend-1,true
0.132,message,201,5.630,backend-1,true
0.132,message,201,5.540,backend-1,true
0.132,feed,200,5.480,backend-2,true
0.133,message,201,5.240,backend-1,true
0.132,feed,200,6.020,backend-2,true
0.132,message,201,5.710,backend-1,true
0.132,message,201,6.270,backend-1,true
0.133,feed,200,5.500,backend-2,true
0.133,feed,200,5.030,backend-2,true
0.133,message,201,5.580,backend-1,true
0.131,message,201,7.550,backend-1,true
0.132,message,201,6.150,backend-1,true
0.131,message,201,7.530,backend-1,true
0.131,message,201,7.120,backend-1,true
0.131,message,201,7.410,backend-1,true
0.133,message,201,5.170,backend-1,true
0.131,message,201,7.120,backend-1,true
0.131,message,201,7.110,backend-1,true
0.128,message,201,11.080,backend-1,true
0.136,feed,200,3.080,backend-2,true
0.134,message,201,4.800,backend-1,true
0.128,message,201,10.890,backend-1,true
0.128,message,201,10.700,backend-1,true
0.128,message,201,11.180,backend-1,true
0.128,feed,200,10.710,backend-1,true
0.133,message,201,5.710,backend-1,true
0.128,feed,200,10.720,backend-1,true
0.128,feed,200,10.700,backend-1,true
0.134,feed,200,4.680,backend-2,true
0.134,feed,200,4.800,backend-2,true
0.128,feed,200,10.890,backend-1,true
0.134,feed,200,4.820,backend-2,true
0.136,feed,200,3.930,backend-2,true
0.134,message,201,5.880,backend-2,true
0.128,feed,200,11.010,backend-1,true
0.134,message,201,5.800,backend-2,true
0.129,feed,200,10.950,backend-1,true
0.129,feed,200,11.000,backend-1,true
0.131,message,201,8.550,backend-2,true
0.129,feed,200,11.130,backend-1,true
0.129,feed,200,11.140,backend-1,true
0.131,message,201,8.310,backend-2,true
0.131,message,201,8.350,backend-2,true
0.129,feed,200,11.230,backend-1,true
0.132,message,201,8.330,backend-2,true
0.132,message,201,8.150,backend-2,true
0.082,message,201,58.010,backend-3,true
0.132,message,201,8.240,backend-2,true
0.132,message,201,7.790,backend-2,true
0.132,message,201,8.490,backend-2,true
0.132,message,201,8.030,backend-2,true
0.076,message,201,64.160,backend-3,true
0.132,message,201,8.110,backend-2,true
0.132,message,201,8.390,backend-2,true
0.132,message,201,8.370,backend-2,true
0.132,message,201,8.120,backend-2,true
0.132,message,201,8.430,backend-2,true
0.132,message,201,8.070,backend-2,true
0.075,message,201,64.940,backend-3,true
0.132,message,201,8.130,backend-2,true
0.132,message,201,8.090,backend-2,true
0.133,message,201,7.920,backend-2,true
0.132,message,201,8.240,backend-2,true
0.133,message,201,7.840,backend-2,true
0.078,message,201,62.620,backend-3,true
0.135,message,201,6.280,backend-2,true
0.094,message,201,47.150,backend-2,true
0.076,message,201,65.070,backend-3,true
0.135,message,201,6.370,backend-2,true
0.134,message,201,6.810,backend-2,true
0.135,message,201,6.380,backend-2,true
0.134,message,201,6.760,backend-2,true
0.115,message,201,25.490,backend-3,true
0.138,feed,200,3.300,backend-1,true
0.134,message,201,6.700,backend-2,true
0.135,message,201,6.390,backend-2,true
0.134,message,201,6.630,backend-2,true
0.136,message,201,5.250,backend-2,true
0.078,message,201,63.050,backend-3,true
0.096,message,201,45.180,backend-3,true
0.134,message,201,6.670,backend-2,true
0.078,message,201,63.220,backend-3,true
0.134,message,201,7.110,backend-2,true
0.136,message,201,5.510,backend-2,true
0.137,message,201,4.400,backend-2,true
0.136,message,201,5.240,backend-2,true
0.083,message,201,57.950,backend-3,true
0.092,message,201,49.280,backend-3,true
0.136,message,201,5.380,backend-2,true
0.133,message,201,8.460,backend-2,true
0.091,message,201,50.260,backend-3,true
0.094,message,201,46.760,backend-3,true
0.134,message,201,6.900,backend-2,true
0.138,message,201,3.460,backend-2,true
0.094,message,201,47.610,backend-3,true
0.136,message,201,5.500,backend-2,true
0.136,message,201,5.540,backend-2,true
0.137,message,201,3.900,backend-2,true
0.133,message,201,8.670,backend-2,true
0.134,message,201,6.810,backend-2,true
0.136,message,201,5.530,backend-2,true
0.133,message,201,7.740,backend-2,true
0.096,message,201,45.680,backend-3,true
0.116,message,201,25.280,backend-3,true
0.078,message,201,63.540,backend-3,true
0.137,feed,200,4.000,backend-1,true
0.136,message,201,5.650,backend-2,true
0.138,feed,200,3.510,backend-1,true
0.136,feed,200,5.690,backend-2,true
0.128,message,201,13.560,backend-1,true
0.128,message,201,13.510,backend-1,true
0.128,message,201,13.380,backend-1,true
0.128,message,201,13.500,backend-1,true
0.129,message,201,13.030,backend-1,true
0.129,message,201,12.960,backend-1,true
0.136,feed,200,5.530,backend-2,true
0.138,message,201,3.560,backend-2,true
0.129,message,201,13.230,backend-1,true
0.136,feed,200,6.100,backend-2,true
0.129,message,201,13.310,backend-1,true
0.136,feed,200,6.110,backend-2,true
0.129,message,201,13.280,backend-1,true
0.129,message,201,13.360,backend-1,true
0.129,message,201,13.470,backend-1,true
0.129,message,201,13.480,backend-1,true
0.129,message,201,13.500,backend-1,true
0.129,message,201,12.780,backend-1,true
0.129,message,201,13.540,backend-1,true
0.129,message,201,13.460,backend-1,true
0.129,message,201,12.810,backend-1,true
0.129,message,201,12.890,backend-1,true
0.135,feed,200,6.700,backend-2,true
0.129,message,201,13.590,backend-1,true
0.137,feed,200,5.090,backend-2,true
0.129,message,201,13.030,backend-1,true
0.129,message,201,13.260,backend-1,true
0.134,message,201,8.120,backend-1,true
0.136,message,201,6.850,backend-1,true
0.132,message,201,11.010,backend-1,true
0.131,message,201,11.050,backend-1,true
0.130,message,201,12.790,backend-1,true
0.137,feed,200,5.350,backend-2,true
0.129,message,201,13.340,backend-1,true
0.129,message,201,13.290,backend-1,true
0.129,message,201,13.340,backend-1,true
0.129,message,201,13.250,backend-1,true
0.129,message,201,13.330,backend-1,true
0.130,message,201,12.880,backend-1,true
0.129,message,201,13.420,backend-1,true
0.138,message,201,4.830,backend-1,true
0.129,message,201,13.470,backend-1,true
0.129,message,201,13.330,backend-1,true
0.129,message,201,13.470,backend-1,true
0.129,message,201,13.490,backend-1,true
0.138,message,201,4.870,backend-1,true
0.137,feed,200,5.500,backend-2,true
0.138,message,201,5.410,backend-1,true
0.138,message,201,4.910,backend-1,true
0.136,message,201,7.120,backend-2,true
0.136,message,201,7.500,backend-2,true
0.137,message,201,5.590,backend-1,true
0.136,message,201,7.530,backend-2,true
0.138,message,201,5.590,backend-1,true
0.137,message,201,5.630,backend-1,true
0.134,message,201,8.600,backend-2,true
0.138,message,201,5.320,backend-1,true
0.138,message,201,5.610,backend-1,true
0.138,message,201,5.020,backend-1,true
0.134,message,201,8.640,backend-2,true
0.136,message,201,7.570,backend-2,true
0.136,message,201,7.310,backend-1,true
0.138,message,201,4.980,backend-1,true
0.138,message,201,5.080,backend-1,true
0.136,message,201,7.240,backend-2,true
0.136,message,201,7.160,backend-2,true
0.136,message,201,7.450,backend-2,true
0.136,message,201,7.560,backend-2,true
0.136,message,201,7.390,backend-2,true
0.135,message,201,8.230,backend-2,true
0.136,message,201,7.560,backend-2,true
0.136,message,201,7.440,backend-2,true
0.136,message,201,7.860,backend-2,true
0.136,message,201,7.370,backend-2,true
0.136,message,201,7.840,backend-2,true
0.136,message,201,7.500,backend-2,true
0.136,message,201,8.010,backend-2,true
0.136,message,201,7.890,backend-2,true
0.136,message,201,7.840,backend-2,true
0.136,message,201,7.930,backend-2,true
0.136,message,201,8.170,backend-2,true
0.136,message,201,7.600,backend-2,true
0.137,feed,200,7.120,backend-1,true
0.136,message,201,7.980,backend-2,true
0.136,message,201,8.000,backend-2,true
0.140,feed,200,3.740,backend-1,true
0.137,message,201,7.250,backend-2,true
0.137,message,201,7.250,backend-2,true
0.136,message,201,8.080,backend-2,true
0.137,message,201,7.260,backend-2,true
0.118,message,201,26.600,backend-3,true
0.140,feed,200,4.720,backend-1,true
0.136,feed,200,8.680,backend-1,true
0.137,message,201,7.960,backend-2,true
0.117,message,201,27.080,backend-3,true
0.137,message,201,7.260,backend-2,true
0.137,message,201,7.760,backend-2,true
0.137,message,201,7.620,backend-2,true
0.137,message,201,7.410,backend-2,true
0.118,message,201,26.290,backend-3,true
0.136,feed,200,8.680,backend-1,true
0.137,message,201,7.310,backend-2,true
0.137,message,201,7.340,backend-2,true
0.138,message,201,7.290,backend-2,true
0.138,message,201,7.230,backend-2,true
0.137,message,201,7.380,backend-2,true
0.137,message,201,7.840,backend-2,true
0.138,message,201,7.360,backend-2,true
0.137,message,201,7.400,backend-2,true
0.135,feed,200,10.370,backend-1,true
0.138,message,201,7.130,backend-2,true
0.137,message,201,7.680,backend-2,true
0.136,feed,200,9.060,backend-1,true
0.138,message,201,7.150,backend-2,true
0.138,message,201,7.430,backend-2,true
0.138,message,201,7.130,backend-2,true
0.141,message,201,3.780,backend-2,true
0.094,message,201,51.470,backend-2,true
0.135,feed,200,10.450,backend-1,true
0.135,feed,200,10.020,backend-1,true
0.141,feed,200,4.180,backend-2,true
0.117,message,201,28.200,backend-3,true
0.140,feed,200,4.920,backend-2,true
0.141,feed,200,4.230,backend-2,true
0.137,feed,200,8.660,backend-1,true
0.117,message,201,28.410,backend-3,true
0.141,feed,200,4.460,backend-2,true
0.143,feed,200,3.160,backend-1,true
0.141,feed,200,4.840,backend-2,true
0.140,feed,200,5.410,backend-1,true
0.113,message,201,32.860,backend-3,true
0.143,feed,200,2.790,backend-1,true
0.138,message,201,7.640,backend-1,true
0.140,message,201,6.080,backend-1,true
0.138,message,201,7.740,backend-1,true
0.136,message,201,10.580,backend-1,true
0.139,message,201,7.450,backend-1,true
0.142,feed,200,4.180,backend-2,true
0.113,message,201,33.590,backend-3,true
0.112,message,201,33.730,backend-3,true
0.139,message,201,7.580,backend-1,true
0.142,feed,200,4.100,backend-2,true
0.140,message,201,6.860,backend-1,true
0.139,feed,200,7.790,backend-2,true
0.139,feed,200,7.840,backend-2,true
0.139,message,201,7.570,backend-1,true
0.140,message,201,6.930,backend-1,true
0.117,message,201,29.610,backend-3,true
0.139,message,201,7.650,backend-1,true
0.139,feed,200,7.880,backend-2,true
0.134,message,201,12.150,backend-1,true
0.139,message,201,7.410,backend-1,true
0.140,message,201,6.820,backend-1,true
0.140,message,201,6.670,backend-1,true
0.140,message,201,6.680,backend-1,true
0.134,message,201,12.160,backend-1,true
0.134,message,201,12.260,backend-1,true
0.134,message,201,12.150,backend-1,true
0.140,message,201,6.800,backend-1,true
0.136,message,201,10.980,backend-1,true
0.136,message,201,10.880,backend-1,true
0.135,message,201,12.020,backend-1,true
0.136,message,201,11.000,backend-1,true
0.136,message,201,10.960,backend-1,true
0.134,message,201,12.190,backend-1,true
0.136,message,201,11.030,backend-1,true
0.136,message,201,10.750,backend-1,true
0.092,message,201,54.590,backend-3,true
0.136,message,201,11.120,backend-1,true
0.136,message,201,10.840,backend-1,true
0.092,message,201,54.620,backend-3,true
0.136,message,201,10.920,backend-1,true
0.136,message,201,10.980,backend-1,true
0.136,message,201,11.020,backend-1,true
0.136,message,201,11.340,backend-1,true
0.136,message,201,10.920,backend-1,true
0.136,message,201,11.000,backend-1,true
0.136,message,201,10.930,backend-1,true
0.141,feed,200,6.150,backend-2,true
0.136,message,201,11.550,backend-1,true
0.136,message,201,11.440,backend-1,true
0.143,message,201,4.480,backend-1,true
0.137,message,201,10.110,backend-1,true
0.143,message,201,4.520,backend-1,true
0.137,message,201,10.220,backend-1,true
0.140,message,201,6.800,backend-1,true
0.143,message,201,4.610,backend-1,true
0.136,message,201,11.060,backend-1,true
0.136,message,201,11.330,backend-1,true
0.136,message,201,11.650,backend-1,true
0.141,feed,200,5.920,backend-2,true
0.143,message,201,4.610,backend-1,true
0.140,message,201,6.770,backend-1,true
0.143,message,201,4.100,backend-1,true
0.141,message,201,6.320,backend-2,true
0.143,feed,200,4.910,backend-1,true
0.092,message,201,55.360,backend-3,true
0.141,message,201,6.310,backend-2,true
0.143,feed,200,4.930,backend-1,true
0.092,message,201,55.290,backend-3,true
0.140,message,201,7.140,backend-2,true
0.141,message,201,6.410,backend-2,true
0.138,message,201,9.060,backend-2,true
0.141,message,201,6.250,backend-2,true
0.141,message,201,6.220,backend-2,true
0.141,message,201,6.500,backend-2,true
0.141,message,201,6.590,backend-2,true
0.139,message,201,8.820,backend-2,true
0.141,message,201,6.780,backend-2,true
0.140,message,201,7.230,backend-2,true
0.141,message,201,6.780,backend-2,true
0.139,message,201,8.520,backend-2,true
0.141,message,201,6.830,backend-2,true
0.141,message,201,6.870,backend-2,true
0.141,message,201,6.830,backend-2,true
0.141,message,201,6.940,backend-2,true
0.139,message,201,8.570,backend-2,true
0.140,message,201,7.350,backend-2,true
0.141,message,201,6.880,backend-2,true
0.139,message,201,8.740,backend-2,true
0.141,message,201,6.980,backend-2,true
0.145,feed,200,3.170,backend-1,true
0.145,feed,200,3.500,backend-1,true
0.142,message,201,5.820,backend-2,true
0.142,message,201,6.130,backend-2,true
0.138,message,201,9.930,backend-2,true
0.142,message,201,6.200,backend-2,true
0.140,message,201,8.580,backend-2,true
0.139,message,201,9.450,backend-2,true
0.139,message,201,9.570,backend-2,true
0.141,message,201,7.230,backend-2,true
0.138,message,201,9.670,backend-2,true
0.141,message,201,6.910,backend-2,true
0.142,message,201,5.830,backend-2,true
0.139,message,201,9.610,backend-2,true
0.138,message,201,9.880,backend-2,true
0.140,message,201,8.380,backend-2,true
0.140,message,201,8.510,backend-2,true
0.140,message,201,8.590,backend-2,true
0.140,message,201,8.370,backend-2,true
0.140,message,201,8.380,backend-2,true
0.140,message,201,8.200,backend-2,true
0.140,message,201,8.010,backend-2,true
0.140,message,201,7.990,backend-2,true
0.141,message,201,7.100,backend-2,true
0.141,message,201,7.350,backend-2,true
0.141,message,201,7.380,backend-2,true
0.141,message,201,7.400,backend-2,true
0.141,message,201,7.440,backend-2,true
0.142,message,201,6.860,backend-2,true
0.142,feed,200,6.960,backend-2,true
0.142,feed,200,6.980,backend-2,true
0.093,message,201,56.050,backend-3,true
0.093,message,201,56.210,backend-3,true
0.093,message,201,55.330,backend-3,true
0.140,feed,200,8.480,backend-1,true
0.140,feed,200,8.410,backend-1,true
0.142,feed,200,7.260,backend-2,true
0.094,message,201,55.390,backend-3,true
0.094,message,201,55.480,backend-3,true
0.093,message,201,55.570,backend-3,true
0.142,feed,200,6.930,backend-1,true
0.142,feed,200,7.140,backend-1,true
0.094,message,201,55.620,backend-3,true
0.095,message,201,54.770,backend-3,true
0.143,feed,200,6.200,backend-1,true
0.143,feed,200,6.370,backend-1,true
0.147,feed,200,2.640,backend-2,true
0.148,feed,200,1.690,backend-2,true
0.147,feed,200,2.990,backend-2,true
0.143,feed,200,6.250,backend-1,true
0.146,feed,200,3.230,backend-2,true
0.147,feed,200,2.900,backend-2,true
0.148,feed,200,1.550,backend-2,true
0.148,feed,200,1.540,backend-2,true
0.147,feed,200,2.570,backend-2,true
0.147,feed,200,2.720,backend-2,true
0.143,feed,200,7.160,backend-2,true
0.141,feed,200,8.770,backend-3,true
0.143,message,201,6.790,backend-1,true
0.143,message,201,7.300,backend-1,true
0.143,message,201,7.410,backend-1,true
0.143,message,201,6.570,backend-1,true
0.143,message,201,7.400,backend-1,true
0.143,message,201,7.570,backend-1,true
0.144,message,201,5.850,backend-1,true
0.144,message,201,6.390,backend-1,true
0.143,feed,200,6.970,backend-2,true
0.144,message,201,5.750,backend-1,true
0.143,message,201,6.950,backend-1,true
0.143,feed,200,6.740,backend-2,true
0.141,feed,200,9.190,backend-3,true
0.145,message,201,5.310,backend-1,true
0.142,feed,200,8.560,backend-3,true
0.140,message,201,9.830,backend-1,true
0.140,message,201,9.900,backend-1,true
0.140,message,201,10.010,backend-1,true
0.140,message,201,9.990,backend-1,true
0.145,message,201,5.450,backend-1,true
0.145,message,201,5.760,backend-1,true
0.140,message,201,9.820,backend-1,true
0.140,message,201,9.880,backend-1,true
0.141,message,201,9.330,backend-1,true
0.141,message,201,9.370,backend-1,true
0.141,message,201,9.530,backend-1,true
0.141,message,201,9.370,backend-1,true
0.141,message,201,9.300,backend-1,true
0.141,message,201,9.330,backend-1,true
0.141,message,201,9.420,backend-1,true
0.141,message,201,9.450,backend-1,true
0.141,message,201,9.600,backend-1,true
0.145,feed,200,5.900,backend-2,true
0.141,message,201,9.320,backend-1,true
0.094,feed,200,57.040,backend-2,true
0.145,feed,200,5.800,backend-2,true
0.150,feed,200,0.360,backend-2,true
0.150,feed,200,0.400,backend-2,true
0.142,message,201,8.870,backend-1,true
0.142,message,201,8.780,backend-1,true
0.150,feed,200,0.280,backend-2,true
0.150,feed,200,0.700,backend-2,true
0.150,feed,200,0.330,backend-2,true
0.142,message,201,8.760,backend-1,true
0.142,message,201,8.670,backend-1,true
0.142,message,201,8.810,backend-1,true
0.142,message,201,8.960,backend-1,true
0.150,feed,200,0.420,backend-2,true
0.143,message,201,7.810,backend-1,true
0.142,message,201,8.870,backend-1,true
0.142,message,201,8.840,backend-1,true
0.143,message,201,7.810,backend-1,true
0.143,message,201,7.840,backend-1,true
0.143,message,201,8.300,backend-1,true
0.143,message,201,7.660,backend-1,true
0.143,message,201,7.660,backend-1,true
0.143,message,201,7.700,backend-1,true
0.143,message,201,8.000,backend-1,true
0.145,feed,200,6.260,backend-3,true
0.151,feed,200,0.250,backend-2,true
0.143,message,201,7.990,backend-1,true
0.143,message,201,7.970,backend-1,true
0.144,message,201,7.550,backend-1,true
0.143,message,201,8.010,backend-1,true
0.144,message,201,7.590,backend-1,true
0.151,feed,200,0.330,backend-2,true
0.144,feed,200,7.600,backend-1,true
0.144,feed,200,7.530,backend-1,true
0.151,feed,200,0.260,backend-2,true
0.151,feed,200,0.350,backend-2,true
0.147,feed,200,4.990,backend-3,true
0.146,feed,200,5.200,backend-3,true
0.148,feed,200,3.440,backend-1,true
0.148,feed,200,3.440,backend-1,true
0.147,feed,200,4.640,backend-1,true
0.147,feed,200,4.620,backend-1,true
0.129,feed,200,23.020,backend-3,true
0.113,feed,200,39.010,backend-2,true
0.142,message,201,10.260,backend-2,true
0.142,message,201,10.250,backend-2,true
0.148,feed,200,4.130,backend-1,true
0.148,feed,200,4.130,backend-1,true
0.148,feed,200,3.840,backend-1,true
0.142,message,201,10.320,backend-2,true
0.142,message,201,9.760,backend-2,true
0.093,message,201,58.590,backend-2,true
0.149,feed,200,3.270,backend-1,true
0.129,feed,200,23.400,backend-3,true
0.146,message,201,6.430,backend-2,true
0.145,message,201,6.640,backend-2,true
0.145,message,201,6.600,backend-2,true
0.151,feed,200,1.110,backend-1,true
0.145,message,201,6.800,backend-2,true
0.146,message,201,6.560,backend-2,true
0.147,feed,200,5.470,backend-1,true
0.146,message,201,6.380,backend-2,true
0.151,feed,200,1.150,backend-1,true
0.151,feed,200,1.230,backend-1,true
0.149,message,201,3.570,backend-2,true
0.143,message,201,9.690,backend-2,true
0.148,message,201,4.270,backend-2,true
0.143,message,201,9.820,backend-2,true
0.143,message,201,9.670,backend-2,true
0.143,message,201,9.840,backend-2,true
0.143,message,201,9.780,backend-2,true
0.152,feed,200,0.430,backend-1,true
0.143,message,201,9.720,backend-2,true
0.143,message,201,9.030,backend-2,true
0.143,message,201,9.350,backend-2,true
0.143,message,201,9.340,backend-2,true
0.143,message,201,9.850,backend-2,true
0.152,feed,200,0.390,backend-1,true
0.144,message,201,9.000,backend-2,true
0.144,message,201,8.860,backend-2,true
0.144,message,201,8.870,backend-2,true
0.144,message,201,8.860,backend-2,true
0.144,message,201,8.470,backend-2,true
0.145,message,201,8.040,backend-2,true
0.145,feed,200,7.750,backend-1,true
0.145,message,201,7.970,backend-2,true
0.145,feed,200,7.640,backend-1,true
0.146,message,201,6.930,backend-2,true
0.094,message,201,58.730,backend-2,true
0.152,feed,200,0.210,backend-1,true
0.145,feed,200,7.710,backend-1,true
0.094,message,201,58.760,backend-2,true
0.094,message,201,58.750,backend-2,true
0.151,message,201,2.090,backend-2,true
0.094,message,201,58.500,backend-2,true
0.094,message,201,58.750,backend-2,true
0.095,message,201,58.350,backend-2,true
0.094,message,201,58.550,backend-2,true
0.151,message,201,1.810,backend-2,true
0.094,message,201,58.540,backend-2,true
0.106,message,201,47.110,backend-2,true
0.150,feed,200,2.660,backend-3,true
0.106,message,201,47.230,backend-2,true
0.106,message,201,47.220,backend-2,true
0.094,message,201,58.610,backend-2,true
0.106,message,201,47.290,backend-2,true
0.106,message,201,46.840,backend-2,true
0.113,message,201,40.120,backend-2,true
0.113,message,201,40.220,backend-2,true
0.106,message,201,47.370,backend-2,true
0.153,feed,200,0.360,backend-1,true
0.153,feed,200,0.230,backend-1,true
0.153,feed,200,0.660,backend-2,true
0.152,feed,200,1.030,backend-3,true
0.153,feed,200,0.580,backend-3,true
0.153,feed,200,0.770,backend-3,true
0.143,feed,200,10.730,backend-2,true
0.143,feed,200,10.390,backend-2,true
0.153,feed,200,0.570,backend-3,true
0.142,message,201,13.060,backend-3,true
0.141,message,201,13.820,backend-3,true
0.141,message,201,13.730,backend-3,true
0.145,message,201,9.990,backend-3,true
0.155,feed,200,0.140,backend-1,true
0.145,message,201,10.130,backend-3,true
0.128,message,201,26.610,backend-3,true
0.144,message,201,11.530,backend-1,true
0.144,message,201,11.420,backend-1,true
0.145,message,201,9.800,backend-3,true
0.128,message,201,26.620,backend-3,true
0.144,message,201,11.430,backend-1,true
0.144,message,201,11.430,backend-1,true
0.144,message,201,11.420,backend-1,true
0.144,message,201,11.350,backend-1,true
0.144,message,201,11.340,backend-1,true
0.145,message,201,10.670,backend-1,true
0.145,message,201,10.370,backend-1,true
0.145,message,201,10.670,backend-1,true
0.145,message,201,10.300,backend-1,true
0.144,message,201,11.400,backend-1,true
0.145,message,201,10.360,backend-1,true
0.145,message,201,10.620,backend-1,true
0.136,message,201,19.550,backend-1,true
0.146,message,201,9.740,backend-1,true
0.145,message,201,10.420,backend-1,true
0.145,message,201,10.520,backend-1,true
0.136,message,201,19.680,backend-1,true
0.137,message,201,18.810,backend-1,true
0.148,message,201,7.280,backend-1,true
0.152,message,201,3.380,backend-1,true
0.147,message,201,8.370,backend-1,true
0.145,message,201,10.580,backend-1,true
0.145,message,201,10.330,backend-1,true
0.137,message,201,18.920,backend-1,true
0.145,message,201,10.570,backend-1,true
0.155,feed,200,0.690,backend-1,true
0.155,feed,200,0.370,backend-1,true
0.155,feed,200,0.530,backend-1,true
0.155,feed,200,0.390,backend-1,true
0.128,message,201,28.010,backend-3,true
0.129,message,201,27.070,backend-3,true
0.156,feed,200,0.250,backend-1,true
0.155,feed,200,0.400,backend-1,true
0.129,message,201,27.180,backend-3,true
0.141,message,201,14.940,backend-3,true
0.153,message,201,3.010,backend-3,true
0.153,message,201,2.980,backend-3,true
0.145,message,201,11.060,backend-3,true
0.156,feed,200,0.370,backend-1,true
0.156,feed,200,0.130,backend-1,true
0.155,feed,200,1.350,backend-3,true
0.155,feed,200,1.250,backend-3,true
0.155,feed,200,1.200,backend-3,true
0.155,feed,200,1.250,backend-3,true
0.155,feed,200,1.130,backend-3,true
0.155,feed,200,1.140,backend-3,true
0.156,feed,200,0.940,backend-3,true
0.109,message,201,48.630,backend-2,true
0.113,message,201,44.910,backend-2,true
0.113,message,201,45.450,backend-2,true
0.139,message,201,19.390,backend-2,true
0.139,message,201,19.080,backend-2,true
0.110,message,201,47.910,backend-2,true
0.143,message,201,15.200,backend-2,true
0.143,message,201,15.280,backend-2,true
0.158,feed,200,0.320,backend-1,true
0.158,feed,200,0.130,backend-1,true
0.158,feed,200,0.170,backend-3,true
0.156,message,201,3.760,backend-1,true
0.155,message,201,4.410,backend-1,true
0.155,message,201,6.070,backend-3,true
0.158,message,201,2.810,backend-3,true
