t_s,route,status,latency_ms,backend,ok
0.001,message,201,25.910,backend-1,true
0.001,message,201,25.560,backend-2,true
0.002,message,201,25.360,backend-1,true
0.001,message,201,26.140,backend-3,true
0.001,message,201,26.150,backend-2,true
0.001,message,201,26.320,backend-1,true
0.001,message,201,26.390,backend-1,true
0.001,message,201,25.720,backend-2,true
0.001,message,201,25.920,backend-1,true
0.001,message,201,25.830,backend-2,true
0.001,message,201,25.720,backend-2,true
0.001,message,201,26.170,backend-2,true
0.001,message,201,25.960,backend-1,true
0.001,message,201,26.150,backend-2,true
0.002,message,201,25.530,backend-2,true
0.001,message,201,26.350,backend-3,true
0.002,message,201,25.480,backend-1,true
0.001,message,201,26.090,backend-3,true
0.001,message,201,26.290,backend-3,true
0.001,message,201,26.390,backend-3,true
0.000,message,201,26.790,backend-1,true
0.001,message,201,25.770,backend-1,true
0.000,message,201,26.950,backend-2,true
0.001,message,201,26.250,backend-3,true
0.000,message,201,26.760,backend-1,true
0.001,message,201,26.350,backend-3,true
0.001,message,201,26.610,backend-3,true
0.001,message,201,26.380,backend-2,true
0.001,message,201,26.120,backend-3,true
0.001,message,201,26.610,backend-2,true
0.000,message,201,26.990,backend-1,true
0.001,message,201,26.710,backend-1,true
0.001,message,201,26.200,backend-3,true
0.001,message,201,26.760,backend-3,true
0.001,message,201,26.260,backend-1,true
0.001,message,201,26.490,backend-1,true
0.004,message,201,24.550,backend-1,true
0.004,message,201,24.510,backend-3,true
0.004,message,201,24.580,backend-3,true
0.004,message,201,24.650,backend-3,true
0.004,message,201,24.540,backend-3,true
0.004,message,201,24.770,backend-3,true
0.002,message,201,27.020,backend-2,true
0.001,message,201,27.940,backend-3,true
0.004,message,201,24.670,backend-1,true
0.005,message,201,24.080,backend-3,true
0.004,message,201,24.530,backend-3,true
0.005,message,201,24.080,backend-3,true
0.001,message,201,27.250,backend-3,true
0.004,message,201,24.530,backend-3,true
0.005,message,201,24.200,backend-3,true
0.004,message,201,25.020,backend-1,true
0.001,message,201,28.180,backend-3,true
0.003,message,201,26.100,backend-3,true
0.002,message,201,27.210,backend-3,true
0.002,message,201,26.990,backend-2,true
0.002,message,201,27.340,backend-2,true
0.002,message,201,26.960,backend-2,true
0.002,message,201,26.720,backend-3,true
0.004,message,201,25.080,backend-3,true
0.004,message,201,24.930,backend-3,true
0.004,message,201,25.150,backend-3,true
0.004,message,201,24.960,backend-3,true
0.004,message,201,25.230,backend-1,true
0.001,message,201,27.730,backend-3,true
0.002,message,201,27.080,backend-1,true
0.002,message,201,27.430,backend-1,true
0.004,message,201,25.470,backend-1,true
0.004,message,201,25.190,backend-1,true
0.001,message,201,27.970,backend-3,true
0.001,message,201,28.000,backend-3,true
0.001,message,201,27.820,backend-3,true
0.001,message,201,28.050,backend-3,true
0.001,message,201,27.900,backend-3,true
0.002,message,201,27.600,backend-1,true
0.001,message,201,28.070,backend-3,true
0.001,message,201,28.430,backend-3,true
0.001,message,201,29.430,backend-3,true
0.001,message,201,29.020,backend-3,true
0.001,message,201,29.020,backend-3,true
0.001,message,201,28.960,backend-3,true
0.002,message,201,28.920,backend-3,true
0.001,message,201,29.240,backend-3,true
0.001,message,201,29.230,backend-3,true
0.001,message,201,29.080,backend-3,true
0.001,message,201,29.310,backend-3,true
0.001,message,201,29.090,backend-3,true
0.002,message,201,29.050,backend-3,true
0.002,message,201,29.020,backend-3,true
0.001,message,201,29.300,backend-3,true
0.002,message,201,29.090,backend-3,true
0.001,message,201,29.780,backend-3,true
0.001,message,201,29.220,backend-3,true
0.002,message,201,29.090,backend-3,true
0.000,message,201,30.790,backend-3,true
0.000,message,201,30.850,backend-3,true
0.001,message,201,30.660,backend-3,true
0.000,message,201,32.340,backend-3,true
0.001,message,201,32.060,backend-3,true
0.009,message,201,28.200,backend-1,true
0.027,message,201,10.110,backend-1,true
0.003,message,201,36.020,backend-1,true
0.008,message,201,30.750,backend-1,true
0.008,message,201,30.820,backend-1,true
0.008,message,201,30.800,backend-1,true
0.009,message,201,30.770,backend-1,true
0.009,message,201,30.700,backend-1,true
0.009,message,201,30.960,backend-1,true
0.009,message,201,30.960,backend-1,true
0.009,message,201,31.030,backend-1,true
0.009,message,201,31.050,backend-1,true
0.002,message,201,38.250,backend-1,true
0.027,message,201,12.680,backend-1,true
0.002,message,201,38.290,backend-1,true
0.003,message,201,37.410,backend-1,true
0.001,message,201,39.630,backend-1,true
0.004,message,201,35.760,backend-1,true
0.001,message,201,39.660,backend-1,true
0.008,message,201,32.160,backend-1,true
0.009,message,201,31.500,backend-1,true
0.005,message,201,35.690,backend-1,true
0.027,message,201,13.380,backend-1,true
0.002,message,201,37.990,backend-1,true
0.002,message,201,38.630,backend-1,true
0.027,message,201,13.180,backend-1,true
0.027,message,201,13.410,backend-1,true
0.027,message,201,13.550,backend-1,true
0.004,message,201,36.780,backend-1,true
0.004,message,201,36.820,backend-1,true
0.001,message,201,39.880,backend-1,true
0.027,message,201,13.650,backend-1,true
0.004,message,201,36.510,backend-1,true
0.004,message,201,36.580,backend-1,true
0.004,message,201,36.220,backend-1,true
0.005,message,201,35.760,backend-1,true
0.005,message,201,35.980,backend-1,true
0.001,message,201,40.000,backend-1,true
0.004,message,201,36.720,backend-1,true
0.005,message,201,35.940,backend-1,true
0.005,message,201,36.180,backend-1,true
0.001,message,201,40.210,backend-1,true
0.003,message,201,38.360,backend-1,true
0.004,message,201,39.120,backend-2,true
0.005,message,201,38.530,backend-2,true
0.005,message,201,38.700,backend-2,true
0.001,message,201,42.580,backend-2,true
0.002,message,201,41.460,backend-2,true
0.002,message,201,41.450,backend-2,true
0.006,message,201,37.710,backend-2,true
0.005,message,201,38.530,backend-2,true
0.005,message,201,38.590,backend-2,true
0.005,message,201,38.100,backend-2,true
0.002,message,201,41.100,backend-2,true
0.002,message,201,41.060,backend-2,true
0.002,message,201,41.630,backend-2,true
0.002,message,201,41.820,backend-2,true
0.001,message,201,42.640,backend-2,true
0.002,message,201,41.730,backend-2,true
0.003,message,201,40.970,backend-2,true
0.005,message,201,38.700,backend-2,true
0.003,message,201,41.120,backend-2,true
0.002,message,201,41.700,backend-2,true
0.001,message,201,42.840,backend-3,true
0.004,message,201,39.260,backend-3,true
0.003,message,201,42.300,backend-2,true
0.001,message,201,43.890,backend-2,true
0.001,message,201,43.930,backend-2,true
0.005,message,201,40.350,backend-2,true
0.004,message,201,40.650,backend-2,true
0.004,message,201,40.920,backend-2,true
0.004,message,201,40.850,backend-2,true
0.004,message,201,41.120,backend-2,true
0.002,message,201,43.140,backend-3,true
0.004,message,201,40.810,backend-3,true
0.005,message,201,40.530,backend-3,true
0.002,message,201,42.920,backend-3,true
0.001,message,201,44.270,backend-3,true
0.002,message,201,43.440,backend-3,true
0.002,message,201,43.440,backend-1,true
0.001,message,201,44.350,backend-3,true
0.002,message,201,43.420,backend-3,true
0.005,message,201,40.360,backend-3,true
0.002,message,201,43.490,backend-1,true
0.003,message,201,42.700,backend-3,true
0.001,message,201,44.460,backend-3,true
0.002,message,201,43.370,backend-3,true
0.002,message,201,43.600,backend-2,true
0.027,message,201,18.240,backend-2,true
0.008,message,201,37.460,backend-2,true
0.007,message,201,37.930,backend-2,true
0.003,message,201,42.730,backend-1,true
0.008,message,201,37.420,backend-2,true
0.005,message,201,39.960,backend-1,true
0.001,message,201,44.700,backend-3,true
0.003,message,201,42.860,backend-2,true
0.027,message,201,18.370,backend-2,true
0.002,message,201,43.670,backend-2,true
0.008,message,201,37.500,backend-2,true
0.002,message,201,43.620,backend-3,true
0.003,message,201,42.900,backend-1,true
0.002,message,201,43.830,backend-3,true
0.027,message,201,18.330,backend-3,true
0.008,message,201,37.380,backend-2,true
0.005,message,201,40.740,backend-3,true
0.027,message,201,18.290,backend-3,true
0.009,message,201,36.810,backend-2,true
0.009,message,201,36.530,backend-2,true
0.001,message,201,44.740,backend-2,true
0.027,message,201,18.410,backend-3,true
0.008,message,201,37.540,backend-2,true
0.001,message,201,44.640,backend-1,true
0.004,message,201,41.720,backend-2,true
0.004,message,201,41.840,backend-2,true
0.008,message,201,37.920,backend-2,true
0.004,message,201,41.590,backend-2,true
0.004,message,201,41.710,backend-2,true
0.008,message,201,37.370,backend-2,true
0.004,message,201,41.610,backend-2,true
0.001,message,201,44.910,backend-2,true
0.002,message,201,43.790,backend-1,true
0.002,message,201,43.900,backend-2,true
0.008,message,201,37.470,backend-2,true
0.008,message,201,37.970,backend-2,true
0.010,message,201,35.980,backend-2,true
0.005,message,201,41.240,backend-2,true
0.009,message,201,37.100,backend-2,true
0.027,message,201,18.500,backend-2,true
0.027,message,201,20.480,backend-3,true
0.003,message,201,45.120,backend-1,true
0.003,message,201,44.960,backend-1,true
0.029,message,201,18.550,backend-2,true
0.008,message,201,39.310,backend-2,true
0.031,message,201,17.180,backend-3,true
0.029,message,201,18.950,backend-3,true
0.002,message,201,45.930,backend-1,true
0.003,message,201,45.130,backend-3,true
0.031,message,201,17.290,backend-3,true
0.009,message,201,38.820,backend-3,true
0.029,message,201,19.060,backend-3,true
0.008,message,201,39.470,backend-2,true
0.029,message,201,19.410,backend-2,true
0.009,message,201,38.790,backend-2,true
0.029,message,201,19.430,backend-3,true
0.009,message,201,39.250,backend-2,true
0.009,message,201,39.510,backend-2,true
0.009,message,201,39.190,backend-3,true
0.008,message,201,40.580,backend-3,true
0.029,message,201,19.390,backend-3,true
0.027,message,201,21.140,backend-3,true
0.027,message,201,20.950,backend-2,true
0.027,message,201,21.090,backend-3,true
0.009,message,201,39.430,backend-2,true
0.008,message,201,40.430,backend-1,true
0.029,message,201,19.390,backend-1,true
0.027,message,201,21.180,backend-3,true
0.027,message,201,21.300,backend-3,true
0.008,message,201,40.490,backend-3,true
0.009,message,201,39.350,backend-3,true
0.008,message,201,40.490,backend-1,true
0.009,message,201,39.080,backend-3,true
0.008,message,201,40.700,backend-3,true
0.027,message,201,21.400,backend-3,true
0.009,message,201,39.520,backend-2,true
0.027,message,201,21.400,backend-3,true
0.008,message,201,40.700,backend-1,true
0.027,message,201,21.250,backend-2,true
0.027,message,201,21.360,backend-3,true
0.027,message,201,21.340,backend-2,true
0.029,message,201,19.290,backend-3,true
0.027,message,201,21.510,backend-3,true
0.002,message,201,46.780,backend-1,true
0.006,message,201,42.300,backend-1,true
0.008,message,201,40.470,backend-1,true
0.029,message,201,19.900,backend-3,true
0.008,message,201,40.530,backend-1,true
0.008,message,201,40.630,backend-1,true
0.003,message,201,46.060,backend-2,true
0.008,message,201,40.580,backend-3,true
0.029,message,201,19.360,backend-3,true
0.029,message,201,20.130,backend-2,true
0.027,message,201,21.490,backend-2,true
0.027,message,201,21.510,backend-2,true
0.002,message,201,46.750,backend-2,true
0.001,message,201,47.870,backend-3,true
0.029,message,201,19.930,backend-3,true
0.029,message,201,19.670,backend-3,true
0.029,message,201,19.470,backend-2,true
0.008,message,201,40.610,backend-3,true
0.009,message,201,39.540,backend-3,true
0.008,message,201,40.690,backend-3,true
0.029,message,201,19.560,backend-3,true
0.029,message,201,19.880,backend-3,true
0.009,message,201,40.060,backend-2,true
0.008,message,201,40.890,backend-1,true
0.029,message,201,19.790,backend-3,true
0.029,message,201,19.900,backend-3,true
0.008,message,201,41.030,backend-3,true
0.029,message,201,19.840,backend-3,true
0.002,message,201,47.140,backend-3,true
0.009,message,201,39.560,backend-3,true
0.029,message,201,19.940,backend-3,true
0.003,message,201,46.210,backend-1,true
0.027,message,201,21.840,backend-3,true
0.029,message,201,20.200,backend-2,true
0.009,message,201,39.730,backend-3,true
0.029,message,201,20.050,backend-3,true
0.009,message,201,39.490,backend-3,true
0.009,message,201,40.180,backend-2,true
0.027,message,201,21.990,backend-3,true
0.010,message,201,39.520,backend-3,true
0.029,message,201,20.140,backend-3,true
0.002,message,201,47.340,backend-1,true
0.029,message,201,20.330,backend-2,true
0.031,message,201,17.930,backend-1,true
0.029,message,201,20.210,backend-3,true
0.008,message,201,40.880,backend-2,true
0.010,message,201,39.210,backend-3,true
0.010,message,201,39.530,backend-3,true
0.029,message,201,20.460,backend-2,true
0.010,message,201,39.220,backend-3,true
0.003,message,201,46.580,backend-3,true
0.001,message,201,48.470,backend-3,true
0.008,message,201,40.860,backend-2,true
0.009,message,201,39.780,backend-2,true
0.008,message,201,40.910,backend-2,true
0.031,message,201,18.770,backend-3,true
0.005,message,201,44.350,backend-3,true
0.031,message,201,18.120,backend-2,true
0.009,message,201,40.250,backend-2,true
0.006,message,201,43.580,backend-3,true
0.006,message,201,43.000,backend-3,true
0.002,message,201,47.010,backend-3,true
0.031,message,201,18.750,backend-3,true
0.010,message,201,39.610,backend-3,true
0.029,message,201,20.770,backend-2,true
0.009,message,201,40.420,backend-1,true
0.029,message,201,20.770,backend-1,true
0.037,message,201,12.310,backend-1,true
0.029,message,201,20.860,backend-1,true
0.009,message,201,40.410,backend-1,true
0.029,message,201,20.960,backend-1,true
0.028,message,201,21.050,backend-1,true
0.027,message,201,24.590,backend-1,true
0.027,message,201,24.510,backend-1,true
0.027,message,201,24.640,backend-1,true
0.029,message,201,23.160,backend-1,true
0.029,message,201,23.190,backend-1,true
0.009,message,201,42.840,backend-1,true
0.009,message,201,43.060,backend-1,true
0.027,message,201,24.600,backend-1,true
0.009,message,201,43.010,backend-1,true
0.027,message,201,24.750,backend-1,true
0.027,message,201,24.690,backend-1,true
0.009,message,201,43.230,backend-1,true
0.027,message,201,24.770,backend-1,true
0.031,message,201,28.550,backend-1,true
0.030,message,201,28.730,backend-1,true
0.029,message,201,30.090,backend-1,true
0.029,message,201,30.130,backend-1,true
0.009,message,201,49.880,backend-1,true
0.040,message,201,19.230,backend-3,true
0.029,message,201,30.390,backend-1,true
0.029,message,201,30.190,backend-1,true
0.040,message,201,19.340,backend-3,true
0.005,message,201,54.390,backend-1,true
0.029,message,201,30.480,backend-1,true
0.002,message,201,57.420,backend-1,true
0.010,message,201,49.180,backend-1,true
0.002,message,201,57.760,backend-1,true
0.029,message,201,30.310,backend-1,true
0.009,message,201,49.970,backend-1,true
0.040,message,201,19.270,backend-1,true
0.037,message,201,22.390,backend-3,true
0.030,message,201,28.980,backend-1,true
0.010,message,201,49.600,backend-1,true
0.009,message,201,50.450,backend-1,true
0.006,message,201,52.990,backend-1,true
0.009,message,201,50.360,backend-1,true
0.009,message,201,50.310,backend-1,true
0.010,message,201,49.180,backend-1,true
0.030,message,201,29.140,backend-1,true
0.031,message,201,28.970,backend-1,true
0.031,message,201,28.910,backend-1,true
0.030,message,201,29.130,backend-3,true
0.049,message,201,12.940,backend-1,true
0.049,message,201,12.920,backend-1,true
0.049,message,201,12.910,backend-1,true
0.049,message,201,13.610,backend-1,true
0.049,message,201,13.450,backend-1,true
0.049,message,201,13.590,backend-1,true
0.048,message,201,14.710,backend-1,true
0.049,message,201,13.680,backend-1,true
0.049,message,201,13.670,backend-1,true
0.049,message,201,13.040,backend-1,true
0.048,message,201,14.740,backend-1,true
0.049,message,201,13.740,backend-1,true
0.031,message,201,31.910,backend-2,true
0.049,message,201,13.650,backend-1,true
0.046,message,201,17.060,backend-1,true
0.045,message,201,17.310,backend-1,true
0.049,message,201,13.220,backend-1,true
0.049,message,201,13.830,backend-1,true
0.045,message,201,17.540,backend-1,true
0.045,message,201,17.310,backend-1,true
0.049,message,201,13.230,backend-1,true
0.049,message,201,13.740,backend-1,true
0.048,message,201,14.780,backend-1,true
0.045,message,201,17.590,backend-1,true
0.049,message,201,13.220,backend-1,true
0.049,message,201,13.310,backend-1,true
0.045,message,201,17.700,backend-1,true
0.045,message,201,17.500,backend-1,true
0.049,message,201,13.840,backend-1,true
0.048,message,201,14.690,backend-1,true
0.049,message,201,13.290,backend-1,true
0.029,message,201,33.870,backend-2,true
0.010,message,201,53.230,backend-2,true
0.048,message,201,14.770,backend-1,true
0.030,message,201,32.430,backend-2,true
0.048,message,201,14.980,backend-1,true
0.049,message,201,13.440,backend-1,true
0.048,message,201,14.960,backend-1,true
0.049,message,201,13.800,backend-1,true
0.008,message,201,54.680,backend-2,true
0.010,message,201,52.620,backend-2,true
0.002,message,201,60.770,backend-2,true
0.031,message,201,32.360,backend-2,true
0.010,message,201,53.050,backend-2,true
0.048,message,201,15.110,backend-1,true
0.009,message,201,53.560,backend-2,true
0.049,message,201,13.950,backend-1,true
0.045,message,201,17.750,backend-1,true
0.048,message,201,15.080,backend-1,true
0.003,message,201,60.220,backend-2,true
0.006,message,201,56.690,backend-2,true
0.048,message,201,14.680,backend-1,true
0.048,message,201,14.850,backend-1,true
0.048,message,201,14.950,backend-1,true
0.049,message,201,14.160,backend-1,true
0.009,message,201,53.670,backend-2,true
0.048,message,201,14.790,backend-1,true
0.049,message,201,14.180,backend-1,true
0.029,message,201,34.000,backend-2,true
0.040,message,201,22.840,backend-2,true
0.048,message,201,14.900,backend-1,true
0.048,message,201,15.030,backend-1,true
0.048,message,201,15.260,backend-1,true
0.030,message,201,32.750,backend-2,true
0.048,message,201,15.010,backend-1,true
0.030,message,201,32.850,backend-2,true
0.033,message,201,30.630,backend-2,true
0.031,message,201,32.700,backend-2,true
0.033,message,201,30.730,backend-2,true
0.049,message,201,14.370,backend-1,true
0.040,message,201,23.390,backend-2,true
0.031,message,201,32.160,backend-2,true
0.045,message,201,19.860,backend-2,true
0.049,message,201,16.270,backend-1,true
0.045,message,201,19.890,backend-2,true
0.052,message,201,13.480,backend-1,true
0.046,message,201,19.660,backend-2,true
0.045,message,201,19.940,backend-2,true
0.052,message,201,13.600,backend-1,true
0.044,message,201,21.820,backend-2,true
0.045,message,201,20.010,backend-2,true
0.046,message,201,19.900,backend-2,true
0.046,message,201,19.960,backend-2,true
0.041,message,201,24.790,backend-2,true
0.045,message,201,20.040,backend-2,true
0.045,message,201,20.100,backend-2,true
0.046,message,201,19.920,backend-2,true
0.043,message,201,22.280,backend-2,true
0.049,message,201,16.450,backend-1,true
0.044,message,201,21.980,backend-2,true
0.049,message,201,17.060,backend-1,true
0.046,message,201,19.950,backend-2,true
0.043,message,201,22.150,backend-2,true
0.040,message,201,25.860,backend-2,true
0.046,message,201,20.030,backend-2,true
0.039,message,201,26.320,backend-2,true
0.049,message,201,17.060,backend-1,true
0.041,message,201,25.020,backend-2,true
0.052,message,201,13.930,backend-1,true
0.049,message,201,16.340,backend-1,true
0.041,message,201,25.130,backend-2,true
0.039,message,201,26.650,backend-2,true
0.046,message,201,20.180,backend-2,true
0.041,message,201,25.140,backend-2,true
0.046,message,201,20.200,backend-2,true
0.039,message,201,26.770,backend-2,true
0.040,message,201,25.530,backend-2,true
0.046,message,201,20.250,backend-2,true
0.043,message,201,22.480,backend-2,true
0.049,message,201,16.990,backend-1,true
0.049,message,201,16.660,backend-1,true
0.049,message,201,16.620,backend-1,true
0.041,message,201,25.210,backend-2,true
0.040,message,201,25.400,backend-2,true
0.049,message,201,16.740,backend-1,true
0.041,message,201,25.280,backend-2,true
0.049,message,201,16.650,backend-1,true
0.049,message,201,17.280,backend-1,true
0.041,message,201,25.000,backend-2,true
0.049,message,201,17.210,backend-1,true
0.049,message,201,16.670,backend-1,true
0.052,message,201,14.110,backend-1,true
0.048,message,201,17.570,backend-1,true
0.049,message,201,17.290,backend-1,true
0.049,message,201,17.270,backend-1,true
0.046,message,201,20.490,backend-2,true
0.041,message,201,25.430,backend-2,true
0.046,message,201,20.370,backend-2,true
0.041,message,201,25.180,backend-2,true
0.044,message,201,24.410,backend-2,true
0.046,message,201,22.390,backend-2,true
0.045,message,201,23.000,backend-2,true
0.045,message,201,22.640,backend-2,true
0.045,message,201,22.550,backend-2,true
0.045,message,201,23.130,backend-2,true
0.041,message,201,27.340,backend-2,true
0.045,message,201,22.780,backend-2,true
0.045,message,201,22.760,backend-2,true
0.045,message,201,22.880,backend-2,true
0.045,message,201,23.240,backend-2,true
0.045,message,201,23.470,backend-2,true
0.045,message,201,23.610,backend-2,true
0.045,message,201,24.280,backend-2,true
0.048,message,201,21.470,backend-2,true
0.048,message,201,21.560,backend-2,true
0.048,message,201,21.640,backend-2,true
0.045,message,201,24.690,backend-2,true
0.045,message,201,24.600,backend-2,true
0.048,message,201,21.800,backend-2,true
0.048,message,201,21.780,backend-2,true
0.049,message,201,22.140,backend-2,true
0.049,message,201,21.530,backend-2,true
0.048,message,201,23.330,backend-2,true
0.049,message,201,22.090,backend-2,true
0.048,message,201,22.970,backend-2,true
0.049,message,201,22.200,backend-2,true
0.049,message,201,21.720,backend-2,true
0.049,message,201,21.770,backend-2,true
0.048,message,201,23.110,backend-2,true
0.048,message,201,23.250,backend-2,true
0.045,message,201,25.670,backend-2,true
0.049,message,201,22.170,backend-2,true
0.049,message,201,22.470,backend-2,true
0.049,message,201,22.570,backend-2,true
0.048,message,201,23.330,backend-2,true
0.049,message,201,22.570,backend-2,true
0.049,message,201,22.710,backend-2,true
0.049,message,201,22.630,backend-2,true
0.048,message,201,23.430,backend-2,true
0.049,message,201,23.360,backend-2,true
0.049,message,201,22.740,backend-2,true
0.049,message,201,22.790,backend-2,true
0.049,message,201,23.370,backend-2,true
0.049,message,201,23.370,backend-2,true
0.049,message,201,23.330,backend-2,true
0.049,message,201,22.800,backend-2,true
0.049,message,201,23.470,backend-2,true
0.040,message,201,36.280,backend-3,true
0.040,message,201,36.500,backend-3,true
0.040,message,201,36.290,backend-3,true
0.040,message,201,37.030,backend-3,true
0.041,message,201,35.970,backend-3,true
0.041,message,201,36.210,backend-3,true
0.039,message,201,37.880,backend-3,true
0.039,message,201,38.000,backend-3,true
0.041,message,201,36.660,backend-3,true
0.039,message,201,37.990,backend-3,true
0.040,message,201,36.760,backend-3,true
0.040,message,201,36.870,backend-3,true
0.040,message,201,36.840,backend-3,true
0.040,message,201,36.770,backend-3,true
0.046,message,201,31.990,backend-3,true
0.041,message,201,37.060,backend-3,true
0.043,message,201,34.090,backend-3,true
0.046,message,201,31.830,backend-3,true
0.041,message,201,36.760,backend-3,true
0.045,message,201,32.220,backend-3,true
0.044,message,201,34.010,backend-3,true
0.043,message,201,34.310,backend-3,true
0.046,message,201,32.140,backend-3,true
0.044,message,201,34.100,backend-3,true
0.043,message,201,34.310,backend-3,true
0.043,message,201,34.420,backend-3,true
0.040,message,201,37.430,backend-3,true
0.046,message,201,32.070,backend-3,true
0.041,message,201,37.350,backend-3,true
0.043,message,201,34.830,backend-3,true
0.046,message,201,32.610,backend-3,true
0.046,message,201,32.800,backend-3,true
0.044,message,201,35.240,backend-3,true
0.044,message,201,35.370,backend-3,true
0.041,message,201,38.510,backend-3,true
0.041,message,201,38.530,backend-3,true
0.043,message,201,36.150,backend-3,true
0.043,message,201,36.150,backend-3,true
0.046,message,201,33.950,backend-3,true
0.045,message,201,34.090,backend-3,true
0.043,message,201,36.510,backend-3,true
0.044,message,201,36.210,backend-3,true
0.046,message,201,34.100,backend-3,true
0.046,message,201,34.120,backend-3,true
0.045,message,201,34.450,backend-3,true
0.046,message,201,34.140,backend-3,true
0.045,message,201,34.750,backend-3,true
0.046,message,201,34.110,backend-3,true
0.046,message,201,34.320,backend-3,true
0.044,message,201,36.350,backend-3,true
0.046,message,201,34.730,backend-3,true
0.046,message,201,34.880,backend-3,true
0.045,message,201,35.540,backend-3,true
0.043,message,201,37.390,backend-3,true
0.045,message,201,35.220,backend-3,true
0.043,message,201,37.360,backend-3,true
0.048,message,201,32.470,backend-3,true
0.045,message,201,35.420,backend-3,true
0.048,message,201,32.460,backend-3,true
0.045,message,201,35.540,backend-3,true
0.048,message,201,32.930,backend-3,true
0.048,message,201,32.800,backend-3,true
0.049,message,201,31.770,backend-3,true
0.048,message,201,32.480,backend-3,true
0.048,message,201,32.800,backend-3,true
0.049,message,201,31.910,backend-3,true
0.045,message,201,35.940,backend-3,true
0.049,message,201,32.500,backend-3,true
0.049,message,201,31.930,backend-3,true
0.049,message,201,31.890,backend-3,true
0.049,message,201,32.400,backend-3,true
0.048,message,201,33.120,backend-3,true
0.049,message,201,32.490,backend-3,true
0.049,message,201,32.640,backend-3,true
0.049,message,201,32.620,backend-3,true
0.049,message,201,31.880,backend-3,true
0.049,message,201,32.620,backend-3,true
0.049,message,201,32.840,backend-3,true
0.049,message,201,32.840,backend-3,true
0.052,message,201,30.020,backend-3,true
0.052,message,201,29.860,backend-3,true
0.049,message,201,33.000,backend-3,true
0.048,message,201,33.900,backend-3,true
0.048,message,201,33.840,backend-3,true
0.052,message,201,30.370,backend-3,true
0.048,message,201,33.870,backend-3,true
0.052,message,201,30.530,backend-3,true
0.048,message,201,34.120,backend-3,true
0.049,message,201,33.450,backend-3,true
0.063,message,201,20.000,backend-2,true
0.063,message,201,20.150,backend-2,true
0.063,message,201,20.590,backend-2,true
0.063,message,201,20.520,backend-2,true
0.063,message,201,20.930,backend-2,true
0.059,message,201,24.100,backend-2,true
0.063,message,201,20.270,backend-2,true
0.052,message,201,31.500,backend-2,true
0.063,message,201,20.680,backend-2,true
0.063,message,201,20.580,backend-2,true
0.066,message,201,18.440,backend-2,true
0.063,message,201,21.470,backend-2,true
0.068,message,201,16.930,backend-2,true
0.063,message,201,22.150,backend-2,true
0.065,message,201,19.460,backend-2,true
0.066,message,201,19.130,backend-2,true
0.066,message,201,19.040,backend-2,true
0.063,message,201,22.500,backend-2,true
0.062,message,201,22.600,backend-2,true
0.066,message,201,19.180,backend-2,true
0.063,message,201,22.260,backend-2,true
0.062,message,201,22.670,backend-2,true
0.066,message,201,19.320,backend-2,true
0.052,message,201,33.240,backend-2,true
0.066,message,201,19.320,backend-2,true
0.066,message,201,19.300,backend-2,true
0.066,message,201,19.270,backend-2,true
0.066,message,201,19.610,backend-2,true
0.066,message,201,19.620,backend-2,true
0.065,message,201,19.900,backend-2,true
0.066,message,201,19.630,backend-2,true
0.065,message,201,19.950,backend-2,true
0.052,message,201,33.710,backend-2,true
0.068,message,201,17.500,backend-2,true
0.065,message,201,20.020,backend-2,true
0.066,message,201,19.930,backend-2,true
0.065,message,201,20.110,backend-2,true
0.068,message,201,17.580,backend-2,true
0.066,message,201,19.920,backend-2,true
0.068,message,201,17.510,backend-2,true
0.066,message,201,20.010,backend-2,true
0.065,message,201,20.170,backend-2,true
0.066,message,201,20.080,backend-2,true
0.068,message,201,17.490,backend-2,true
0.068,message,201,17.700,backend-2,true
0.065,message,201,20.270,backend-2,true
0.059,message,201,28.970,backend-3,true
0.069,message,201,20.000,backend-2,true
0.060,message,201,29.180,backend-3,true
0.077,message,201,12.200,backend-2,true
0.081,message,201,8.890,backend-3,true
0.072,message,201,17.450,backend-2,true
0.076,message,201,13.370,backend-2,true
0.081,message,201,8.910,backend-3,true
0.076,message,201,13.400,backend-2,true
0.077,message,201,13.000,backend-2,true
0.072,message,201,17.590,backend-2,true
0.052,message,201,37.660,backend-2,true
0.052,message,201,37.660,backend-2,true
0.072,message,201,17.750,backend-2,true
0.081,message,201,9.120,backend-3,true
0.072,message,201,17.750,backend-2,true
0.072,message,201,17.980,backend-2,true
0.081,message,201,9.380,backend-3,true
0.072,message,201,18.200,backend-2,true
0.081,message,201,9.430,backend-3,true
0.072,message,201,18.290,backend-2,true
0.078,message,201,12.460,backend-2,true
0.071,message,201,18.860,backend-2,true
0.071,message,201,19.070,backend-2,true
0.071,message,201,19.050,backend-2,true
0.080,message,201,9.740,backend-3,true
0.071,message,201,19.200,backend-2,true
0.059,message,201,30.790,backend-3,true
0.070,message,201,20.450,backend-2,true
0.059,message,201,30.790,backend-3,true
0.072,message,201,18.540,backend-2,true
0.070,message,201,20.450,backend-2,true
0.070,message,201,20.460,backend-2,true
0.071,message,201,19.360,backend-2,true
0.081,message,201,9.550,backend-3,true
0.071,message,201,19.250,backend-2,true
0.081,message,201,9.540,backend-3,true
0.059,message,201,30.860,backend-3,true
0.077,message,201,13.580,backend-2,true
0.059,message,201,30.850,backend-3,true
0.071,message,201,19.440,backend-2,true
0.077,message,201,13.140,backend-2,true
0.077,message,201,13.150,backend-2,true
0.077,message,201,13.130,backend-2,true
0.071,message,201,19.280,backend-2,true
0.081,message,201,9.800,backend-3,true
0.070,message,201,20.510,backend-2,true
0.078,message,201,12.710,backend-2,true
0.078,message,201,12.810,backend-2,true
0.081,message,201,9.010,backend-3,true
0.059,message,201,31.040,backend-3,true
0.078,message,201,12.790,backend-2,true
0.082,message,201,8.630,backend-3,true
0.081,message,201,9.070,backend-3,true
0.077,message,201,13.390,backend-2,true
0.081,message,201,9.420,backend-3,true
0.081,message,201,9.400,backend-3,true
0.077,message,201,13.480,backend-2,true
0.077,message,201,13.520,backend-2,true
0.078,message,201,12.950,backend-2,true
0.078,message,201,12.900,backend-2,true
0.081,message,201,9.470,backend-3,true
0.078,message,201,12.970,backend-2,true
0.081,message,201,12.050,backend-3,true
0.085,message,201,8.320,backend-2,true
0.085,message,201,8.290,backend-2,true
0.085,message,201,8.200,backend-2,true
0.085,message,201,8.200,backend-2,true
0.084,message,201,9.910,backend-2,true
0.081,message,201,12.770,backend-3,true
0.085,message,201,8.320,backend-2,true
0.085,message,201,8.360,backend-2,true
0.084,message,201,9.960,backend-2,true
0.081,message,201,12.360,backend-3,true
0.085,message,201,9.250,backend-2,true
0.084,message,201,10.020,backend-2,true
0.085,message,201,9.250,backend-2,true
0.085,message,201,9.330,backend-2,true
0.085,message,201,10.550,backend-2,true
0.085,message,201,10.540,backend-2,true
0.081,message,201,14.690,backend-3,true
0.078,message,201,17.690,backend-2,true
0.080,message,201,16.140,backend-2,true
0.084,message,201,11.700,backend-2,true
0.081,message,201,15.120,backend-2,true
0.081,message,201,15.300,backend-2,true
0.081,message,201,15.390,backend-2,true
0.080,message,201,16.200,backend-2,true
0.081,message,201,14.820,backend-2,true
0.079,message,201,16.580,backend-2,true
0.080,message,201,16.300,backend-2,true
0.082,message,201,14.160,backend-2,true
0.079,message,201,16.780,backend-2,true
0.078,message,201,17.900,backend-2,true
0.084,message,201,12.490,backend-2,true
0.082,message,201,15.110,backend-3,true
0.083,message,201,14.810,backend-3,true
0.082,message,201,14.980,backend-3,true
0.082,message,201,15.100,backend-3,true
0.089,message,201,9.600,backend-2,true
0.083,message,201,15.040,backend-3,true
0.086,message,201,12.710,backend-2,true
0.088,message,201,9.840,backend-2,true
0.085,message,201,13.150,backend-3,true
0.085,message,201,13.520,backend-3,true
0.085,message,201,13.510,backend-3,true
0.085,message,201,13.100,backend-2,true
0.085,message,201,13.020,backend-2,true
0.084,message,201,14.870,backend-3,true
0.085,message,201,13.060,backend-2,true
0.084,message,201,15.010,backend-3,true
0.083,message,201,15.330,backend-3,true
0.085,message,201,13.120,backend-3,true
0.086,message,201,13.030,backend-2,true
0.086,message,201,12.930,backend-2,true
0.086,message,201,12.980,backend-2,true
0.090,message,201,9.040,backend-2,true
0.089,message,201,9.170,backend-2,true
0.086,message,201,13.120,backend-3,true
0.090,message,201,9.130,backend-2,true
0.090,message,201,8.790,backend-2,true
0.085,message,201,13.700,backend-3,true
0.059,message,201,39.290,backend-3,true
0.090,message,201,9.190,backend-2,true
0.090,message,201,9.050,backend-2,true
0.086,message,201,13.110,backend-2,true
0.089,message,201,10.060,backend-2,true
0.084,message,201,15.260,backend-3,true
0.085,message,201,13.710,backend-3,true
0.086,message,201,13.270,backend-2,true
0.086,message,201,14.090,backend-3,true
0.059,message,201,40.460,backend-3,true
0.060,message,201,40.380,backend-3,true
0.063,message,201,36.710,backend-3,true
0.063,message,201,36.670,backend-3,true
0.059,message,201,40.520,backend-3,true
0.059,message,201,40.740,backend-3,true
0.063,message,201,37.410,backend-3,true
0.059,message,201,40.850,backend-3,true
0.063,message,201,37.660,backend-3,true
0.063,message,201,37.280,backend-3,true
0.060,message,201,40.920,backend-3,true
0.063,message,201,37.300,backend-3,true
0.090,message,201,15.150,backend-3,true
0.091,message,201,14.870,backend-2,true
0.090,message,201,15.300,backend-3,true
0.090,message,201,15.270,backend-2,true
0.090,message,201,15.310,backend-2,true
0.091,message,201,14.980,backend-3,true
0.090,message,201,15.360,backend-2,true
0.090,message,201,15.390,backend-2,true
0.090,message,201,15.540,backend-3,true
0.090,message,201,15.920,backend-3,true
0.091,message,201,15.030,backend-3,true
0.090,message,201,16.100,backend-3,true
0.090,message,201,15.800,backend-2,true
0.090,message,201,15.510,backend-2,true
0.090,message,201,15.550,backend-2,true
0.090,message,201,15.570,backend-2,true
0.091,message,201,15.180,backend-2,true
0.091,message,201,15.220,backend-2,true
0.091,message,201,15.230,backend-2,true
0.090,message,201,15.800,backend-2,true
0.090,message,201,15.750,backend-2,true
0.091,message,201,15.230,backend-3,true
0.090,message,201,15.970,backend-2,true
0.093,message,201,12.660,backend-3,true
0.090,message,201,16.350,backend-3,true
0.091,message,201,15.320,backend-3,true
0.093,message,201,12.600,backend-2,true
0.096,message,201,10.000,backend-2,true
0.090,message,201,16.110,backend-3,true
0.090,message,201,15.690,backend-3,true
0.093,message,201,12.600,backend-2,true
0.096,message,201,10.110,backend-2,true
0.090,message,201,15.720,backend-3,true
0.090,message,201,15.790,backend-3,true
0.090,message,201,15.760,backend-3,true
0.096,message,201,10.220,backend-2,true
0.096,message,201,10.430,backend-2,true
0.090,message,201,15.930,backend-3,true
0.096,message,201,10.550,backend-2,true
0.096,message,201,10.340,backend-2,true
0.090,message,201,16.040,backend-3,true
0.090,message,201,16.020,backend-3,true
0.090,message,201,17.770,backend-3,true
0.090,message,201,17.610,backend-3,true
0.090,message,201,18.050,backend-2,true
0.090,message,201,18.420,backend-3,true
0.090,message,201,18.530,backend-3,true
0.089,message,201,18.630,backend-3,true
0.090,message,201,18.410,backend-3,true
0.090,message,201,17.820,backend-2,true
0.090,message,201,17.850,backend-3,true
0.099,message,201,19.480,backend-2,true
0.096,message,201,22.450,backend-2,true
0.097,message,201,20.980,backend-2,true
0.097,message,201,20.930,backend-2,true
0.099,message,201,19.820,backend-2,true
0.099,message,201,19.900,backend-2,true
0.098,message,201,20.120,backend-2,true
0.100,message,201,18.020,backend-2,true
0.099,message,201,19.710,backend-2,true
0.099,message,201,19.900,backend-2,true
0.100,message,201,19.020,backend-2,true
0.100,message,201,18.720,backend-2,true
0.100,message,201,18.460,backend-2,true
0.101,message,201,18.400,backend-2,true
0.085,feed,200,34.160,backend-2,true
0.100,message,201,23.420,backend-3,true
0.096,message,201,27.320,backend-3,true
0.096,message,201,27.380,backend-3,true
0.096,message,201,27.570,backend-3,true
0.096,message,201,27.490,backend-3,true
0.096,message,201,27.600,backend-3,true
0.096,message,201,27.640,backend-3,true
0.096,message,201,27.540,backend-3,true
0.097,message,201,26.280,backend-3,true
0.100,message,201,23.860,backend-3,true
0.100,message,201,24.060,backend-3,true
0.083,feed,200,40.400,backend-3,true
0.100,message,201,24.020,backend-3,true
0.106,message,201,18.060,backend-2,true
0.106,message,201,18.740,backend-2,true
0.106,message,201,19.370,backend-2,true
0.106,message,201,19.200,backend-2,true
0.106,message,201,18.980,backend-2,true
0.106,message,201,19.050,backend-2,true
0.106,message,201,19.140,backend-2,true
0.118,message,201,9.890,backend-2,true
0.123,message,201,4.870,backend-2,true
0.124,message,201,4.490,backend-2,true
0.119,message,201,9.930,backend-2,true
0.119,message,201,9.820,backend-2,true
0.119,message,201,10.110,backend-2,true
0.100,message,201,29.420,backend-3,true
0.100,message,201,29.340,backend-3,true
0.059,message,201,73.120,backend-1,true
0.059,message,201,73.220,backend-1,true
0.059,message,201,73.420,backend-1,true
0.059,message,201,73.300,backend-1,true
0.059,message,201,73.190,backend-1,true
0.059,message,201,73.170,backend-1,true
0.059,message,201,73.300,backend-1,true
0.059,message,201,73.280,backend-1,true
0.059,message,201,73.590,backend-1,true
0.060,message,201,73.290,backend-1,true
0.063,message,201,70.670,backend-1,true
0.063,message,201,70.260,backend-1,true
0.059,message,201,74.040,backend-1,true
0.059,message,201,74.040,backend-1,true
0.059,message,201,74.080,backend-1,true
0.059,message,201,74.070,backend-1,true
0.106,message,201,27.650,backend-3,true
0.063,message,201,70.310,backend-1,true
0.063,message,201,70.760,backend-1,true
0.063,message,201,70.920,backend-1,true
0.063,message,201,70.790,backend-1,true
0.063,message,201,70.810,backend-1,true
0.063,message,201,70.370,backend-1,true
0.063,message,201,70.470,backend-1,true
0.108,message,201,25.360,backend-3,true
0.108,message,201,25.620,backend-3,true
0.063,message,201,70.350,backend-1,true
0.063,message,201,70.460,backend-1,true
0.106,message,201,27.460,backend-3,true
0.106,message,201,27.490,backend-3,true
0.063,message,201,70.980,backend-1,true
0.063,message,201,70.450,backend-1,true
0.063,message,201,71.370,backend-1,true
0.063,message,201,71.410,backend-1,true
0.063,message,201,71.070,backend-1,true
0.063,message,201,71.610,backend-1,true
0.063,message,201,71.120,backend-1,true
0.063,message,201,71.100,backend-1,true
0.063,message,201,71.470,backend-1,true
0.063,message,201,71.340,backend-1,true
0.063,message,201,71.610,backend-1,true
0.063,message,201,72.270,backend-1,true
0.063,message,201,71.930,backend-1,true
0.063,message,201,71.540,backend-1,true
0.063,message,201,72.070,backend-1,true
0.063,message,201,72.520,backend-1,true
0.063,message,201,72.440,backend-1,true
0.063,message,201,71.810,backend-1,true
0.063,message,201,72.480,backend-1,true
0.063,message,201,72.470,backend-1,true
0.063,message,201,72.780,backend-1,true
0.062,message,201,72.910,backend-1,true
0.063,message,201,72.850,backend-1,true
0.063,message,201,72.900,backend-1,true
0.063,message,201,72.080,backend-1,true
0.063,message,201,73.140,backend-1,true
0.063,message,201,74.100,backend-1,true
0.063,message,201,73.490,backend-1,true
0.063,message,201,74.020,backend-1,true
0.063,message,201,74.350,backend-1,true
0.063,message,201,74.250,backend-1,true
0.063,message,201,74.340,backend-1,true
0.063,message,201,74.260,backend-1,true
0.062,message,201,74.760,backend-1,true
0.063,message,201,74.400,backend-1,true
0.062,message,201,74.820,backend-1,true
0.062,message,201,74.870,backend-1,true
0.063,message,201,74.470,backend-1,true
0.062,message,201,74.860,backend-1,true
0.066,message,201,71.470,backend-1,true
0.062,message,201,75.080,backend-1,true
0.066,message,201,71.840,backend-1,true
0.066,message,201,71.530,backend-1,true
0.066,message,201,71.600,backend-1,true
0.066,message,201,71.670,backend-1,true
0.066,message,201,71.740,backend-1,true
0.066,message,201,71.760,backend-1,true
0.066,message,201,71.900,backend-1,true
0.066,message,201,71.820,backend-1,true
0.065,message,201,72.480,backend-1,true
0.066,message,201,71.880,backend-1,true
0.066,message,201,72.100,backend-1,true
0.066,message,201,72.150,backend-1,true
0.066,message,201,72.360,backend-1,true
0.119,message,201,19.780,backend-3,true
0.124,message,201,14.790,backend-3,true
0.066,message,201,72.630,backend-1,true
0.123,message,201,15.320,backend-3,true
0.066,message,201,73.140,backend-1,true
0.066,message,201,73.280,backend-1,true
0.066,message,201,73.460,backend-1,true
0.065,message,201,73.710,backend-1,true
0.066,message,201,73.560,backend-1,true
0.066,message,201,73.390,backend-1,true
0.066,message,201,73.310,backend-1,true
0.066,message,201,73.440,backend-1,true
0.066,message,201,74.250,backend-1,true
0.065,message,201,75.010,backend-1,true
0.066,message,201,75.140,backend-1,true
0.086,feed,200,55.150,backend-2,true
0.066,message,201,75.170,backend-1,true
0.128,message,201,12.710,backend-2,true
0.129,message,201,12.170,backend-2,true
0.133,message,201,8.530,backend-2,true
0.133,message,201,8.690,backend-2,true
0.133,message,201,8.640,backend-2,true
0.133,message,201,8.740,backend-2,true
0.133,message,201,8.890,backend-2,true
0.133,message,201,8.900,backend-2,true
0.133,message,201,9.090,backend-2,true
0.133,message,201,9.620,backend-2,true
0.133,message,201,9.680,backend-2,true
0.133,message,201,9.720,backend-2,true
0.065,message,201,77.220,backend-1,true
0.066,message,201,78.600,backend-1,true
0.066,message,201,78.810,backend-1,true
0.066,message,201,78.850,backend-1,true
0.066,message,201,78.920,backend-1,true
0.066,message,201,79.020,backend-1,true
0.065,message,201,79.280,backend-1,true
0.066,message,201,79.090,backend-1,true
0.068,message,201,77.430,backend-1,true
0.134,message,201,11.790,backend-2,true
0.139,message,201,6.540,backend-3,true
0.139,message,201,6.450,backend-3,true
0.139,message,201,6.280,backend-3,true
0.138,message,201,7.130,backend-3,true
0.134,message,201,12.070,backend-2,true
0.139,message,201,6.410,backend-3,true
0.139,message,201,6.380,backend-3,true
0.139,message,201,6.370,backend-3,true
0.141,message,201,4.970,backend-3,true
0.141,message,201,4.790,backend-3,true
0.141,message,201,4.720,backend-3,true
0.141,message,201,5.060,backend-3,true
0.141,message,201,4.400,backend-3,true
0.139,message,201,7.290,backend-3,true
0.141,message,201,5.150,backend-3,true
0.068,message,201,78.180,backend-1,true
0.134,message,201,12.870,backend-2,true
0.134,message,201,12.900,backend-2,true
0.134,message,201,13.070,backend-2,true
0.068,message,201,78.530,backend-1,true
0.133,message,201,13.250,backend-2,true
0.068,message,201,78.740,backend-1,true
0.068,message,201,78.730,backend-1,true
0.069,message,201,78.490,backend-1,true
0.133,message,201,13.720,backend-2,true
0.069,message,201,77.680,backend-1,true
0.070,message,201,77.370,backend-1,true
0.070,message,201,77.560,backend-1,true
0.133,message,201,14.110,backend-2,true
0.133,message,201,14.210,backend-2,true
0.133,message,201,14.270,backend-2,true
0.133,message,201,14.420,backend-2,true
0.133,message,201,14.570,backend-2,true
0.134,message,201,14.130,backend-2,true
0.134,message,201,14.110,backend-2,true
0.134,message,201,14.290,backend-2,true
0.134,message,201,14.260,backend-2,true
0.134,message,201,14.470,backend-2,true
0.083,feed,200,67.120,backend-3,true
0.070,message,201,81.400,backend-1,true
0.071,message,201,80.170,backend-1,true
0.071,message,201,80.050,backend-1,true
0.145,message,201,9.300,backend-3,true
0.146,message,201,9.230,backend-3,true
0.145,message,201,9.320,backend-3,true
0.146,message,201,9.010,backend-3,true
0.146,message,201,9.040,backend-3,true
0.146,message,201,8.980,backend-3,true
0.146,message,201,8.740,backend-3,true
0.147,message,201,8.440,backend-3,true
0.142,message,201,14.440,backend-2,true
0.142,message,201,15.480,backend-2,true
0.071,message,201,88.050,backend-1,true
0.148,message,201,19.060,backend-3,true
0.148,message,201,18.540,backend-3,true
0.148,message,201,18.380,backend-3,true
0.149,message,201,18.190,backend-3,true
0.147,message,201,19.890,backend-3,true
0.150,message,201,16.500,backend-3,true
0.151,message,201,15.640,backend-3,true
0.147,message,201,20.090,backend-3,true
0.147,message,201,19.680,backend-3,true
0.147,message,201,19.600,backend-3,true
0.155,message,201,11.930,backend-3,true
0.148,message,201,19.030,backend-3,true
0.147,message,201,20.090,backend-3,true
0.147,message,201,19.780,backend-3,true
0.135,message,201,33.010,backend-2,true
0.071,message,201,96.590,backend-1,true
0.071,message,201,96.850,backend-1,true
0.072,message,201,96.110,backend-1,true
0.072,message,201,96.270,backend-1,true
0.143,message,201,25.540,backend-2,true
0.135,message,201,33.380,backend-2,true
0.135,message,201,33.420,backend-2,true
0.072,message,201,96.420,backend-1,true
0.072,message,201,96.450,backend-1,true
0.135,message,201,33.670,backend-2,true
0.072,message,201,96.650,backend-1,true
0.144,message,201,24.500,backend-2,true
0.072,message,201,96.790,backend-1,true
0.077,message,201,91.680,backend-1,true
0.078,message,201,91.290,backend-1,true
0.135,message,201,33.850,backend-2,true
0.135,message,201,33.820,backend-2,true
0.077,message,201,92.270,backend-1,true
0.078,message,201,91.320,backend-1,true
0.078,message,201,91.150,backend-1,true
0.076,message,201,92.830,backend-1,true
0.078,message,201,91.180,backend-1,true
0.078,message,201,91.230,backend-1,true
0.078,message,201,91.510,backend-1,true
0.078,message,201,91.670,backend-1,true
0.078,message,201,91.190,backend-1,true
0.145,message,201,24.910,backend-2,true
0.144,message,201,25.200,backend-2,true
0.135,message,201,34.600,backend-2,true
0.145,message,201,25.070,backend-2,true
0.151,message,201,18.550,backend-2,true
0.151,message,201,18.550,backend-2,true
0.135,message,201,34.610,backend-2,true
0.079,message,201,94.810,backend-1,true
0.079,message,201,94.210,backend-1,true
0.080,message,201,94.160,backend-1,true
0.079,message,201,95.240,backend-1,true
0.079,message,201,94.800,backend-1,true
0.079,message,201,94.590,backend-1,true
0.079,message,201,94.620,backend-1,true
0.080,message,201,94.240,backend-1,true
0.085,feed,200,90.190,backend-3,true
0.080,message,201,97.400,backend-1,true
0.080,message,201,97.530,backend-1,true
0.080,message,201,97.510,backend-1,true
0.080,message,201,97.570,backend-1,true
0.081,message,201,96.730,backend-1,true
0.081,message,201,96.890,backend-1,true
0.081,message,201,96.460,backend-1,true
0.168,message,201,9.260,backend-3,true
0.081,message,201,97.000,backend-1,true
0.167,message,201,10.930,backend-3,true
0.168,message,201,9.770,backend-3,true
0.168,message,201,9.950,backend-3,true
0.081,message,201,97.170,backend-1,true
0.167,message,201,10.920,backend-3,true
0.167,message,201,10.900,backend-3,true
0.169,message,201,8.950,backend-3,true
0.169,message,201,9.480,backend-3,true
0.169,message,201,9.200,backend-3,true
0.168,message,201,9.650,backend-3,true
0.080,message,201,98.460,backend-1,true
0.080,message,201,98.620,backend-1,true
0.086,feed,200,94.260,backend-2,true
0.155,message,201,26.770,backend-2,true
0.135,message,201,46.480,backend-2,true
0.167,message,201,15.170,backend-2,true
0.168,message,201,14.360,backend-2,true
0.135,message,201,46.580,backend-2,true
0.169,message,201,13.580,backend-3,true
0.169,message,201,13.690,backend-3,true
0.169,message,201,13.650,backend-3,true
0.169,message,201,13.780,backend-3,true
0.169,message,201,13.950,backend-3,true
0.169,message,201,13.780,backend-3,true
0.169,message,201,13.990,backend-3,true
0.169,message,201,13.510,backend-3,true
0.174,message,201,9.260,backend-3,true
0.169,message,201,13.580,backend-3,true
0.174,message,201,9.260,backend-3,true
0.174,message,201,9.360,backend-1,true
0.174,message,201,9.090,backend-1,true
0.174,message,201,9.100,backend-3,true
0.174,message,201,9.280,backend-1,true
0.174,message,201,9.530,backend-1,true
0.082,message,201,101.020,backend-1,true
0.082,message,201,100.910,backend-1,true
0.081,message,201,102.220,backend-1,true
0.175,message,201,8.170,backend-1,true
0.178,message,201,5.770,backend-3,true
0.174,message,201,9.690,backend-3,true
0.081,message,201,102.250,backend-1,true
0.178,message,201,5.730,backend-3,true
0.098,message,201,85.070,backend-1,true
0.082,message,201,101.440,backend-1,true
0.178,message,201,5.060,backend-3,true
0.177,message,201,6.240,backend-3,true
0.082,message,201,101.270,backend-1,true
0.100,message,201,83.400,backend-1,true
0.177,message,201,6.200,backend-1,true
0.100,message,201,83.290,backend-1,true
0.177,message,201,6.260,backend-1,true
0.177,message,201,6.260,backend-1,true
0.177,message,201,6.440,backend-1,true
0.178,message,201,5.520,backend-1,true
0.178,message,201,6.110,backend-1,true
0.178,message,201,5.870,backend-3,true
0.135,message,201,49.850,backend-2,true
0.135,message,201,49.860,backend-2,true
0.180,message,201,7.210,backend-3,true
0.182,message,201,5.250,backend-3,true
0.183,message,201,4.490,backend-3,true
0.183,message,201,4.580,backend-3,true
0.184,message,201,4.270,backend-3,true
0.182,message,201,8.150,backend-3,true
0.187,message,201,3.070,backend-3,true
0.135,message,201,57.290,backend-2,true
0.135,message,201,57.340,backend-2,true
0.135,message,201,57.390,backend-2,true
0.136,message,201,56.580,backend-2,true
0.137,message,201,56.660,backend-2,true
0.170,feed,200,23.800,backend-1,true
0.137,message,201,57.270,backend-2,true
0.137,message,201,57.650,backend-2,true
0.086,feed,200,109.750,backend-3,true
0.183,message,201,13.030,backend-1,true
0.184,message,201,13.000,backend-1,true
0.184,message,201,13.160,backend-1,true
0.184,message,201,13.350,backend-1,true
0.190,message,201,6.950,backend-3,true
0.183,message,201,14.070,backend-1,true
0.184,message,201,13.580,backend-1,true
0.190,message,201,7.030,backend-3,true
0.137,message,201,60.510,backend-2,true
0.137,message,201,64.670,backend-2,true
0.195,message,201,7.450,backend-3,true
0.194,message,201,8.560,backend-3,true
0.193,message,201,9.490,backend-3,true
0.137,message,201,65.290,backend-2,true
0.195,message,201,7.880,backend-1,true
0.197,message,201,6.200,backend-1,true
0.196,message,201,6.950,backend-1,true
0.178,feed,200,33.550,backend-1,true
0.090,feed,200,121.660,backend-3,true
0.202,message,201,9.380,backend-1,true
0.203,message,201,8.120,backend-1,true
0.203,message,201,8.190,backend-1,true
0.203,message,201,8.110,backend-1,true
0.137,message,201,78.190,backend-2,true
0.137,message,201,78.420,backend-2,true
0.138,message,201,78.280,backend-2,true
0.137,message,201,78.530,backend-2,true
0.138,message,201,78.250,backend-2,true
0.138,message,201,78.430,backend-2,true
0.138,message,201,78.530,backend-2,true
0.138,message,201,78.610,backend-2,true
0.138,message,201,78.550,backend-2,true
0.137,message,201,78.990,backend-2,true
0.137,message,201,79.730,backend-2,true
0.211,message,201,6.060,backend-1,true
0.211,message,201,6.300,backend-1,true
0.212,message,201,6.060,backend-1,true
0.211,message,201,6.410,backend-1,true
0.138,message,201,82.940,backend-2,true
0.086,feed,200,135.270,backend-2,true
0.138,message,201,82.930,backend-2,true
0.138,message,201,83.290,backend-2,true
0.216,message,201,6.590,backend-1,true
0.215,message,201,7.140,backend-1,true
0.218,message,201,4.930,backend-1,true
0.216,message,201,6.260,backend-1,true
0.218,message,201,5.230,backend-1,true
0.218,message,201,5.280,backend-1,true
0.218,message,201,5.150,backend-1,true
0.216,message,201,7.240,backend-1,true
0.090,feed,200,133.250,backend-3,true
0.145,message,201,82.310,backend-2,true
0.138,message,201,88.760,backend-2,true
0.140,message,201,87.060,backend-2,true
0.140,message,201,86.550,backend-2,true
0.144,message,201,82.770,backend-2,true
0.221,message,201,7.350,backend-1,true
0.222,message,201,5.780,backend-1,true
0.223,message,201,5.130,backend-1,true
0.223,message,201,5.770,backend-1,true
0.223,message,201,5.530,backend-1,true
0.178,feed,200,51.990,backend-1,true
0.227,message,201,6.260,backend-1,true
0.228,message,201,5.140,backend-1,true
0.228,message,201,4.950,backend-1,true
0.228,message,201,5.430,backend-1,true
0.230,message,201,3.900,backend-1,true
0.228,message,201,5.560,backend-1,true
0.090,feed,200,143.580,backend-2,true
0.090,feed,200,145.050,backend-3,true
0.233,message,201,5.470,backend-1,true
0.234,message,201,4.950,backend-1,true
0.236,message,201,3.360,backend-1,true
0.234,message,201,5.070,backend-1,true
0.234,message,201,5.180,backend-1,true
0.178,feed,200,63.880,backend-1,true
0.239,message,201,7.870,backend-1,true
0.239,message,201,7.950,backend-1,true
0.239,message,201,7.920,backend-1,true
0.239,message,201,8.050,backend-1,true
0.242,message,201,4.860,backend-1,true
0.239,message,201,8.020,backend-1,true
0.090,feed,200,159.140,backend-2,true
0.090,feed,200,160.750,backend-3,true
0.183,feed,200,68.340,backend-1,true
0.247,message,201,6.910,backend-1,true
0.247,message,201,7.010,backend-1,true
0.247,message,201,6.920,backend-1,true
0.249,message,201,4.420,backend-1,true
0.247,message,201,7.110,backend-1,true
0.251,message,201,2.960,backend-1,true
0.254,message,201,4.440,backend-1,true
0.254,message,201,4.550,backend-1,true
0.251,message,201,7.050,backend-1,true
0.254,message,201,4.520,backend-1,true
0.254,message,201,4.200,backend-1,true
0.254,message,201,4.430,backend-1,true
0.183,feed,200,77.410,backend-1,true
0.094,feed,200,170.850,backend-2,true
0.258,message,201,7.250,backend-1,true
0.258,message,201,7.360,backend-1,true
0.258,message,201,7.610,backend-1,true
0.261,message,201,5.430,backend-1,true
0.090,feed,200,175.630,backend-3,true
0.258,message,201,7.750,backend-1,true
0.182,feed,200,86.220,backend-1,true
0.266,message,201,7.400,backend-1,true
0.266,message,201,7.390,backend-1,true
0.266,message,201,7.480,backend-1,true
0.266,message,201,7.440,backend-1,true
0.266,message,201,7.810,backend-1,true
0.265,message,201,8.320,backend-1,true
0.269,message,201,4.970,backend-1,true
0.093,feed,200,183.480,backend-2,true
0.183,feed,200,95.280,backend-1,true
0.273,message,201,6.090,backend-1,true
0.273,message,201,6.100,backend-1,true
0.273,message,201,6.070,backend-1,true
0.273,message,201,6.150,backend-1,true
0.274,message,201,5.940,backend-1,true
0.090,feed,200,190.630,backend-3,true
0.277,message,201,7.580,backend-1,true
0.280,message,201,4.900,backend-1,true
0.278,message,201,6.270,backend-1,true
0.280,message,201,5.030,backend-1,true
0.280,message,201,4.990,backend-1,true
0.281,message,201,3.590,backend-1,true
0.280,message,201,5.000,backend-1,true
0.280,message,201,5.210,backend-1,true
0.183,feed,200,102.520,backend-1,true
0.093,feed,200,198.670,backend-2,true
0.284,message,201,14.280,backend-1,true
0.285,message,201,14.180,backend-1,true
0.284,message,201,14.310,backend-1,true
0.284,message,201,15.880,backend-1,true
0.285,message,201,15.740,backend-1,true
0.286,message,201,14.430,backend-1,true
0.285,message,201,15.720,backend-1,true
0.090,feed,200,210.350,backend-3,true
0.184,feed,200,119.080,backend-1,true
0.292,message,201,16.970,backend-1,true
0.299,message,201,10.350,backend-1,true
0.300,message,201,8.800,backend-1,true
0.299,message,201,10.420,backend-1,true
0.300,message,201,8.850,backend-1,true
0.301,message,201,9.010,backend-1,true
0.303,message,201,7.170,backend-1,true
0.184,feed,200,127.330,backend-1,true
0.093,feed,200,220.010,backend-2,true
0.309,message,201,7.430,backend-1,true
0.309,message,201,7.470,backend-1,true
0.309,message,201,7.430,backend-1,true
0.309,message,201,7.550,backend-1,true
0.309,message,201,7.540,backend-1,true
0.310,message,201,7.250,backend-1,true
0.310,message,201,7.250,backend-1,true
0.311,message,201,6.370,backend-1,true
0.313,message,201,3.870,backend-1,true
0.183,feed,200,134.820,backend-1,true
0.063,feed,200,255.950,backend-3,true
0.318,message,201,6.180,backend-1,true
0.317,message,201,7.440,backend-1,true
0.319,message,201,5.850,backend-1,true
0.317,message,201,7.210,backend-1,true
0.317,message,201,7.310,backend-1,true
0.317,message,201,7.550,backend-1,true
0.317,message,201,7.930,backend-1,true
0.317,message,201,7.970,backend-1,true
0.090,feed,200,235.860,backend-2,true
0.184,feed,200,143.650,backend-1,true
0.090,feed,200,238.390,backend-3,true
0.324,message,201,7.000,backend-1,true
0.325,message,201,6.850,backend-1,true
0.325,message,201,7.000,backend-1,true
0.325,message,201,6.980,backend-1,true
0.325,message,201,7.060,backend-1,true
0.325,message,201,7.450,backend-1,true
0.325,message,201,7.440,backend-1,true
0.326,message,201,6.210,backend-1,true
0.327,message,201,4.970,backend-1,true
0.329,message,201,3.820,backend-1,true
0.183,feed,200,152.400,backend-1,true
0.093,feed,200,243.540,backend-2,true
0.332,message,201,7.450,backend-1,true
0.332,message,201,7.040,backend-1,true
0.332,message,201,7.490,backend-1,true
0.332,message,201,7.050,backend-1,true
0.331,message,201,7.540,backend-1,true
0.332,message,201,7.230,backend-1,true
0.332,message,201,7.200,backend-1,true
0.333,message,201,6.990,backend-1,true
0.336,message,201,3.860,backend-1,true
0.094,feed,200,246.600,backend-3,true
0.184,feed,200,167.440,backend-1,true
0.337,message,201,15.250,backend-1,true
0.339,message,201,13.290,backend-1,true
0.339,message,201,13.270,backend-1,true
0.339,message,201,13.260,backend-1,true
0.339,message,201,12.930,backend-1,true
0.339,message,201,13.120,backend-1,true
0.340,message,201,13.180,backend-1,true
0.094,feed,200,261.270,backend-3,true
0.340,message,201,18.040,backend-1,true
0.340,message,201,17.660,backend-1,true
0.351,message,201,6.770,backend-1,true
0.352,message,201,5.660,backend-1,true
0.352,message,201,6.110,backend-1,true
0.352,message,201,5.980,backend-1,true
0.353,message,201,5.950,backend-1,true
0.184,feed,200,175.510,backend-1,true
0.094,feed,200,265.330,backend-2,true
0.358,message,201,3.260,backend-1,true
0.358,message,201,3.230,backend-1,true
0.358,message,201,3.310,backend-1,true
0.358,message,201,2.740,backend-1,true
0.356,message,201,5.630,backend-1,true
0.360,message,201,7.320,backend-1,true
0.361,message,201,5.930,backend-1,true
0.359,message,201,7.640,backend-1,true
0.361,message,201,5.850,backend-1,true
0.361,message,201,5.920,backend-1,true
0.361,message,201,5.910,backend-1,true
0.361,message,201,5.990,backend-1,true
0.184,feed,200,186.800,backend-1,true
0.370,message,201,5.640,backend-1,true
0.367,message,201,9.110,backend-1,true
0.367,message,201,9.160,backend-1,true
0.367,message,201,9.160,backend-1,true
0.367,message,201,9.190,backend-1,true
0.367,message,201,9.190,backend-1,true
0.091,feed,200,289.000,backend-3,true
0.376,message,201,10.590,backend-1,true
0.376,message,201,10.580,backend-1,true
0.376,message,201,10.480,backend-1,true
0.376,message,201,10.510,backend-1,true
0.376,message,201,10.600,backend-1,true
0.376,message,201,10.580,backend-1,true
0.380,message,201,7.090,backend-1,true
0.184,feed,200,203.520,backend-1,true
0.093,feed,200,294.530,backend-2,true
0.387,message,201,7.540,backend-1,true
0.387,message,201,7.490,backend-1,true
0.387,message,201,7.550,backend-1,true
0.387,message,201,7.680,backend-1,true
0.387,message,201,7.090,backend-1,true
0.388,message,201,6.570,backend-1,true
0.094,feed,200,301.280,backend-3,true
0.184,feed,200,213.020,backend-1,true
0.394,message,201,7.900,backend-1,true
0.394,message,201,7.850,backend-1,true
0.394,message,201,7.980,backend-1,true
0.394,message,201,8.000,backend-1,true
0.395,message,201,7.460,backend-1,true
0.394,message,201,7.890,backend-1,true
0.184,feed,200,224.590,backend-1,true
0.402,message,201,6.760,backend-1,true
0.397,message,201,12.280,backend-2,true
0.402,message,201,6.890,backend-1,true
0.402,message,201,7.250,backend-1,true
0.093,feed,200,316.480,backend-3,true
0.402,message,201,7.630,backend-1,true
0.096,feed,200,316.700,backend-2,true
0.413,message,201,3.820,backend-1,true
0.409,message,201,7.350,backend-1,true
0.410,message,201,6.680,backend-1,true
0.409,message,201,7.960,backend-1,true
0.410,message,201,7.060,backend-1,true
0.409,message,201,7.490,backend-1,true
0.409,message,201,7.750,backend-1,true
0.185,feed,200,232.540,backend-1,true
0.096,feed,200,327.820,backend-2,true
0.417,message,201,7.980,backend-1,true
0.417,message,201,8.000,backend-1,true
0.417,message,201,7.700,backend-1,true
0.417,message,201,8.070,backend-1,true
0.417,message,201,8.530,backend-1,true
0.418,message,201,7.580,backend-1,true
0.094,feed,200,333.610,backend-3,true
0.185,feed,200,242.940,backend-1,true
0.425,message,201,8.850,backend-1,true
0.424,message,201,9.680,backend-1,true
0.425,message,201,8.840,backend-1,true
0.425,message,201,8.950,backend-1,true
0.425,message,201,9.150,backend-1,true
0.425,message,201,8.920,backend-1,true
0.428,message,201,5.870,backend-2,true
0.425,message,201,8.700,backend-1,true
0.428,message,201,6.570,backend-1,true
0.097,feed,200,347.180,backend-3,true
0.096,feed,200,349.800,backend-2,true
0.187,feed,200,259.300,backend-1,true
0.433,message,201,17.110,backend-1,true
0.434,message,201,17.040,backend-1,true
0.434,message,201,16.810,backend-1,true
0.434,message,201,16.560,backend-1,true
0.434,message,201,16.680,backend-1,true
0.434,message,201,16.620,backend-1,true
0.434,message,201,17.420,backend-1,true
0.445,message,201,7.320,backend-1,true
0.446,message,201,11.310,backend-1,true
0.451,message,201,6.350,backend-1,true
0.452,message,201,5.130,backend-1,true
0.452,message,201,5.140,backend-1,true
0.451,message,201,6.460,backend-1,true
0.446,message,201,10.630,backend-1,true
0.451,message,201,6.390,backend-1,true
0.197,feed,200,261.030,backend-1,true
0.099,feed,200,363.380,backend-2,true
0.099,feed,200,364.300,backend-3,true
0.457,message,201,8.170,backend-1,true
0.457,message,201,8.130,backend-1,true
0.457,message,201,8.150,backend-1,true
0.457,message,201,8.190,backend-1,true
0.457,message,201,8.220,backend-1,true
0.457,message,201,8.170,backend-1,true
0.458,message,201,7.940,backend-1,true
0.197,feed,200,269.610,backend-1,true
0.462,message,201,6.510,backend-2,true
0.463,message,201,10.080,backend-1,true
0.465,message,201,7.920,backend-1,true
0.465,message,201,8.170,backend-1,true
0.465,message,201,8.370,backend-1,true
0.465,message,201,8.480,backend-1,true
0.466,message,201,8.280,backend-1,true
0.466,message,201,7.760,backend-1,true
0.469,message,201,6.860,backend-2,true
0.197,feed,200,280.440,backend-1,true
0.099,feed,200,379.530,backend-2,true
0.473,message,201,6.610,backend-2,true
0.473,message,201,6.840,backend-1,true
0.474,message,201,6.610,backend-1,true
0.473,message,201,7.280,backend-1,true
0.474,message,201,6.600,backend-1,true
0.474,message,201,6.660,backend-1,true
0.475,message,201,5.160,backend-1,true
0.474,message,201,6.510,backend-1,true
0.477,message,201,3.590,backend-1,true
0.478,message,201,2.810,backend-1,true
0.099,feed,200,382.930,backend-3,true
0.480,message,201,12.620,backend-1,true
0.481,message,201,12.300,backend-1,true
0.480,message,201,12.670,backend-1,true
0.098,feed,200,394.650,backend-3,true
0.481,message,201,12.890,backend-1,true
0.481,message,201,12.930,backend-1,true
0.197,feed,200,297.440,backend-1,true
0.481,message,201,16.450,backend-1,true
0.481,message,201,16.660,backend-1,true
0.493,message,201,4.900,backend-1,true
0.481,message,201,16.360,backend-1,true
0.493,message,201,5.020,backend-1,true
0.493,message,201,4.790,backend-1,true
0.099,feed,200,400.610,backend-2,true
0.495,message,201,7.450,backend-2,true
0.197,feed,200,305.610,backend-1,true
0.498,message,201,7.300,backend-1,true
0.498,message,201,7.070,backend-1,true
0.497,message,201,7.570,backend-1,true
0.499,message,201,5.820,backend-1,true
0.498,message,201,7.180,backend-1,true
0.498,message,201,7.120,backend-1,true
0.099,feed,200,406.670,backend-3,true
0.505,message,201,3.280,backend-1,true
0.505,message,201,3.610,backend-1,true
0.503,message,201,5.880,backend-1,true
0.505,message,201,3.640,backend-1,true
0.505,message,201,3.630,backend-1,true
0.505,message,201,3.740,backend-1,true
0.505,message,201,3.610,backend-1,true
0.502,message,201,6.610,backend-1,true
0.197,feed,200,314.410,backend-1,true
0.509,message,201,5.890,backend-1,true
0.509,message,201,5.890,backend-1,true
0.509,message,201,5.970,backend-1,true
0.509,message,201,6.000,backend-1,true
0.509,message,201,5.980,backend-1,true
0.509,message,201,5.980,backend-1,true
0.099,feed,200,415.990,backend-2,true
0.098,feed,200,417.510,backend-3,true
0.512,message,201,6.700,backend-2,true
0.197,feed,200,322.120,backend-1,true
0.515,message,201,6.840,backend-1,true
0.515,message,201,6.830,backend-1,true
0.516,message,201,5.490,backend-1,true
0.518,message,201,3.230,backend-1,true
0.515,message,201,6.810,backend-1,true
0.515,message,201,6.910,backend-1,true
0.515,message,201,6.960,backend-1,true
0.520,message,201,5.360,backend-2,true
0.099,feed,200,427.190,backend-2,true
0.522,message,201,5.150,backend-1,true
0.521,message,201,5.250,backend-1,true
0.522,message,201,5.240,backend-1,true
0.521,message,201,5.270,backend-1,true
0.525,message,201,1.840,backend-1,true
0.521,message,201,5.300,backend-1,true
0.521,message,201,5.350,backend-1,true
0.202,feed,200,326.600,backend-1,true
0.099,feed,200,430.570,backend-3,true
0.526,message,201,9.610,backend-1,true
0.527,message,201,8.730,backend-1,true
0.527,message,201,8.740,backend-1,true
0.527,message,201,8.910,backend-1,true
0.527,message,201,8.860,backend-1,true
0.527,message,201,8.910,backend-1,true
0.528,message,201,7.400,backend-1,true
0.535,message,201,6.640,backend-1,true
0.536,message,201,6.700,backend-1,true
0.536,message,201,6.590,backend-1,true
0.536,message,201,6.750,backend-1,true
0.536,message,201,6.620,backend-1,true
0.202,feed,200,343.090,backend-1,true
0.529,message,201,16.780,backend-2,true
0.546,message,201,3.730,backend-1,true
0.542,message,201,7.510,backend-1,true
0.542,message,201,7.770,backend-1,true
0.106,feed,200,444.480,backend-3,true
0.545,message,201,7.470,backend-2,true
0.099,feed,200,454.670,backend-2,true
0.202,feed,200,353.440,backend-1,true
0.553,message,201,2.450,backend-1,true
0.550,message,201,5.860,backend-1,true
0.550,message,201,5.770,backend-1,true
0.550,message,201,5.990,backend-2,true
0.551,message,201,5.030,backend-2,true
0.553,message,201,3.410,backend-2,true
0.556,message,201,5.760,backend-2,true
0.556,message,201,5.550,backend-2,true
0.556,message,201,5.860,backend-2,true
0.106,feed,200,455.200,backend-3,true
0.556,message,201,5.970,backend-2,true
0.098,feed,200,464.660,backend-2,true
0.556,message,201,7.640,backend-1,true
0.562,message,201,12.470,backend-2,true
0.562,message,201,12.530,backend-2,true
0.561,message,201,12.700,backend-2,true
0.562,message,201,12.530,backend-2,true
0.202,feed,200,372.700,backend-1,true
0.564,message,201,13.220,backend-1,true
0.563,message,201,13.640,backend-1,true
0.098,feed,200,481.520,backend-2,true
0.575,message,201,7.080,backend-2,true
0.577,message,201,5.370,backend-2,true
0.577,message,201,5.380,backend-1,true
0.574,message,201,8.140,backend-1,true
0.574,message,201,8.180,backend-1,true
0.574,message,201,8.250,backend-1,true
0.106,feed,200,478.320,backend-3,true
0.580,message,201,6.210,backend-1,true
0.582,message,201,4.000,backend-1,true
0.582,message,201,4.120,backend-1,true
0.582,message,201,4.120,backend-1,true
0.582,message,201,4.170,backend-1,true
0.582,message,201,4.160,backend-1,true
0.212,feed,200,378.270,backend-1,true
0.586,message,201,4.810,backend-1,true
0.586,message,201,4.730,backend-1,true
0.586,message,201,4.720,backend-1,true
0.585,message,201,6.450,backend-1,true
0.586,message,201,4.810,backend-1,true
0.098,feed,200,493.570,backend-2,true
0.106,feed,200,489.220,backend-3,true
0.590,message,201,7.070,backend-2,true
0.591,message,201,8.440,backend-1,true
0.596,message,201,3.940,backend-1,true
0.591,message,201,8.400,backend-1,true
0.591,message,201,8.440,backend-1,true
0.592,message,201,7.700,backend-1,true
0.591,message,201,8.470,backend-1,true
0.211,feed,200,389.410,backend-1,true
0.597,message,201,5.510,backend-1,true
0.600,message,201,2.900,backend-1,true
0.600,message,201,2.980,backend-1,true
0.600,message,201,2.930,backend-1,true
0.600,message,201,2.920,backend-1,true
0.600,message,201,3.050,backend-1,true
0.099,feed,200,506.870,backend-2,true
0.602,message,201,4.190,backend-1,true
0.602,message,201,4.200,backend-1,true
0.602,message,201,4.240,backend-1,true
0.601,message,201,5.810,backend-1,true
0.602,message,201,4.310,backend-1,true
0.216,feed,200,392.920,backend-1,true
0.607,message,201,6.560,backend-1,true
0.609,message,201,4.440,backend-1,true
0.606,message,201,7.810,backend-1,true
0.607,message,201,6.670,backend-1,true
0.607,message,201,6.700,backend-1,true
0.607,message,201,6.760,backend-1,true
0.106,feed,200,513.790,backend-3,true
0.098,feed,200,522.820,backend-2,true
0.216,feed,200,405.280,backend-1,true
0.613,message,201,10.940,backend-1,true
0.613,message,201,10.940,backend-1,true
0.620,message,201,4.420,backend-1,true
0.613,message,201,11.060,backend-1,true
0.613,message,201,11.130,backend-1,true
0.621,message,201,3.260,backend-1,true
0.621,message,201,7.120,backend-2,true
0.216,feed,200,414.000,backend-1,true
0.624,message,201,6.310,backend-1,true
0.624,message,201,6.430,backend-1,true
0.628,message,201,2.630,backend-1,true
0.624,message,201,6.390,backend-1,true
0.624,message,201,6.500,backend-1,true
0.624,message,201,6.460,backend-1,true
0.624,message,201,6.580,backend-1,true
0.098,feed,200,534.430,backend-2,true
0.631,message,201,5.130,backend-1,true
0.631,message,201,5.330,backend-1,true
0.631,message,201,5.230,backend-1,true
0.631,message,201,5.160,backend-1,true
0.633,message,201,3.420,backend-1,true
0.631,message,201,5.230,backend-1,true
0.630,message,201,6.310,backend-1,true
0.631,message,201,5.270,backend-1,true
0.106,feed,200,531.700,backend-3,true
0.216,feed,200,421.750,backend-1,true
0.638,message,201,3.840,backend-1,true
0.636,message,201,5.490,backend-1,true
0.636,message,201,5.480,backend-1,true
0.636,message,201,5.570,backend-1,true
0.636,message,201,5.500,backend-1,true
0.636,message,201,5.570,backend-1,true
0.638,message,201,3.500,backend-1,true
0.636,message,201,5.680,backend-1,true
0.216,feed,200,429.980,backend-1,true
0.099,feed,200,548.490,backend-2,true
0.106,feed,200,542.120,backend-3,true
0.642,message,201,6.660,backend-1,true
0.642,message,201,6.480,backend-1,true
0.642,message,201,6.610,backend-1,true
0.642,message,201,6.700,backend-1,true
0.642,message,201,6.720,backend-1,true
0.642,message,201,6.640,backend-1,true
0.648,message,201,5.070,backend-1,true
0.647,message,201,6.270,backend-1,true
0.648,message,201,5.210,backend-1,true
0.648,message,201,5.080,backend-1,true
0.648,message,201,5.060,backend-1,true
0.646,message,201,7.090,backend-1,true
0.648,message,201,5.080,backend-1,true
0.216,feed,200,439.040,backend-1,true
0.099,feed,200,557.670,backend-2,true
0.653,message,201,13.100,backend-1,true
0.653,message,201,13.160,backend-1,true
0.653,message,201,13.240,backend-1,true
0.653,message,201,13.290,backend-1,true
0.653,message,201,13.290,backend-1,true
0.656,message,201,10.250,backend-1,true
0.106,feed,200,562.940,backend-3,true
0.655,message,201,14.650,backend-2,true
0.217,feed,200,454.790,backend-1,true
0.099,feed,200,573.230,backend-2,true
0.667,message,201,14.210,backend-1,true
0.667,message,201,14.190,backend-1,true
0.667,message,201,14.330,backend-1,true
0.667,message,201,14.680,backend-1,true
0.670,message,201,11.350,backend-1,true
0.669,message,201,12.440,backend-1,true
0.672,message,201,9.760,backend-1,true
0.672,message,201,9.660,backend-1,true
0.221,feed,200,461.890,backend-1,true
0.099,feed,200,586.020,backend-2,true
0.681,message,201,6.420,backend-2,true
0.681,message,201,7.380,backend-1,true
0.681,message,201,7.350,backend-1,true
0.681,message,201,6.970,backend-1,true
0.681,message,201,7.430,backend-1,true
0.681,message,201,7.210,backend-1,true
0.682,message,201,7.020,backend-1,true
0.682,message,201,6.970,backend-1,true
0.683,message,201,5.950,backend-1,true
0.685,message,201,3.860,backend-1,true
0.106,feed,200,583.370,backend-3,true
0.221,feed,200,470.170,backend-1,true
0.689,message,201,7.000,backend-1,true
0.689,message,201,7.030,backend-1,true
0.689,message,201,7.020,backend-1,true
0.688,message,201,7.360,backend-1,true
0.688,message,201,7.380,backend-1,true
0.689,message,201,7.090,backend-1,true
0.689,message,201,7.530,backend-1,true
0.689,message,201,7.110,backend-1,true
0.691,message,201,5.390,backend-1,true
0.099,feed,200,600.730,backend-2,true
0.106,feed,200,597.400,backend-3,true
0.221,feed,200,483.130,backend-1,true
0.696,message,201,9.090,backend-1,true
0.696,message,201,9.200,backend-1,true
0.696,message,201,9.350,backend-1,true
0.696,message,201,9.630,backend-1,true
0.696,message,201,9.460,backend-1,true
0.696,message,201,9.320,backend-1,true
0.696,message,201,9.580,backend-1,true
0.699,message,201,6.990,backend-1,true
0.705,message,201,19.430,backend-2,true
0.703,message,201,23.240,backend-1,true
0.704,message,201,22.590,backend-1,true
0.705,message,201,21.680,backend-1,true
0.706,message,201,20.970,backend-1,true
0.706,message,201,20.940,backend-1,true
0.706,message,201,21.190,backend-1,true
0.706,message,201,20.670,backend-1,true
0.099,feed,200,629.090,backend-2,true
0.727,message,201,10.390,backend-1,true
0.727,message,201,10.410,backend-1,true
0.727,message,201,10.830,backend-1,true
0.727,message,201,10.870,backend-1,true
0.727,message,201,10.880,backend-1,true
0.727,message,201,10.760,backend-1,true
0.728,message,201,10.170,backend-1,true
0.222,feed,200,516.580,backend-1,true
0.737,message,201,6.530,backend-1,true
0.738,message,201,6.100,backend-1,true
0.737,message,201,6.540,backend-1,true
0.737,message,201,6.530,backend-1,true
0.737,message,201,6.530,backend-1,true
0.738,message,201,5.990,backend-1,true
0.106,feed,200,638.890,backend-3,true
0.739,message,201,6.250,backend-2,true
0.106,feed,200,640.940,backend-2,true
0.223,feed,200,525.400,backend-1,true
0.744,message,201,5.690,backend-1,true
0.744,message,201,5.750,backend-1,true
0.745,message,201,4.950,backend-1,true
0.744,message,201,5.750,backend-1,true
0.745,message,201,4.650,backend-1,true
0.747,message,201,2.840,backend-1,true
0.750,message,201,7.110,backend-2,true
0.750,message,201,6.940,backend-2,true
0.748,message,201,9.070,backend-2,true
0.106,feed,200,656.820,backend-3,true
0.750,message,201,19.970,backend-1,true
0.750,message,201,19.970,backend-1,true
0.757,message,201,13.110,backend-2,true
0.223,feed,200,547.770,backend-1,true
0.757,message,201,14.050,backend-1,true
0.757,message,201,14.550,backend-1,true
0.106,feed,200,665.500,backend-2,true
0.763,message,201,12.240,backend-1,true
0.771,message,201,7.410,backend-2,true
0.771,message,201,6.890,backend-2,true
0.770,message,201,9.560,backend-1,true
0.770,message,201,9.600,backend-1,true
0.772,message,201,7.760,backend-1,true
0.772,message,201,7.720,backend-1,true
0.775,message,201,4.680,backend-1,true
0.223,feed,200,562.150,backend-1,true
0.106,feed,200,678.900,backend-2,true
0.778,message,201,7.210,backend-1,true
0.779,message,201,6.290,backend-1,true
0.780,message,201,6.400,backend-1,true
0.780,message,201,6.590,backend-1,true
0.779,message,201,8.120,backend-2,true
0.786,message,201,6.590,backend-2,true
0.106,feed,200,687.000,backend-3,true
0.786,message,201,7.290,backend-2,true
0.786,message,201,11.610,backend-1,true
0.785,message,201,12.580,backend-1,true
0.785,message,201,12.520,backend-1,true
0.785,message,201,12.390,backend-1,true
0.793,message,201,11.120,backend-2,true
0.106,feed,200,699.200,backend-2,true
0.798,message,201,8.150,backend-1,true
0.798,message,201,8.160,backend-1,true
0.798,message,201,8.230,backend-1,true
0.798,message,201,8.200,backend-1,true
0.223,feed,200,585.180,backend-1,true
0.806,message,201,4.640,backend-1,true
0.805,message,201,5.030,backend-1,true
0.804,message,201,6.470,backend-1,true
0.806,message,201,4.640,backend-1,true
0.806,message,201,4.670,backend-1,true
0.106,feed,200,704.730,backend-3,true
0.810,message,201,4.780,backend-1,true
0.808,message,201,7.140,backend-1,true
0.810,message,201,4.860,backend-1,true
0.810,message,201,4.810,backend-1,true
0.810,message,201,5.770,backend-2,true
0.810,message,201,5.710,backend-2,true
0.227,feed,200,589.910,backend-1,true
0.106,feed,200,713.270,backend-2,true
0.815,message,201,6.580,backend-1,true
0.815,message,201,6.660,backend-1,true
0.815,message,201,6.640,backend-1,true
0.816,message,201,5.790,backend-1,true
0.817,message,201,6.670,backend-2,true
0.106,feed,200,718.110,backend-3,true
0.822,message,201,3.310,backend-1,true
0.819,message,201,6.070,backend-1,true
0.227,feed,200,601.450,backend-1,true
0.822,message,201,7.230,backend-2,true
0.824,message,201,5.350,backend-2,true
0.825,message,201,3.800,backend-2,true
0.822,message,201,7.350,backend-2,true
0.824,message,201,5.910,backend-1,true
0.825,message,201,4.240,backend-1,true
0.829,message,201,5.340,backend-1,true
0.828,message,201,6.140,backend-1,true
0.829,message,201,5.430,backend-1,true
0.106,feed,200,729.740,backend-2,true
0.829,message,201,14.260,backend-2,true
0.829,message,201,14.040,backend-2,true
0.835,message,201,9.630,backend-1,true
0.836,message,201,8.490,backend-1,true
0.835,message,201,9.680,backend-1,true
0.106,feed,200,738.580,backend-3,true
0.227,feed,200,619.430,backend-1,true
0.843,message,201,6.530,backend-2,true
0.846,message,201,3.700,backend-2,true
0.843,message,201,6.570,backend-2,true
0.844,message,201,6.370,backend-1,true
0.844,message,201,6.360,backend-1,true
0.844,message,201,6.450,backend-1,true
0.850,message,201,7.110,backend-2,true
0.851,message,201,6.570,backend-2,true
0.851,message,201,6.620,backend-2,true
0.850,message,201,7.280,backend-2,true
0.851,message,201,6.670,backend-2,true
0.106,feed,200,751.920,backend-2,true
0.227,feed,200,630.720,backend-1,true
0.106,feed,200,756.070,backend-3,true
0.857,message,201,5.720,backend-2,true
0.857,message,201,5.730,backend-2,true
0.857,message,201,5.890,backend-2,true
0.858,message,201,5.200,backend-2,true
0.858,message,201,6.180,backend-1,true
0.106,feed,200,768.170,backend-2,true
0.228,feed,200,647.850,backend-1,true
0.863,message,201,13.090,backend-2,true
0.863,message,201,13.220,backend-2,true
0.862,message,201,14.720,backend-2,true
0.863,message,201,14.460,backend-1,true
0.863,message,201,14.450,backend-1,true
0.864,message,201,13.420,backend-1,true
0.874,message,201,7.930,backend-1,true
0.876,message,201,8.400,backend-2,true
0.876,message,201,8.350,backend-2,true
0.876,message,201,8.230,backend-2,true
0.878,message,201,7.040,backend-2,true
0.108,feed,200,777.160,backend-3,true
0.882,message,201,6.350,backend-1,true
0.885,message,201,3.960,backend-1,true
0.106,feed,200,785.180,backend-2,true
0.885,message,201,6.510,backend-2,true
0.885,message,201,7.240,backend-2,true
0.885,message,201,7.350,backend-2,true
0.885,message,201,7.440,backend-2,true
0.233,feed,200,661.400,backend-1,true
0.888,message,201,7.460,backend-1,true
0.891,message,201,8.770,backend-2,true
0.892,message,201,8.010,backend-2,true
0.896,message,201,4.010,backend-2,true
0.892,message,201,7.890,backend-2,true
0.892,message,201,8.150,backend-2,true
0.892,message,201,8.100,backend-2,true
0.895,message,201,5.370,backend-2,true
0.900,message,201,8.350,backend-2,true
0.900,message,201,8.290,backend-2,true
0.900,message,201,8.330,backend-2,true
0.900,message,201,8.480,backend-2,true
0.106,feed,200,802.690,backend-2,true
0.108,feed,200,806.970,backend-3,true
0.908,message,201,10.150,backend-2,true
0.915,message,201,3.410,backend-2,true
0.908,message,201,9.980,backend-2,true
0.908,message,201,10.090,backend-2,true
0.908,message,201,10.210,backend-2,true
0.908,message,201,11.260,backend-1,true
0.106,feed,200,820.180,backend-2,true
0.918,message,201,7.490,backend-2,true
0.918,message,201,7.530,backend-2,true
0.918,message,201,7.460,backend-2,true
0.918,message,201,7.520,backend-2,true
0.920,message,201,6.450,backend-2,true
0.926,message,201,8.470,backend-2,true
0.926,message,201,8.400,backend-2,true
0.926,message,201,8.370,backend-2,true
0.108,feed,200,826.380,backend-3,true
0.233,feed,200,703.210,backend-1,true
0.106,feed,200,831.720,backend-2,true
0.937,message,201,5.830,backend-2,true
0.934,message,201,8.110,backend-2,true
0.934,message,201,8.100,backend-2,true
0.934,message,201,8.070,backend-2,true
0.934,message,201,8.160,backend-2,true
0.937,message,201,7.610,backend-1,true
0.106,feed,200,841.630,backend-2,true
0.942,message,201,7.720,backend-2,true
0.942,message,201,7.760,backend-2,true
0.945,message,201,5.190,backend-2,true
0.942,message,201,7.730,backend-2,true
0.118,feed,200,832.870,backend-3,true
0.947,message,201,6.850,backend-2,true
0.950,message,201,3.920,backend-2,true
0.950,message,201,3.900,backend-2,true
0.950,message,201,3.950,backend-2,true
0.950,message,201,3.960,backend-2,true
0.234,feed,200,721.170,backend-1,true
0.106,feed,200,854.660,backend-2,true
0.954,message,201,7.960,backend-2,true
0.954,message,201,8.030,backend-2,true
0.955,message,201,7.290,backend-2,true
0.954,message,201,8.060,backend-2,true
0.954,message,201,8.070,backend-2,true
0.962,message,201,6.260,backend-2,true
0.951,message,201,25.870,backend-1,true
0.118,feed,200,861.320,backend-3,true
0.106,feed,200,877.570,backend-2,true
0.977,message,201,8.670,backend-2,true
0.986,message,201,8.590,backend-2,true
0.108,feed,200,889.810,backend-2,true
0.118,feed,200,881.820,backend-3,true
0.994,message,201,10.470,backend-2,true
0.247,feed,200,759.670,backend-1,true
1.000,message,201,8.930,backend-2,true
0.960,message,201,51.150,backend-1,true
0.962,message,201,50.390,backend-1,true
0.968,message,201,44.640,backend-1,true
0.980,message,201,33.880,backend-1,true
0.983,message,201,30.820,backend-1,true
1.007,message,201,8.680,backend-2,true
1.009,message,201,6.110,backend-2,true
0.108,feed,200,908.160,backend-2,true
0.998,message,201,20.910,backend-1,true
0.118,feed,200,901.320,backend-3,true
1.005,message,201,14.960,backend-1,true
1.014,message,201,8.520,backend-2,true
1.015,message,201,7.300,backend-2,true
1.015,message,201,7.500,backend-2,true
1.011,message,201,13.130,backend-1,true
1.013,message,201,12.770,backend-1,true
1.019,message,201,6.720,backend-2,true
1.014,message,201,12.520,backend-1,true
1.016,message,201,10.220,backend-1,true
1.020,message,201,7.600,backend-1,true
0.108,feed,200,922.530,backend-2,true
1.023,message,201,9.660,backend-1,true
0.247,feed,200,785.770,backend-1,true
1.020,message,201,12.680,backend-1,true
1.023,message,201,10.110,backend-1,true
1.022,message,201,10.160,backend-1,true
1.027,message,201,14.960,backend-2,true
1.026,message,201,15.340,backend-2,true
1.025,message,201,17.050,backend-2,true
0.124,feed,200,921.670,backend-3,true
1.031,message,201,16.960,backend-2,true
1.025,message,201,26.000,backend-1,true
1.026,message,201,26.020,backend-1,true
1.027,message,201,24.700,backend-1,true
1.041,message,201,10.640,backend-2,true
1.042,message,201,10.700,backend-2,true
1.045,message,201,7.310,backend-2,true
1.033,message,201,23.360,backend-1,true
1.033,message,201,23.350,backend-1,true
1.033,message,201,23.350,backend-1,true
1.033,message,201,23.710,backend-1,true
1.042,message,201,14.750,backend-1,true
1.047,message,201,9.280,backend-2,true
1.052,message,201,5.220,backend-2,true
1.052,message,201,5.090,backend-2,true
1.052,message,201,5.060,backend-2,true
0.108,feed,200,952.140,backend-2,true
0.124,feed,200,939.730,backend-3,true
0.254,feed,200,814.220,backend-1,true
1.053,message,201,23.250,backend-2,true
1.057,message,201,20.750,backend-1,true
1.060,message,201,17.430,backend-1,true
0.123,feed,200,954.460,backend-3,true
1.056,message,201,22.300,backend-2,true
1.056,message,201,21.990,backend-2,true
1.063,message,201,15.010,backend-2,true
1.057,message,201,21.450,backend-2,true
1.068,message,201,15.730,backend-1,true
0.119,feed,200,968.820,backend-2,true
1.078,message,201,11.560,backend-2,true
1.078,message,201,11.690,backend-2,true
1.078,message,201,12.200,backend-2,true
1.078,message,201,12.860,backend-2,true
1.076,message,201,16.140,backend-1,true
1.078,message,201,14.590,backend-1,true
0.258,feed,200,834.310,backend-1,true
1.084,message,201,12.360,backend-2,true
1.089,message,201,7.010,backend-2,true
1.090,message,201,7.210,backend-2,true
1.090,message,201,6.700,backend-2,true
1.091,message,201,6.160,backend-2,true
0.124,feed,200,974.220,backend-3,true
1.088,message,201,10.840,backend-1,true
1.096,message,201,2.300,backend-1,true
1.092,message,201,6.510,backend-1,true
1.093,message,201,8.340,backend-2,true
1.096,message,201,7.340,backend-1,true
0.119,feed,200,985.550,backend-2,true
0.258,feed,200,847.260,backend-1,true
1.097,message,201,10.700,backend-2,true
1.101,message,201,7.030,backend-2,true
1.098,message,201,10.250,backend-2,true
1.098,message,201,10.040,backend-2,true
1.097,message,201,11.070,backend-2,true
1.104,message,201,10.830,backend-1,true
1.108,message,201,6.750,backend-1,true
0.124,feed,200,991.690,backend-3,true
1.106,message,201,13.730,backend-2,true
1.103,message,201,15.890,backend-2,true
1.108,message,201,12.130,backend-2,true
1.108,message,201,11.710,backend-2,true
1.108,message,201,12.660,backend-2,true
0.118,feed,200,1003.450,backend-2,true
0.266,feed,200,857.540,backend-1,true
1.119,message,201,6.740,backend-1,true
0.125,feed,200,1006.250,backend-3,true
1.115,message,201,21.160,backend-2,true
1.122,message,201,14.800,backend-1,true
1.115,message,201,24.280,backend-2,true
1.116,message,201,23.850,backend-2,true
1.131,message,201,8.900,backend-1,true
1.120,message,201,19.830,backend-2,true
1.120,message,201,19.900,backend-2,true
1.119,message,201,20.770,backend-2,true
0.118,feed,200,1023.700,backend-2,true
1.123,message,201,19.920,backend-2,true
0.273,feed,200,875.020,backend-1,true
1.142,message,201,6.330,backend-1,true
1.140,message,201,8.630,backend-1,true
0.125,feed,200,1023.730,backend-3,true
1.136,message,201,12.660,backend-2,true
1.137,message,201,12.510,backend-2,true
1.139,message,201,9.830,backend-2,true
1.143,message,201,6.210,backend-2,true
1.140,message,201,9.430,backend-2,true
1.140,message,201,9.340,backend-2,true
0.118,feed,200,1036.110,backend-2,true
1.148,message,201,5.970,backend-1,true
1.148,message,201,6.020,backend-1,true
1.149,message,201,7.790,backend-2,true
1.149,message,201,7.800,backend-2,true
1.149,message,201,7.510,backend-2,true
1.149,message,201,7.320,backend-2,true
1.149,message,201,7.070,backend-2,true
1.149,message,201,7.100,backend-2,true
1.149,message,201,7.180,backend-2,true
1.154,message,201,6.960,backend-1,true
1.157,message,201,4.860,backend-1,true
0.129,feed,200,1033.120,backend-3,true
1.157,message,201,5.530,backend-2,true
1.154,message,201,7.680,backend-2,true
1.156,message,201,5.730,backend-2,true
1.156,message,201,5.670,backend-2,true
1.154,message,201,7.710,backend-2,true
1.157,message,201,5.630,backend-2,true
0.273,feed,200,891.170,backend-1,true
0.118,feed,200,1048.860,backend-2,true
1.161,message,201,8.120,backend-1,true
1.162,message,201,9.180,backend-2,true
1.162,message,201,8.740,backend-2,true
1.162,message,201,8.850,backend-2,true
1.162,message,201,8.900,backend-2,true
1.162,message,201,8.840,backend-2,true
1.165,message,201,6.420,backend-2,true
0.128,feed,200,1047.110,backend-3,true
1.167,message,201,15.360,backend-2,true
1.171,message,201,11.580,backend-2,true
1.171,message,201,11.680,backend-2,true
1.171,message,201,11.600,backend-2,true
1.171,message,201,13.540,backend-1,true
1.171,message,201,15.020,backend-2,true
1.175,message,201,10.680,backend-2,true
0.285,feed,200,903.190,backend-1,true
0.124,feed,200,1065.120,backend-2,true
1.183,message,201,9.240,backend-2,true
1.183,message,201,9.470,backend-2,true
1.186,message,201,6.230,backend-2,true
1.184,message,201,7.850,backend-2,true
1.186,message,201,6.230,backend-2,true
0.130,feed,200,1066.280,backend-3,true
1.188,message,201,8.270,backend-2,true
1.189,message,201,7.250,backend-2,true
1.192,message,201,4.080,backend-2,true
1.192,message,201,7.480,backend-1,true
1.192,message,201,7.050,backend-1,true
1.196,message,201,3.240,backend-1,true
1.196,message,201,3.290,backend-1,true
1.192,message,201,7.260,backend-1,true
0.124,feed,200,1077.680,backend-2,true
1.199,message,201,3.650,backend-2,true
1.196,message,201,7.160,backend-2,true
1.196,message,201,6.630,backend-2,true
0.285,feed,200,918.760,backend-1,true
1.199,message,201,6.830,backend-1,true
1.199,message,201,7.480,backend-2,true
1.201,message,201,5.650,backend-2,true
1.203,message,201,3.980,backend-2,true
1.203,message,201,3.520,backend-2,true
0.139,feed,200,1070.890,backend-3,true
1.203,message,201,6.540,backend-1,true
1.207,message,201,2.660,backend-1,true
1.210,message,201,4.330,backend-2,true
1.210,message,201,4.370,backend-2,true
1.207,message,201,6.970,backend-2,true
0.124,feed,200,1090.530,backend-2,true
1.207,message,201,7.260,backend-2,true
1.214,message,201,2.030,backend-1,true
1.210,message,201,6.570,backend-1,true
1.214,message,201,2.160,backend-1,true
0.299,feed,200,926.350,backend-1,true
0.139,feed,200,1090.840,backend-3,true
1.214,message,201,15.910,backend-2,true
1.214,message,201,15.920,backend-2,true
1.216,message,201,15.500,backend-1,true
0.123,feed,200,1109.510,backend-2,true
1.229,message,201,3.820,backend-2,true
1.225,message,201,8.200,backend-2,true
1.230,message,201,7.570,backend-2,true
1.233,message,201,4.630,backend-1,true
1.233,message,201,4.250,backend-2,true
1.233,message,201,4.330,backend-2,true
1.230,message,201,7.720,backend-1,true
1.232,message,201,5.930,backend-1,true
0.124,feed,200,1119.570,backend-2,true
0.300,feed,200,943.530,backend-1,true
0.139,feed,200,1105.460,backend-3,true
1.238,message,201,7.360,backend-2,true
1.238,message,201,7.420,backend-2,true
1.238,message,201,7.410,backend-1,true
1.238,message,201,7.360,backend-2,true
1.238,message,201,7.480,backend-2,true
1.245,message,201,5.530,backend-1,true
1.245,message,201,5.590,backend-1,true
1.243,message,201,7.250,backend-1,true
1.244,message,201,7.050,backend-2,true
1.244,message,201,6.860,backend-2,true
1.245,message,201,5.990,backend-2,true
1.245,message,201,5.990,backend-2,true
1.245,message,201,6.000,backend-2,true
0.124,feed,200,1131.660,backend-2,true
0.300,feed,200,956.230,backend-1,true
0.139,feed,200,1117.460,backend-3,true
1.251,message,201,6.900,backend-1,true
1.251,message,201,7.680,backend-2,true
1.251,message,201,7.440,backend-2,true
1.251,message,201,7.460,backend-2,true
1.257,message,201,6.880,backend-1,true
1.256,message,201,7.380,backend-1,true
1.257,message,201,6.780,backend-1,true
1.258,message,201,6.750,backend-2,true
1.258,message,201,6.890,backend-2,true
1.258,message,201,7.390,backend-2,true
0.141,feed,200,1130.200,backend-3,true
0.125,feed,200,1146.620,backend-2,true
0.317,feed,200,962.620,backend-1,true
1.265,message,201,19.870,backend-1,true
1.264,message,201,21.550,backend-1,true
1.271,message,201,20.860,backend-1,true
1.272,message,201,20.840,backend-2,true
1.263,message,201,28.890,backend-2,true
1.263,message,201,28.930,backend-2,true
1.265,message,201,27.210,backend-2,true
1.265,message,201,27.230,backend-2,true
1.279,message,201,14.500,backend-2,true
1.285,message,201,9.660,backend-1,true
0.141,feed,200,1153.590,backend-3,true
0.125,feed,200,1169.980,backend-2,true
1.292,message,201,9.260,backend-1,true
1.295,message,201,6.840,backend-1,true
1.295,message,201,6.940,backend-1,true
0.317,feed,200,986.660,backend-1,true
1.292,message,201,11.080,backend-2,true
1.292,message,201,11.000,backend-2,true
1.294,message,201,9.720,backend-2,true
1.292,message,201,11.100,backend-2,true
1.295,message,201,10.100,backend-1,true
1.303,message,201,5.140,backend-2,true
1.302,message,201,7.020,backend-2,true
1.303,message,201,5.510,backend-2,true
1.303,message,201,5.310,backend-2,true
0.125,feed,200,1184.060,backend-2,true
1.303,message,201,5.690,backend-1,true
1.302,message,201,7.440,backend-1,true
1.303,message,201,5.700,backend-1,true
1.302,message,201,7.430,backend-1,true
0.145,feed,200,1164.760,backend-3,true
1.309,message,201,6.970,backend-2,true
1.309,message,201,7.020,backend-2,true
1.309,message,201,7.010,backend-2,true
1.309,message,201,7.470,backend-2,true
1.310,message,201,6.040,backend-2,true
0.317,feed,200,1000.900,backend-1,true
1.309,message,201,9.640,backend-1,true
1.309,message,201,9.480,backend-1,true
1.309,message,201,9.300,backend-1,true
0.128,feed,200,1193.340,backend-2,true
1.318,message,201,6.130,backend-2,true
1.318,message,201,6.230,backend-2,true
1.316,message,201,8.480,backend-2,true
1.318,message,201,6.210,backend-2,true
0.145,feed,200,1180.460,backend-3,true
1.318,message,201,8.480,backend-1,true
1.316,message,201,9.960,backend-1,true
1.322,message,201,6.510,backend-1,true
1.325,message,201,8.480,backend-2,true
1.325,message,201,8.500,backend-2,true
1.325,message,201,8.520,backend-2,true
1.326,message,201,7.100,backend-2,true
1.326,message,201,20.400,backend-1,true
1.326,message,201,20.300,backend-1,true
1.328,message,201,18.230,backend-1,true
0.129,feed,200,1218.760,backend-2,true
0.325,feed,200,1023.320,backend-1,true
1.333,message,201,15.410,backend-1,true
1.333,message,201,15.500,backend-1,true
1.333,message,201,16.510,backend-2,true
0.145,feed,200,1205.550,backend-3,true
1.346,message,201,7.980,backend-2,true
1.346,message,201,8.000,backend-2,true
1.351,message,201,4.500,backend-1,true
1.348,message,201,7.770,backend-1,true
1.346,message,201,9.200,backend-1,true
1.348,message,201,7.670,backend-1,true
0.129,feed,200,1231.350,backend-2,true
1.354,message,201,6.400,backend-2,true
1.356,message,201,5.280,backend-2,true
1.356,message,201,5.300,backend-2,true
1.354,message,201,6.450,backend-2,true
1.355,message,201,6.880,backend-1,true
1.356,message,201,6.960,backend-1,true
0.146,feed,200,1218.370,backend-3,true
0.331,feed,200,1035.190,backend-1,true
1.361,message,201,8.270,backend-2,true
1.361,message,201,8.370,backend-2,true
1.364,message,201,5.220,backend-2,true
1.361,message,201,9.010,backend-1,true
1.362,message,201,7.480,backend-1,true
1.363,message,201,7.420,backend-1,true
1.361,message,201,9.100,backend-1,true
1.367,message,201,6.140,backend-1,true
1.370,message,201,2.950,backend-1,true
0.133,feed,200,1239.800,backend-2,true
0.146,feed,200,1228.370,backend-3,true
1.370,message,201,6.680,backend-2,true
1.370,message,201,6.550,backend-2,true
1.369,message,201,7.260,backend-2,true
1.370,message,201,6.540,backend-2,true
1.373,message,201,8.010,backend-1,true
1.374,message,201,6.880,backend-1,true
1.377,message,201,4.400,backend-2,true
1.376,message,201,4.600,backend-1,true
1.373,message,201,8.380,backend-1,true
1.373,message,201,8.280,backend-2,true
0.332,feed,200,1058.330,backend-1,true
0.134,feed,200,1259.800,backend-2,true
1.381,message,201,14.110,backend-2,true
1.381,message,201,15.100,backend-1,true
1.382,message,201,14.500,backend-1,true
1.390,message,201,6.180,backend-1,true
1.381,message,201,15.140,backend-1,true
1.381,message,201,15.060,backend-1,true
0.146,feed,200,1251.060,backend-3,true
1.396,message,201,5.420,backend-1,true
1.396,message,201,5.460,backend-1,true
1.393,message,201,8.340,backend-1,true
1.396,message,201,6.640,backend-2,true
1.397,message,201,6.090,backend-2,true
1.395,message,201,7.400,backend-2,true
0.339,feed,200,1063.910,backend-1,true
0.134,feed,200,1272.210,backend-2,true
1.402,message,201,6.190,backend-1,true
1.402,message,201,6.360,backend-1,true
1.402,message,201,6.370,backend-1,true
0.146,feed,200,1262.450,backend-3,true
1.403,message,201,6.810,backend-2,true
1.403,message,201,6.750,backend-2,true
1.403,message,201,6.960,backend-2,true
1.408,message,201,14.200,backend-1,true
1.406,message,201,16.340,backend-1,true
1.408,message,201,14.220,backend-1,true
1.410,message,201,12.600,backend-1,true
1.408,message,201,15.410,backend-2,true
1.410,message,201,13.780,backend-2,true
0.339,feed,200,1084.630,backend-1,true
0.134,feed,200,1294.840,backend-2,true
0.146,feed,200,1282.940,backend-3,true
1.422,message,201,7.820,backend-1,true
1.424,message,201,6.290,backend-1,true
1.422,message,201,7.790,backend-1,true
1.423,message,201,6.830,backend-2,true
1.423,message,201,6.840,backend-2,true
1.422,message,201,8.230,backend-2,true
1.430,message,201,5.770,backend-2,true
1.430,message,201,5.860,backend-1,true
1.428,message,201,7.660,backend-1,true
1.430,message,201,5.820,backend-1,true
1.430,message,201,6.200,backend-1,true
1.429,message,201,7.610,backend-1,true
0.352,feed,200,1084.180,backend-1,true
0.134,feed,200,1305.360,backend-2,true
0.146,feed,200,1293.220,backend-3,true
1.436,message,201,6.490,backend-2,true
1.439,message,201,3.560,backend-2,true
1.436,message,201,6.540,backend-2,true
1.439,message,201,3.760,backend-2,true
1.436,message,201,6.680,backend-2,true
1.436,message,201,7.990,backend-1,true
1.436,message,201,8.330,backend-1,true
1.436,message,201,8.390,backend-1,true
1.436,message,201,8.400,backend-1,true
0.352,feed,200,1095.070,backend-1,true
1.445,message,201,4.290,backend-1,true
1.443,message,201,6.220,backend-1,true
1.444,message,201,4.420,backend-1,true
1.444,message,201,4.850,backend-2,true
1.445,message,201,4.790,backend-2,true
1.443,message,201,6.670,backend-2,true
1.443,message,201,6.760,backend-2,true
0.134,feed,200,1316.490,backend-2,true
0.146,feed,200,1304.770,backend-3,true
1.449,message,201,4.890,backend-2,true
1.447,message,201,6.380,backend-2,true
1.449,message,201,4.410,backend-2,true
1.449,message,201,4.930,backend-2,true
1.449,message,201,7.070,backend-1,true
1.451,message,201,5.740,backend-1,true
1.449,message,201,7.590,backend-1,true
1.450,message,201,6.470,backend-1,true
1.454,message,201,11.580,backend-2,true
1.454,message,201,11.640,backend-2,true
1.454,message,201,11.670,backend-2,true
1.456,message,201,9.010,backend-2,true
1.456,message,201,9.020,backend-2,true
1.456,message,201,9.770,backend-1,true
0.352,feed,200,1115.600,backend-1,true
0.134,feed,200,1334.380,backend-2,true
0.146,feed,200,1322.160,backend-3,true
1.465,message,201,8.040,backend-1,true
1.465,message,201,8.040,backend-1,true
1.468,message,201,5.670,backend-1,true
1.468,message,201,7.010,backend-2,true
1.466,message,201,8.750,backend-2,true
1.468,message,201,7.030,backend-2,true
1.475,message,201,6.500,backend-2,true
0.146,feed,200,1335.550,backend-3,true
0.134,feed,200,1348.430,backend-2,true
0.358,feed,200,1124.190,backend-1,true
1.474,message,201,8.820,backend-1,true
1.475,message,201,7.450,backend-1,true
1.475,message,201,7.480,backend-1,true
1.474,message,201,8.930,backend-1,true
1.473,message,201,9.010,backend-1,true
1.482,message,201,6.530,backend-2,true
1.482,message,201,6.110,backend-2,true
1.482,message,201,7.770,backend-1,true
1.482,message,201,6.960,backend-1,true
1.482,message,201,7.160,backend-1,true
1.482,message,201,7.550,backend-1,true
0.146,feed,200,1346.530,backend-3,true
0.133,feed,200,1359.740,backend-2,true
0.358,feed,200,1136.100,backend-1,true
1.489,message,201,5.250,backend-1,true
1.488,message,201,6.150,backend-1,true
1.489,message,201,6.530,backend-2,true
1.490,message,201,6.380,backend-2,true
1.489,message,201,6.550,backend-2,true
1.489,message,201,7.390,backend-2,true
1.493,message,201,7.270,backend-1,true
1.493,message,201,7.430,backend-1,true
1.495,message,201,5.930,backend-1,true
1.496,message,201,4.630,backend-1,true
1.494,message,201,6.050,backend-1,true
1.496,message,201,4.650,backend-1,true
1.495,message,201,6.980,backend-2,true
0.133,feed,200,1370.220,backend-2,true
0.147,feed,200,1357.110,backend-3,true
0.359,feed,200,1146.100,backend-1,true
1.501,message,201,6.240,backend-1,true
1.500,message,201,6.360,backend-1,true
1.501,message,201,6.320,backend-1,true
1.501,message,201,6.350,backend-1,true
1.502,message,201,5.330,backend-1,true
1.500,message,201,6.680,backend-1,true
1.507,message,201,12.660,backend-1,true
1.507,message,201,12.750,backend-1,true
1.504,message,201,16.010,backend-2,true
1.505,message,201,14.960,backend-1,true
1.504,message,201,16.050,backend-2,true
1.507,message,201,12.760,backend-1,true
1.507,message,201,13.010,backend-2,true
0.134,feed,200,1387.250,backend-2,true
0.367,feed,200,1155.770,backend-1,true
0.147,feed,200,1375.970,backend-3,true
1.520,message,201,7.620,backend-2,true
1.520,message,201,7.840,backend-2,true
1.520,message,201,7.790,backend-1,true
1.520,message,201,7.960,backend-1,true
1.520,message,201,8.050,backend-1,true
1.520,message,201,8.180,backend-1,true
1.523,message,201,5.030,backend-1,true
1.521,message,201,6.620,backend-1,true
1.523,message,201,4.870,backend-1,true
1.528,message,201,5.700,backend-2,true
0.134,feed,200,1399.960,backend-2,true
1.528,message,201,6.460,backend-1,true
0.147,feed,200,1386.980,backend-3,true
1.527,message,201,6.810,backend-1,true
1.528,message,201,6.430,backend-1,true
0.367,feed,200,1167.350,backend-1,true
1.527,message,201,6.970,backend-1,true
1.528,message,201,6.720,backend-1,true
1.528,message,201,6.630,backend-1,true
1.534,message,201,7.980,backend-2,true
1.534,message,201,8.130,backend-2,true
1.533,message,201,9.150,backend-2,true
1.534,message,201,8.350,backend-2,true
1.534,message,201,9.630,backend-1,true
1.534,message,201,9.320,backend-1,true
1.534,message,201,9.360,backend-1,true
1.534,message,201,9.390,backend-1,true
1.535,message,201,9.120,backend-1,true
0.134,feed,200,1412.480,backend-2,true
0.387,feed,200,1161.090,backend-1,true
0.148,feed,200,1400.280,backend-3,true
1.542,message,201,7.890,backend-1,true
1.543,message,201,7.770,backend-1,true
1.544,message,201,6.810,backend-1,true
1.544,message,201,9.940,backend-2,true
1.544,message,201,9.970,backend-2,true
1.544,message,201,10.000,backend-2,true
1.548,message,201,5.960,backend-2,true
1.547,message,201,13.210,backend-1,true
1.548,message,201,12.310,backend-1,true
1.550,message,201,13.140,backend-2,true
1.550,message,201,13.260,backend-2,true
0.387,feed,200,1178.110,backend-1,true
1.554,message,201,11.230,backend-1,true
0.148,feed,200,1417.380,backend-3,true
1.550,message,201,14.550,backend-1,true
0.142,feed,200,1424.550,backend-2,true
1.560,message,201,7.410,backend-1,true
1.560,message,201,7.410,backend-1,true
1.565,message,201,5.330,backend-2,true
1.565,message,201,5.350,backend-2,true
1.564,message,201,6.790,backend-2,true
1.565,message,201,5.640,backend-2,true
1.567,message,201,3.060,backend-2,true
1.565,message,201,5.560,backend-2,true
1.564,message,201,6.920,backend-2,true
1.567,message,201,6.400,backend-1,true
1.566,message,201,7.940,backend-1,true
0.387,feed,200,1190.050,backend-1,true
1.570,message,201,7.290,backend-1,true
1.570,message,201,7.450,backend-1,true
1.574,message,201,3.870,backend-1,true
0.141,feed,200,1436.460,backend-2,true
0.148,feed,200,1429.980,backend-3,true
1.570,message,201,7.430,backend-1,true
1.570,message,201,7.580,backend-1,true
1.570,message,201,8.530,backend-2,true
1.570,message,201,8.520,backend-2,true
1.574,message,201,5.260,backend-2,true
1.577,message,201,7.610,backend-2,true
1.578,message,201,6.630,backend-2,true
1.579,message,201,5.930,backend-1,true
1.578,message,201,7.090,backend-1,true
1.578,message,201,7.080,backend-1,true
1.578,message,201,7.070,backend-1,true
0.394,feed,200,1194.570,backend-1,true
0.142,feed,200,1447.760,backend-2,true
1.584,message,201,10.090,backend-2,true
1.584,message,201,10.060,backend-2,true
1.585,message,201,9.570,backend-2,true
1.585,message,201,9.630,backend-2,true
1.585,message,201,14.930,backend-1,true
1.585,message,201,14.940,backend-1,true
1.589,message,201,11.150,backend-1,true
0.148,feed,200,1451.960,backend-3,true
1.589,message,201,11.190,backend-1,true
0.402,feed,200,1203.760,backend-1,true
1.600,message,201,7.400,backend-1,true
1.601,message,201,6.740,backend-1,true
1.595,message,201,12.890,backend-1,true
1.594,message,201,15.270,backend-2,true
1.600,message,201,9.900,backend-2,true
1.600,message,201,9.870,backend-2,true
0.142,feed,200,1468.260,backend-2,true
0.148,feed,200,1462.180,backend-3,true
1.606,message,201,6.280,backend-2,true
1.607,message,201,5.060,backend-2,true
1.607,message,201,9.370,backend-1,true
1.610,message,201,7.020,backend-1,true
1.607,message,201,9.450,backend-1,true
1.610,message,201,6.950,backend-1,true
1.610,message,201,6.550,backend-1,true
1.610,message,201,8.530,backend-2,true
1.612,message,201,5.910,backend-2,true
1.610,message,201,7.990,backend-2,true
1.612,message,201,6.260,backend-2,true
0.402,feed,200,1217.590,backend-1,true
1.617,message,201,6.080,backend-2,true
1.619,message,201,4.560,backend-2,true
1.618,message,201,4.650,backend-2,true
0.142,feed,200,1480.980,backend-2,true
1.617,message,201,7.440,backend-1,true
1.617,message,201,7.220,backend-1,true
1.618,message,201,5.930,backend-1,true
1.620,message,201,4.500,backend-1,true
0.155,feed,200,1470.580,backend-3,true
1.623,message,201,6.710,backend-2,true
1.623,message,201,6.690,backend-2,true
1.623,message,201,6.700,backend-2,true
1.623,message,201,6.810,backend-2,true
1.625,message,201,6.420,backend-1,true
1.624,message,201,7.570,backend-1,true
1.624,message,201,7.410,backend-1,true
0.410,feed,200,1224.000,backend-1,true
0.144,feed,200,1489.870,backend-2,true
1.630,message,201,15.950,backend-2,true
1.630,message,201,16.030,backend-2,true
1.630,message,201,16.010,backend-2,true
1.632,message,201,14.220,backend-2,true
0.155,feed,200,1491.340,backend-3,true
1.632,message,201,14.290,backend-1,true
1.630,message,201,16.290,backend-1,true
1.632,message,201,14.320,backend-1,true
1.634,message,201,15.080,backend-1,true
1.634,message,201,15.410,backend-2,true
1.646,message,201,7.310,backend-2,true
1.650,message,201,3.810,backend-2,true
1.646,message,201,7.640,backend-2,true
1.646,message,201,7.550,backend-2,true
1.646,message,201,7.430,backend-2,true
1.646,message,201,7.470,backend-2,true
0.417,feed,200,1241.250,backend-1,true
1.649,message,201,8.990,backend-1,true
1.653,message,201,4.540,backend-1,true
1.653,message,201,4.570,backend-1,true
0.155,feed,200,1503.850,backend-2,true
1.654,message,201,6.230,backend-2,true
1.653,message,201,6.360,backend-2,true
1.653,message,201,6.340,backend-2,true
1.658,message,201,2.140,backend-2,true
0.155,feed,200,1506.040,backend-3,true
1.659,message,201,6.540,backend-1,true
1.658,message,201,7.450,backend-1,true
1.660,message,201,5.600,backend-2,true
1.658,message,201,7.560,backend-2,true
1.660,message,201,5.860,backend-2,true
1.661,message,201,4.980,backend-2,true
0.417,feed,200,1261.960,backend-1,true
0.158,feed,200,1521.020,backend-2,true
1.666,message,201,15.020,backend-2,true
1.665,message,201,15.520,backend-2,true
1.665,message,201,15.450,backend-2,true
1.666,message,201,15.070,backend-2,true
1.665,message,201,15.510,backend-1,true
0.155,feed,200,1526.610,backend-3,true
1.681,message,201,5.630,backend-2,true
1.679,message,201,8.600,backend-2,true
1.681,message,201,6.250,backend-2,true
1.681,message,201,6.250,backend-2,true
1.679,message,201,8.470,backend-2,true
1.681,message,201,7.280,backend-1,true
0.167,feed,200,1523.220,backend-2,true
0.433,feed,200,1257.650,backend-1,true
1.690,message,201,3.570,backend-1,true
1.687,message,201,6.470,backend-1,true
1.687,message,201,6.470,backend-1,true
1.687,message,201,6.550,backend-1,true
1.687,message,201,7.000,backend-2,true
1.688,message,201,6.210,backend-2,true
1.687,message,201,7.260,backend-2,true
0.155,feed,200,1540.360,backend-3,true
1.691,message,201,6.790,backend-1,true
1.694,message,201,4.300,backend-1,true
1.694,message,201,4.370,backend-1,true
1.694,message,201,4.140,backend-1,true
1.695,message,201,3.000,backend-1,true
1.694,message,201,7.720,backend-2,true
0.167,feed,200,1535.030,backend-2,true
0.434,feed,200,1271.850,backend-1,true
1.698,message,201,8.260,backend-2,true
1.698,message,201,8.180,backend-2,true
1.698,message,201,7.930,backend-2,true
1.698,message,201,8.020,backend-1,true
1.698,message,201,8.450,backend-1,true
1.702,message,201,4.660,backend-1,true
1.701,message,201,5.120,backend-2,true
0.156,feed,200,1551.510,backend-3,true
1.706,message,201,5.250,backend-1,true
1.705,message,201,6.370,backend-1,true
1.708,message,201,4.070,backend-1,true
0.167,feed,200,1547.400,backend-2,true
1.706,message,201,8.390,backend-2,true
1.706,message,201,8.210,backend-2,true
1.706,message,201,8.320,backend-2,true
1.706,message,201,8.190,backend-2,true
1.712,message,201,15.890,backend-1,true
1.714,message,201,13.630,backend-1,true
1.712,message,201,16.320,backend-2,true
0.451,feed,200,1277.440,backend-1,true
1.712,message,201,16.430,backend-2,true
1.715,message,201,13.560,backend-2,true
1.715,message,201,13.520,backend-2,true
0.159,feed,200,1571.670,backend-3,true
1.728,message,201,10.520,backend-1,true
1.728,message,201,10.990,backend-1,true
1.728,message,201,11.380,backend-2,true
1.728,message,201,11.340,backend-2,true
1.731,message,201,8.620,backend-2,true
1.728,message,201,11.340,backend-2,true
0.167,feed,200,1573.800,backend-2,true
0.451,feed,200,1294.050,backend-1,true
1.739,message,201,6.050,backend-1,true
1.741,message,201,4.620,backend-1,true
1.739,message,201,5.850,backend-1,true
1.739,message,201,6.740,backend-1,true
1.739,message,201,6.210,backend-2,true
1.739,message,201,6.350,backend-2,true
0.167,feed,200,1582.890,backend-3,true
0.167,feed,200,1588.780,backend-2,true
1.745,message,201,12.010,backend-2,true
1.746,message,201,11.690,backend-2,true
1.745,message,201,13.750,backend-1,true
1.745,message,201,14.290,backend-1,true
1.746,message,201,13.250,backend-1,true
1.750,message,201,10.300,backend-2,true
1.757,message,201,6.710,backend-1,true
1.756,message,201,8.470,backend-1,true
1.759,message,201,5.180,backend-1,true
0.451,feed,200,1318.070,backend-1,true
1.760,message,201,18.090,backend-2,true
1.764,message,201,14.310,backend-2,true
0.167,feed,200,1612.030,backend-3,true
1.757,message,201,21.530,backend-2,true
1.759,message,201,19.900,backend-2,true
1.764,message,201,21.940,backend-1,true
0.167,feed,200,1619.270,backend-2,true
1.769,message,201,18.490,backend-2,true
1.778,message,201,11.160,backend-1,true
1.786,message,201,3.260,backend-1,true
1.779,message,201,10.560,backend-2,true
1.779,message,201,10.660,backend-2,true
1.778,message,201,11.060,backend-2,true
0.457,feed,200,1334.510,backend-1,true
0.167,feed,200,1628.430,backend-3,true
1.789,message,201,6.710,backend-2,true
1.789,message,201,6.770,backend-2,true
1.791,message,201,4.720,backend-2,true
1.789,message,201,6.850,backend-2,true
1.787,message,201,9.140,backend-2,true
1.789,message,201,9.450,backend-1,true
1.789,message,201,9.780,backend-1,true
0.168,feed,200,1640.840,backend-2,true
1.795,message,201,14.190,backend-1,true
1.796,message,201,17.540,backend-2,true
1.796,message,201,17.650,backend-2,true
1.799,message,201,14.660,backend-2,true
1.796,message,201,17.610,backend-2,true
1.796,message,201,17.670,backend-2,true
0.465,feed,200,1350.330,backend-1,true
0.167,feed,200,1652.310,backend-3,true
1.814,message,201,8.690,backend-2,true
1.814,message,201,8.870,backend-2,true
1.814,message,201,8.800,backend-2,true
1.816,message,201,7.720,backend-2,true
1.814,message,201,9.840,backend-1,true
1.809,message,201,14.320,backend-1,true
1.809,message,201,14.910,backend-1,true
1.819,message,201,8.130,backend-2,true
1.823,message,201,4.810,backend-2,true
1.823,message,201,4.200,backend-2,true
1.823,message,201,4.960,backend-2,true
0.168,feed,200,1661.440,backend-2,true
1.824,message,201,15.140,backend-2,true
1.827,message,201,11.460,backend-2,true
1.827,message,201,11.660,backend-2,true
0.465,feed,200,1373.810,backend-1,true
1.824,message,201,15.190,backend-1,true
1.830,message,201,13.450,backend-1,true
0.168,feed,200,1680.660,backend-3,true
1.839,message,201,13.340,backend-2,true
1.839,message,201,13.510,backend-2,true
1.839,message,201,13.600,backend-2,true
1.839,message,201,13.700,backend-2,true
1.839,message,201,14.120,backend-2,true
1.843,message,201,9.990,backend-2,true
1.848,message,201,7.730,backend-2,true
0.137,feed,200,1719.130,backend-2,true
0.480,feed,200,1376.500,backend-1,true
1.856,message,201,5.340,backend-2,true
1.856,message,201,5.570,backend-2,true
1.853,message,201,8.440,backend-2,true
1.853,message,201,8.500,backend-2,true
1.853,message,201,9.090,backend-2,true
1.853,message,201,9.160,backend-2,true
1.856,message,201,8.170,backend-3,true
0.168,feed,200,1697.750,backend-3,true
1.862,message,201,6.980,backend-2,true
0.137,feed,200,1731.480,backend-2,true
1.862,message,201,6.950,backend-2,true
1.864,message,201,4.420,backend-2,true
1.862,message,201,7.870,backend-3,true
1.862,message,201,8.100,backend-3,true
0.480,feed,200,1390.330,backend-1,true
1.870,message,201,3.620,backend-2,true
1.869,message,201,4.770,backend-2,true
1.866,message,201,7.520,backend-2,true
1.869,message,201,4.760,backend-2,true
1.869,message,201,8.720,backend-3,true
1.869,message,201,8.800,backend-3,true
1.871,message,201,16.330,backend-2,true
1.873,message,201,13.550,backend-2,true
0.137,feed,200,1750.430,backend-2,true
1.873,message,201,14.790,backend-3,true
1.877,message,201,11.030,backend-2,true
1.877,message,201,11.960,backend-2,true
0.168,feed,200,1722.280,backend-3,true
0.480,feed,200,1412.460,backend-1,true
1.887,message,201,9.600,backend-3,true
1.888,message,201,8.470,backend-3,true
1.888,message,201,9.790,backend-2,true
1.889,message,201,8.120,backend-2,true
1.887,message,201,10.710,backend-2,true
1.898,message,201,4.310,backend-2,true
1.890,message,201,11.480,backend-2,true
1.897,message,201,4.520,backend-2,true
1.893,message,201,9.440,backend-3,true
1.897,message,201,4.790,backend-3,true
1.897,message,201,5.790,backend-3,true
0.137,feed,200,1765.420,backend-2,true
0.169,feed,200,1736.310,backend-3,true
0.493,feed,200,1416.150,backend-1,true
1.902,message,201,8.320,backend-3,true
1.903,message,201,7.800,backend-3,true
1.902,message,201,9.410,backend-2,true
1.902,message,201,9.450,backend-2,true
1.905,message,201,6.660,backend-2,true
1.902,message,201,9.670,backend-2,true
0.137,feed,200,1778.130,backend-2,true
1.911,message,201,4.560,backend-3,true
1.911,message,201,5.570,backend-3,true
1.909,message,201,7.130,backend-3,true
1.911,message,201,4.710,backend-3,true
1.911,message,201,4.810,backend-3,true
1.911,message,201,5.590,backend-3,true
0.169,feed,200,1748.010,backend-3,true
1.916,message,201,7.670,backend-2,true
1.916,message,201,8.340,backend-2,true
1.916,message,201,9.510,backend-3,true
0.493,feed,200,1432.230,backend-1,true
1.916,message,201,9.480,backend-3,true
1.916,message,201,9.530,backend-3,true
1.916,message,201,9.660,backend-3,true
1.917,message,201,8.900,backend-3,true
0.138,feed,200,1799.770,backend-2,true
0.169,feed,200,1768.720,backend-3,true
1.924,message,201,15.720,backend-3,true
1.924,message,201,17.210,backend-2,true
1.926,message,201,16.300,backend-2,true
1.926,message,201,16.370,backend-3,true
1.937,message,201,4.760,backend-2,true
1.926,message,201,16.460,backend-3,true
1.926,message,201,16.580,backend-3,true
1.942,message,201,6.800,backend-3,true
1.941,message,201,7.850,backend-3,true
1.942,message,201,6.760,backend-3,true
1.940,message,201,9.310,backend-3,true
1.938,message,201,10.910,backend-3,true
1.942,message,201,6.880,backend-3,true
0.493,feed,200,1456.340,backend-1,true
1.942,message,201,7.580,backend-2,true
0.169,feed,200,1782.700,backend-3,true
0.139,feed,200,1812.240,backend-2,true
1.949,message,201,8.260,backend-3,true
1.950,message,201,7.310,backend-3,true
1.949,message,201,8.310,backend-3,true
1.949,message,201,8.240,backend-3,true
1.950,message,201,7.540,backend-3,true
1.949,message,201,8.370,backend-3,true
1.952,message,201,5.660,backend-3,true
1.951,message,201,6.020,backend-3,true
1.949,message,201,8.390,backend-3,true
0.498,feed,200,1465.260,backend-1,true
0.170,feed,200,1793.580,backend-3,true
0.556,feed,200,1408.380,backend-2,true
1.957,message,201,8.390,backend-3,true
1.957,message,201,8.360,backend-3,true
1.957,message,201,8.360,backend-3,true
1.957,message,201,8.380,backend-3,true
1.957,message,201,8.480,backend-3,true
1.957,message,201,8.350,backend-3,true
1.966,message,201,4.650,backend-3,true
1.964,message,201,6.110,backend-3,true
1.963,message,201,7.810,backend-2,true
1.966,message,201,5.460,backend-2,true
1.963,message,201,8.080,backend-2,true
1.966,message,201,5.530,backend-2,true
1.966,message,201,5.640,backend-2,true
1.966,message,201,5.670,backend-2,true
0.169,feed,200,1812.930,backend-3,true
1.971,message,201,14.530,backend-3,true
1.971,message,201,14.160,backend-2,true
1.970,message,201,15.050,backend-3,true
1.970,message,201,15.020,backend-3,true
0.562,feed,200,1423.910,backend-2,true
1.971,message,201,14.200,backend-3,true
1.971,message,201,14.370,backend-3,true
0.505,feed,200,1481.360,backend-1,true
1.982,message,201,6.450,backend-2,true
1.986,message,201,2.540,backend-2,true
0.170,feed,200,1822.950,backend-3,true
1.986,message,201,7.590,backend-2,true
1.988,message,201,5.860,backend-2,true
1.988,message,201,6.180,backend-3,true
1.985,message,201,8.860,backend-3,true
1.985,message,201,8.840,backend-3,true
1.985,message,201,8.950,backend-3,true
0.688,feed,200,1310.570,backend-2,true
0.509,feed,200,1490.490,backend-1,true
1.994,message,201,5.480,backend-3,true
1.994,message,201,5.100,backend-3,true
1.994,message,201,5.150,backend-3,true
1.993,message,201,6.900,backend-3,true
1.994,message,201,5.140,backend-3,true
1.994,message,201,6.300,backend-2,true
1.999,message,201,6.860,backend-3,true
1.999,message,201,7.280,backend-3,true
1.999,message,201,7.000,backend-3,true
2.000,message,201,6.230,backend-3,true
1.998,message,201,8.250,backend-3,true
1.999,message,201,7.100,backend-3,true
0.170,feed,200,1839.180,backend-3,true
0.705,feed,200,1308.560,backend-2,true
0.509,feed,200,1505.280,backend-1,true
2.006,message,201,8.740,backend-3,true
2.006,message,201,8.810,backend-3,true
2.006,message,201,8.810,backend-3,true
2.006,message,201,8.790,backend-3,true
2.006,message,201,8.910,backend-3,true
2.009,message,201,6.460,backend-3,true
2.006,message,201,8.790,backend-3,true
2.015,message,201,4.460,backend-3,true
2.013,message,201,6.440,backend-3,true
2.015,message,201,5.160,backend-3,true
2.015,message,201,5.220,backend-3,true
2.014,message,201,11.860,backend-2,true
2.015,message,201,10.540,backend-2,true
0.170,feed,200,1856.230,backend-3,true
2.020,message,201,11.740,backend-3,true
2.020,message,201,11.240,backend-3,true
2.020,message,201,11.520,backend-3,true
0.515,feed,200,1518.200,backend-1,true
0.750,feed,200,1289.060,backend-2,true
2.026,message,201,13.870,backend-2,true
2.026,message,201,15.450,backend-3,true
2.026,message,201,15.380,backend-3,true
2.032,message,201,12.560,backend-3,true
2.031,message,201,12.800,backend-3,true
2.033,message,201,11.520,backend-3,true
0.170,feed,200,1878.580,backend-3,true
2.044,message,201,5.950,backend-3,true
2.039,message,201,11.610,backend-2,true
2.041,message,201,9.160,backend-2,true
2.041,message,201,9.220,backend-3,true
2.044,message,201,6.140,backend-2,true
2.040,message,201,10.830,backend-2,true
0.515,feed,200,1539.590,backend-1,true
0.750,feed,200,1305.670,backend-2,true
2.048,message,201,7.430,backend-2,true
2.050,message,201,5.290,backend-2,true
2.050,message,201,5.380,backend-2,true
2.050,message,201,8.670,backend-3,true
2.050,message,201,8.820,backend-3,true
2.054,message,201,4.980,backend-3,true
2.050,message,201,8.830,backend-3,true
2.055,message,201,8.170,backend-2,true
2.059,message,201,4.460,backend-2,true
0.170,feed,200,1894.800,backend-3,true
2.056,message,201,8.880,backend-3,true
2.056,message,201,8.800,backend-3,true
2.059,message,201,5.460,backend-3,true
2.059,message,201,7.580,backend-2,true
0.793,feed,200,1276.620,backend-2,true
0.521,feed,200,1548.200,backend-1,true
2.064,message,201,17.370,backend-3,true
2.064,message,201,16.450,backend-3,true
2.064,message,201,17.310,backend-3,true
2.065,message,201,16.430,backend-3,true
2.065,message,201,22.270,backend-2,true
2.065,message,201,22.360,backend-2,true
2.070,message,201,19.710,backend-2,true
2.069,message,201,19.940,backend-3,true
2.081,message,201,9.030,backend-2,true
0.178,feed,200,1912.770,backend-3,true
2.081,message,201,10.620,backend-3,true
2.081,message,201,10.490,backend-3,true
0.527,feed,200,1568.420,backend-1,true
2.087,message,201,8.350,backend-3,true
2.089,message,201,5.930,backend-3,true
0.810,feed,200,1286.010,backend-2,true
2.089,message,201,8.890,backend-2,true
2.092,message,201,6.670,backend-2,true
2.090,message,201,8.300,backend-2,true
2.090,message,201,9.240,backend-3,true
2.092,message,201,8.210,backend-3,true
2.095,message,201,4.620,backend-3,true
2.096,message,201,7.360,backend-3,true
2.100,message,201,4.030,backend-3,true
2.098,message,201,5.570,backend-3,true
2.098,message,201,5.500,backend-3,true
2.095,message,201,8.990,backend-2,true
0.178,feed,200,1927.890,backend-3,true
2.100,message,201,7.280,backend-3,true
2.104,message,201,3.270,backend-3,true
2.104,message,201,3.350,backend-3,true
2.104,message,201,3.440,backend-3,true
2.104,message,201,3.030,backend-3,true
0.527,feed,200,1582.020,backend-1,true
0.829,feed,200,1281.530,backend-2,true
2.107,message,201,3.940,backend-3,true
2.109,message,201,2.390,backend-3,true
2.107,message,201,3.760,backend-3,true
2.106,message,201,5.570,backend-3,true
2.107,message,201,6.320,backend-2,true
0.178,feed,200,1941.000,backend-3,true
2.111,message,201,7.960,backend-3,true
2.111,message,201,7.620,backend-3,true
2.111,message,201,7.730,backend-3,true
2.111,message,201,7.830,backend-3,true
2.111,message,201,7.750,backend-3,true
0.536,feed,200,1592.350,backend-1,true
2.119,message,201,26.160,backend-2,true
2.119,message,201,26.600,backend-3,true
2.119,message,201,26.850,backend-3,true
2.119,message,201,27.010,backend-3,true
0.829,feed,200,1316.350,backend-2,true
0.178,feed,200,1973.020,backend-3,true
2.128,message,201,33.740,backend-3,true
0.536,feed,200,1627.510,backend-1,true
2.145,message,201,19.760,backend-2,true
2.146,message,201,19.110,backend-2,true
2.145,message,201,19.400,backend-2,true
2.151,message,201,14.760,backend-3,true
2.146,message,201,19.960,backend-3,true
2.146,message,201,20.260,backend-3,true
2.162,message,201,17.740,backend-2,true
2.163,message,201,16.360,backend-2,true
2.166,message,201,13.790,backend-2,true
2.165,message,201,14.090,backend-2,true
0.850,feed,200,1329.600,backend-2,true
2.165,message,201,17.200,backend-3,true
2.166,message,201,16.220,backend-3,true
0.178,feed,200,2009.700,backend-3,true
0.857,feed,200,1334.740,backend-2,true
2.180,message,201,13.940,backend-3,true
2.182,message,201,11.520,backend-3,true
2.180,message,201,14.020,backend-3,true
2.179,message,201,14.160,backend-3,true
2.180,message,201,14.060,backend-3,true
2.180,message,201,14.120,backend-3,true
2.182,message,201,13.130,backend-2,true
0.542,feed,200,1653.140,backend-1,true
2.192,message,201,5.590,backend-2,true
2.187,message,201,10.100,backend-2,true
2.195,message,201,5.040,backend-3,true
2.194,message,201,6.740,backend-3,true
2.194,message,201,6.920,backend-3,true
0.178,feed,200,2023.170,backend-3,true
2.194,message,201,8.450,backend-2,true
2.193,message,201,8.650,backend-2,true
2.194,message,201,8.530,backend-2,true
2.198,message,201,7.080,backend-3,true
2.201,message,201,3.960,backend-3,true
2.198,message,201,7.110,backend-3,true
0.857,feed,200,1348.540,backend-2,true
2.200,message,201,5.920,backend-2,true
2.202,message,201,4.150,backend-2,true
0.542,feed,200,1666.080,backend-1,true
2.202,message,201,8.370,backend-3,true
2.205,message,201,5.890,backend-3,true
2.205,message,201,5.920,backend-3,true
2.205,message,201,6.900,backend-2,true
2.208,message,201,3.450,backend-2,true
2.206,message,201,5.390,backend-2,true
2.206,message,201,5.980,backend-2,true
0.178,feed,200,2034.240,backend-3,true
2.211,message,201,17.930,backend-2,true
2.211,message,201,17.970,backend-3,true
2.211,message,201,18.100,backend-3,true
2.212,message,201,16.970,backend-3,true
0.878,feed,200,1351.180,backend-2,true
2.212,message,201,17.060,backend-3,true
2.212,message,201,17.020,backend-3,true
2.212,message,201,16.960,backend-3,true
2.212,message,201,16.440,backend-3,true
0.542,feed,200,1686.520,backend-1,true
0.181,feed,200,2050.750,backend-3,true
2.229,message,201,7.820,backend-2,true
2.229,message,201,7.950,backend-2,true
2.229,message,201,8.640,backend-3,true
2.229,message,201,8.700,backend-3,true
2.229,message,201,8.640,backend-3,true
2.229,message,201,8.730,backend-3,true
2.232,message,201,5.230,backend-3,true
2.229,message,201,8.680,backend-3,true
0.556,feed,200,1690.330,backend-1,true
2.237,message,201,9.370,backend-3,true
2.237,message,201,10.160,backend-3,true
0.877,feed,200,1369.300,backend-2,true
2.237,message,201,9.410,backend-3,true
2.237,message,201,10.350,backend-2,true
2.237,message,201,11.080,backend-2,true
2.237,message,201,10.460,backend-2,true
0.183,feed,200,2065.300,backend-3,true
2.246,message,201,6.760,backend-3,true
2.247,message,201,6.110,backend-3,true
2.247,message,201,6.050,backend-3,true
2.247,message,201,6.940,backend-2,true
2.248,message,201,6.000,backend-2,true
2.248,message,201,6.070,backend-2,true
2.248,message,201,5.990,backend-2,true
0.889,feed,200,1368.810,backend-2,true
0.574,feed,200,1683.540,backend-1,true
0.183,feed,200,2076.610,backend-3,true
2.253,message,201,6.630,backend-3,true
2.253,message,201,6.620,backend-3,true
2.253,message,201,6.710,backend-2,true
2.254,message,201,5.840,backend-2,true
2.254,message,201,5.760,backend-2,true
2.254,message,201,5.820,backend-2,true
2.257,message,201,6.350,backend-3,true
2.259,message,201,4.280,backend-3,true
2.260,message,201,4.120,backend-3,true
2.259,message,201,4.350,backend-3,true
2.259,message,201,6.460,backend-2,true
2.258,message,201,8.290,backend-2,true
2.260,message,201,6.330,backend-2,true
2.266,message,201,10.040,backend-2,true
2.264,message,201,12.320,backend-2,true
0.900,feed,200,1376.120,backend-2,true
0.582,feed,200,1695.270,backend-1,true
2.264,message,201,14.570,backend-3,true
2.264,message,201,14.510,backend-3,true
2.264,message,201,14.620,backend-3,true
2.266,message,201,12.380,backend-3,true
0.183,feed,200,2096.990,backend-3,true
2.280,message,201,6.440,backend-2,true
2.276,message,201,10.220,backend-2,true
2.278,message,201,8.710,backend-2,true
2.278,message,201,9.520,backend-3,true
2.276,message,201,11.780,backend-3,true
2.276,message,201,11.790,backend-3,true
0.900,feed,200,1391.390,backend-2,true
0.586,feed,200,1704.890,backend-1,true
2.288,message,201,5.850,backend-3,true
2.286,message,201,7.460,backend-3,true
2.286,message,201,8.000,backend-2,true
2.288,message,201,6.550,backend-2,true
2.288,message,201,6.620,backend-2,true
2.286,message,201,8.220,backend-2,true
0.183,feed,200,2113.260,backend-3,true
2.294,message,201,5.360,backend-2,true
2.294,message,201,4.890,backend-3,true
2.294,message,201,5.470,backend-2,true
2.291,message,201,7.860,backend-3,true
2.291,message,201,7.880,backend-2,true
2.294,message,201,4.810,backend-2,true
2.296,message,201,6.240,backend-3,true
0.900,feed,200,1403.960,backend-2,true
0.586,feed,200,1717.600,backend-1,true
2.302,message,201,3.000,backend-2,true
2.299,message,201,6.180,backend-2,true
2.299,message,201,6.200,backend-2,true
2.299,message,201,6.260,backend-2,true
2.299,message,201,6.230,backend-2,true
2.299,message,201,6.230,backend-2,true
0.183,feed,200,2124.870,backend-3,true
2.305,message,201,5.160,backend-2,true
2.304,message,201,6.580,backend-2,true
2.308,message,201,2.870,backend-2,true
2.305,message,201,5.180,backend-2,true
2.305,message,201,5.390,backend-2,true
2.304,message,201,7.250,backend-3,true
0.918,feed,200,1403.030,backend-2,true
0.591,feed,200,1730.610,backend-1,true
2.311,message,201,13.040,backend-2,true
2.311,message,201,13.110,backend-2,true
2.311,message,201,12.990,backend-2,true
0.183,feed,200,2141.490,backend-3,true
2.310,message,201,14.390,backend-3,true
2.310,message,201,14.370,backend-3,true
2.311,message,201,13.780,backend-3,true
2.321,message,201,8.140,backend-2,true
2.324,message,201,5.260,backend-2,true
2.324,message,201,6.160,backend-2,true
2.324,message,201,6.110,backend-2,true
2.324,message,201,6.430,backend-3,true
2.322,message,201,8.440,backend-3,true
2.325,message,201,5.270,backend-3,true
2.325,message,201,7.540,backend-2,true
0.926,feed,200,1408.480,backend-2,true
2.330,message,201,6.780,backend-2,true
0.600,feed,200,1737.010,backend-1,true
2.330,message,201,6.670,backend-2,true
2.330,message,201,7.150,backend-2,true
2.330,message,201,6.560,backend-2,true
2.330,message,201,7.300,backend-3,true
2.334,message,201,3.040,backend-3,true
2.332,message,201,5.050,backend-3,true
0.183,feed,200,2156.320,backend-3,true
2.336,message,201,6.420,backend-3,true
2.337,message,201,6.180,backend-3,true
2.337,message,201,5.500,backend-3,true
2.337,message,201,7.470,backend-2,true
2.339,message,201,4.820,backend-2,true
2.337,message,201,6.740,backend-2,true
2.337,message,201,7.470,backend-2,true
2.343,message,201,10.540,backend-3,true
2.344,message,201,9.490,backend-3,true
2.343,message,201,10.790,backend-2,true
2.343,message,201,11.030,backend-2,true
2.344,message,201,10.160,backend-2,true
2.344,message,201,10.110,backend-2,true
0.603,feed,200,1752.240,backend-1,true
0.942,feed,200,1412.660,backend-2,true
0.183,feed,200,2176.060,backend-3,true
2.354,message,201,8.280,backend-2,true
2.354,message,201,8.690,backend-2,true
2.354,message,201,8.410,backend-2,true
2.355,message,201,8.270,backend-3,true
2.355,message,201,7.990,backend-3,true
2.363,message,201,13.640,backend-2,true
2.362,message,201,14.290,backend-2,true
2.359,message,201,17.600,backend-2,true
0.603,feed,200,1774.630,backend-1,true
0.954,feed,200,1423.330,backend-2,true
2.363,message,201,15.150,backend-3,true
2.362,message,201,15.370,backend-3,true
2.363,message,201,14.860,backend-3,true
0.183,feed,200,2198.460,backend-3,true
2.377,message,201,6.930,backend-3,true
2.377,message,201,6.490,backend-3,true
2.377,message,201,7.030,backend-2,true
2.377,message,201,6.450,backend-2,true
2.378,message,201,6.110,backend-2,true
2.384,message,201,4.740,backend-3,true
2.384,message,201,4.930,backend-3,true
2.382,message,201,6.820,backend-3,true
2.384,message,201,4.750,backend-3,true
0.962,feed,200,1427.070,backend-2,true
0.607,feed,200,1782.720,backend-1,true
2.384,message,201,6.940,backend-2,true
2.384,message,201,6.700,backend-2,true
0.183,feed,200,2209.570,backend-3,true
2.389,message,201,7.130,backend-2,true
2.391,message,201,5.090,backend-2,true
2.389,message,201,7.140,backend-2,true
2.389,message,201,6.340,backend-3,true
2.391,message,201,5.150,backend-2,true
2.389,message,201,6.580,backend-2,true
2.389,message,201,7.280,backend-3,true
2.396,message,201,4.470,backend-2,true
2.393,message,201,7.430,backend-2,true
2.396,message,201,4.640,backend-2,true
2.396,message,201,4.680,backend-2,true
0.613,feed,200,1787.720,backend-1,true
0.962,feed,200,1439.070,backend-2,true
2.396,message,201,7.420,backend-3,true
2.400,message,201,2.920,backend-3,true
2.396,message,201,7.650,backend-3,true
0.183,feed,200,2221.970,backend-3,true
2.401,message,201,5.130,backend-3,true
2.400,message,201,11.480,backend-2,true
2.400,message,201,11.580,backend-2,true
2.400,message,201,11.680,backend-2,true
2.401,message,201,11.050,backend-2,true
2.403,message,201,8.860,backend-2,true
2.405,message,201,13.430,backend-2,true
1.013,feed,200,1406.340,backend-2,true
0.613,feed,200,1806.180,backend-1,true
2.406,message,201,14.990,backend-3,true
2.412,message,201,10.040,backend-3,true
2.412,message,201,11.010,backend-2,true
2.412,message,201,11.020,backend-2,true
2.412,message,201,11.260,backend-2,true
2.419,message,201,6.120,backend-2,true
2.422,message,201,3.300,backend-2,true
2.419,message,201,6.750,backend-2,true
2.421,message,201,6.190,backend-3,true
2.423,message,201,4.370,backend-3,true
2.419,message,201,8.100,backend-3,true
0.183,feed,200,2245.580,backend-3,true
2.427,message,201,5.670,backend-3,true
2.425,message,201,7.700,backend-3,true
2.426,message,201,7.650,backend-3,true
2.427,message,201,5.690,backend-3,true
1.051,feed,200,1382.310,backend-2,true
2.429,message,201,4.700,backend-2,true
2.426,message,201,8.230,backend-2,true
0.631,feed,200,1803.590,backend-1,true
2.433,message,201,7.550,backend-2,true
2.433,message,201,7.530,backend-2,true
2.434,message,201,7.260,backend-2,true
2.434,message,201,7.920,backend-3,true
2.434,message,201,8.790,backend-3,true
2.434,message,201,8.210,backend-3,true
0.182,feed,200,2261.750,backend-3,true
0.636,feed,200,1811.720,backend-1,true
1.052,feed,200,1400.440,backend-2,true
2.441,message,201,11.980,backend-2,true
2.442,message,201,11.180,backend-2,true
2.441,message,201,12.090,backend-2,true
2.441,message,201,12.030,backend-2,true
2.443,message,201,11.100,backend-2,true
2.444,message,201,10.070,backend-2,true
2.448,message,201,10.950,backend-3,true
2.454,message,201,5.110,backend-3,true
2.453,message,201,6.070,backend-3,true
2.454,message,201,5.210,backend-3,true
2.453,message,201,7.470,backend-2,true
2.453,message,201,7.350,backend-2,true
2.453,message,201,7.640,backend-2,true
0.182,feed,200,2281.850,backend-3,true
0.636,feed,200,1827.780,backend-1,true
2.460,message,201,7.120,backend-2,true
2.459,message,201,8.630,backend-2,true
2.459,message,201,8.810,backend-2,true
2.460,message,201,7.270,backend-2,true
2.459,message,201,8.610,backend-2,true
1.056,feed,200,1412.140,backend-2,true
2.464,message,201,6.030,backend-2,true
2.464,message,201,6.070,backend-2,true
2.468,message,201,10.380,backend-2,true
2.467,message,201,10.550,backend-2,true
2.468,message,201,9.930,backend-2,true
2.470,message,201,8.150,backend-2,true
2.468,message,201,10.540,backend-2,true
2.467,message,201,10.640,backend-2,true
0.642,feed,200,1837.030,backend-1,true
2.470,message,201,13.580,backend-3,true
1.057,feed,200,1426.590,backend-2,true
0.183,feed,200,2301.050,backend-3,true
2.478,message,201,8.540,backend-3,true
2.478,message,201,9.210,backend-2,true
2.478,message,201,9.280,backend-2,true
2.479,message,201,8.750,backend-2,true
2.478,message,201,9.290,backend-2,true
2.484,message,201,6.990,backend-2,true
2.483,message,201,7.170,backend-2,true
2.487,message,201,4.020,backend-2,true
2.483,message,201,8.930,backend-3,true
2.491,message,201,4.890,backend-2,true
2.491,message,201,4.950,backend-2,true
2.487,message,201,8.090,backend-2,true
2.487,message,201,8.160,backend-2,true
0.642,feed,200,1854.540,backend-1,true
1.057,feed,200,1439.660,backend-2,true
0.188,feed,200,2310.100,backend-3,true
2.491,message,201,6.650,backend-3,true
2.496,message,201,1.910,backend-3,true
2.496,message,201,3.960,backend-2,true
2.496,message,201,4.030,backend-2,true
2.492,message,201,7.220,backend-2,true
2.497,message,201,7.670,backend-3,true
2.499,message,201,5.040,backend-3,true
2.498,message,201,6.550,backend-3,true
2.498,message,201,6.780,backend-3,true
2.500,message,201,5.130,backend-3,true
2.500,message,201,7.770,backend-2,true
1.078,feed,200,1430.380,backend-2,true
0.188,feed,200,2321.700,backend-3,true
0.648,feed,200,1861.250,backend-1,true
2.505,message,201,6.670,backend-3,true
2.504,message,201,6.790,backend-3,true
2.505,message,201,6.700,backend-3,true
2.511,message,201,8.480,backend-2,true
2.507,message,201,12.370,backend-2,true
2.511,message,201,8.460,backend-2,true
2.509,message,201,10.290,backend-2,true
2.509,message,201,13.800,backend-3,true
2.509,message,201,14.580,backend-3,true
2.511,message,201,12.040,backend-3,true
2.520,message,201,7.270,backend-2,true
2.520,message,201,7.690,backend-3,true
2.523,message,201,4.180,backend-3,true
2.523,message,201,4.150,backend-3,true
2.523,message,201,4.320,backend-3,true
1.078,feed,200,1450.240,backend-2,true
0.648,feed,200,1881.630,backend-1,true
0.188,feed,200,2342.590,backend-3,true
2.529,message,201,5.740,backend-3,true
2.528,message,201,6.780,backend-3,true
2.527,message,201,7.280,backend-3,true
2.527,message,201,6.930,backend-3,true
2.530,message,201,5.530,backend-2,true
2.527,message,201,7.980,backend-2,true
2.530,message,201,5.340,backend-2,true
2.534,message,201,7.270,backend-3,true
2.536,message,201,5.960,backend-3,true
2.534,message,201,7.310,backend-3,true
2.534,message,201,7.320,backend-3,true
0.653,feed,200,1888.550,backend-1,true
1.097,feed,200,1444.770,backend-2,true
2.535,message,201,6.760,backend-2,true
2.534,message,201,7.820,backend-2,true
0.193,feed,200,2350.430,backend-3,true
2.542,message,201,8.460,backend-3,true
2.542,message,201,8.530,backend-3,true
2.542,message,201,8.310,backend-3,true
2.542,message,201,8.370,backend-3,true
2.543,message,201,7.790,backend-2,true
2.542,message,201,8.680,backend-2,true
0.653,feed,200,1905.400,backend-1,true
1.098,feed,200,1460.970,backend-2,true
0.193,feed,200,2367.200,backend-3,true
2.551,message,201,11.000,backend-3,true
2.550,message,201,11.730,backend-3,true
2.550,message,201,11.700,backend-3,true
2.550,message,201,11.850,backend-3,true
2.550,message,201,12.900,backend-2,true
2.551,message,201,12.780,backend-2,true
2.560,message,201,7.310,backend-3,true
2.562,message,201,5.340,backend-3,true
2.559,message,201,8.540,backend-2,true
2.562,message,201,5.390,backend-2,true
2.559,message,201,7.930,backend-2,true
2.563,message,201,15.940,backend-2,true
2.567,message,201,13.810,backend-3,true
2.567,message,201,13.790,backend-3,true
2.567,message,201,13.830,backend-3,true
0.193,feed,200,2388.230,backend-3,true
0.667,feed,200,1914.950,backend-1,true
2.567,message,201,15.410,backend-2,true
2.567,message,201,15.690,backend-2,true
1.098,feed,200,1485.130,backend-2,true
2.581,message,201,5.110,backend-3,true
2.579,message,201,7.250,backend-3,true
2.583,message,201,3.610,backend-3,true
2.581,message,201,5.280,backend-3,true
2.582,message,201,7.650,backend-2,true
2.586,message,201,5.430,backend-3,true
2.583,message,201,8.860,backend-3,true
2.584,message,201,8.240,backend-3,true
2.586,message,201,5.520,backend-3,true
2.586,message,201,5.440,backend-3,true
2.586,message,201,5.490,backend-3,true
0.193,feed,200,2400.400,backend-3,true
0.667,feed,200,1928.040,backend-1,true
1.120,feed,200,1474.770,backend-2,true
2.592,message,201,3.120,backend-2,true
2.589,message,201,5.810,backend-2,true
2.592,message,201,3.180,backend-2,true
2.592,message,201,6.130,backend-3,true
2.592,message,201,6.150,backend-3,true
2.592,message,201,6.190,backend-3,true
2.595,message,201,3.520,backend-3,true
2.592,message,201,6.310,backend-3,true
2.595,message,201,5.910,backend-2,true
2.598,message,201,2.970,backend-2,true
2.594,message,201,7.270,backend-2,true
2.595,message,201,6.020,backend-2,true
2.598,message,201,13.050,backend-3,true
2.601,message,201,10.280,backend-3,true
0.194,feed,200,2419.100,backend-3,true
2.598,message,201,15.030,backend-2,true
2.601,message,201,12.230,backend-2,true
2.601,message,201,12.180,backend-2,true
0.688,feed,200,1925.040,backend-1,true
1.126,feed,200,1488.500,backend-2,true
2.613,message,201,6.290,backend-3,true
2.615,message,201,4.760,backend-3,true
2.611,message,201,8.190,backend-3,true
2.611,message,201,9.270,backend-2,true
2.613,message,201,7.220,backend-2,true
2.613,message,201,7.500,backend-2,true
2.613,message,201,7.450,backend-2,true
0.688,feed,200,1942.820,backend-1,true
2.619,message,201,15.810,backend-2,true
2.620,message,201,14.790,backend-2,true
2.619,message,201,17.180,backend-3,true
2.619,message,201,17.320,backend-3,true
2.621,message,201,16.060,backend-3,true
2.621,message,201,16.330,backend-3,true
2.635,message,201,4.670,backend-2,true
2.631,message,201,8.930,backend-2,true
1.140,feed,200,1500.010,backend-2,true
2.640,message,201,16.760,backend-2,true
0.696,feed,200,1962.970,backend-1,true
1.140,feed,200,1522.780,backend-2,true
2.659,message,201,9.240,backend-2,true
0.696,feed,200,1981.090,backend-1,true
1.149,feed,200,1533.900,backend-2,true
2.677,message,201,8.490,backend-2,true
2.683,message,201,7.160,backend-2,true
0.705,feed,200,1986.330,backend-1,true
1.157,feed,200,1539.750,backend-2,true
2.690,message,201,7.560,backend-2,true
0.724,feed,200,1978.030,backend-1,true
2.698,message,201,6.230,backend-2,true
1.161,feed,200,1545.050,backend-2,true
0.727,feed,200,1987.250,backend-1,true
2.706,message,201,7.410,backend-2,true
1.162,feed,200,1560.640,backend-2,true
0.737,feed,200,1993.540,backend-1,true
1.162,feed,200,1571.810,backend-2,true
0.744,feed,200,1990.150,backend-1,true
2.635,message,201,99.990,backend-3,true
2.637,message,201,98.530,backend-3,true
1.171,feed,200,1565.920,backend-2,true
0.744,feed,200,1993.030,backend-1,true
0.744,feed,200,1995.890,backend-1,true
1.183,feed,200,1557.390,backend-2,true
2.734,message,201,6.670,backend-2,true
2.737,message,201,3.810,backend-2,true
2.737,message,201,3.900,backend-2,true
1.183,feed,200,1560.030,backend-2,true
0.770,feed,200,1972.570,backend-1,true
2.741,message,201,6.910,backend-2,true
1.192,feed,200,1560.500,backend-2,true
2.748,message,201,6.070,backend-2,true
0.778,feed,200,1976.440,backend-1,true
1.199,feed,200,1569.490,backend-2,true
2.754,message,201,14.470,backend-2,true
0.779,feed,200,1992.030,backend-1,true
2.771,message,201,6.830,backend-2,true
1.207,feed,200,1573.350,backend-2,true
0.788,feed,200,1996.020,backend-1,true
1.238,feed,200,1550.850,backend-2,true
1.251,feed,200,1540.720,backend-2,true
0.793,feed,200,2007.080,backend-1,true
1.251,feed,200,1552.730,backend-2,true
2.788,message,201,15.280,backend-2,true
0.806,feed,200,1998.180,backend-1,true
2.804,message,201,7.390,backend-2,true
1.251,feed,200,1562.250,backend-2,true
0.815,feed,200,1998.750,backend-1,true
0.816,feed,200,2006.880,backend-1,true
0.822,feed,200,2008.790,backend-1,true
0.835,feed,200,2001.640,backend-1,true
0.844,feed,200,2011.530,backend-1,true
2.823,message,201,36.590,backend-2,true
0.876,feed,200,1995.050,backend-1,true
0.926,feed,200,1963.650,backend-1,true
0.926,feed,200,1967.280,backend-1,true
0.942,feed,200,1953.470,backend-1,true
0.962,feed,200,1936.110,backend-1,true
1.033,feed,200,1867.980,backend-1,true
1.056,feed,200,1848.450,backend-1,true
1.056,feed,200,1856.680,backend-1,true
1.092,feed,200,1823.860,backend-1,true
1.108,feed,200,1810.120,backend-1,true
2.640,message,201,281.320,backend-3,true
2.640,message,201,281.370,backend-3,true
1.157,feed,200,1765.830,backend-1,true
2.657,message,201,269.250,backend-3,true
2.685,message,201,240.890,backend-3,true
2.668,message,201,258.290,backend-3,true
2.663,message,201,263.450,backend-3,true
2.692,message,201,234.720,backend-3,true
2.696,message,201,230.130,backend-3,true
2.704,message,201,222.210,backend-3,true
2.702,message,201,224.020,backend-3,true
1.170,feed,200,1760.620,backend-1,true
2.740,message,201,191.220,backend-3,true
2.734,message,201,197.010,backend-3,true
2.714,message,201,217.140,backend-3,true
2.740,message,201,191.080,backend-3,true
2.735,message,201,195.840,backend-3,true
2.741,message,201,190.390,backend-3,true
2.741,message,201,190.290,backend-3,true
2.723,message,201,208.350,backend-3,true
2.731,message,201,200.250,backend-3,true
2.714,message,201,217.280,backend-3,true
2.735,message,201,195.890,backend-3,true
2.753,message,201,178.780,backend-3,true
2.743,message,201,188.890,backend-3,true
2.803,message,201,128.240,backend-3,true
2.780,message,201,151.210,backend-3,true
2.769,message,201,162.650,backend-3,true
2.769,message,201,162.690,backend-3,true
2.783,message,201,147.990,backend-3,true
2.778,message,201,153.440,backend-3,true
2.804,message,201,127.800,backend-3,true
2.811,message,201,120.210,backend-3,true
2.754,message,201,177.840,backend-3,true
2.743,message,201,188.860,backend-3,true
2.813,message,201,118.360,backend-3,true
2.831,message,201,100.940,backend-3,true
2.814,message,201,117.630,backend-3,true
2.800,message,201,131.730,backend-3,true
2.791,message,201,140.270,backend-3,true
1.199,feed,200,1750.100,backend-1,true
1.203,feed,200,1752.810,backend-1,true
1.206,feed,200,1758.160,backend-1,true
1.214,feed,200,1756.790,backend-1,true
1.216,feed,200,1759.120,backend-1,true
1.216,feed,200,1761.560,backend-1,true
1.251,feed,200,1729.240,backend-1,true
1.258,feed,200,1724.260,backend-1,true
1.285,feed,200,1701.340,backend-1,true
1.869,feed,200,1147.580,backend-3,true
1.888,feed,200,1134.270,backend-3,true
1.897,feed,200,1135.490,backend-3,true
1.912,feed,200,1131.630,backend-3,true
1.926,feed,200,1121.810,backend-3,true
1.942,feed,200,1118.140,backend-3,true
1.949,feed,200,1112.200,backend-3,true
1.957,feed,200,1107.840,backend-3,true
1.957,feed,200,1113.710,backend-3,true
1.957,feed,200,1121.120,backend-3,true
1.966,feed,200,1119.830,backend-3,true
1.971,feed,200,1117.310,backend-3,true
1.985,feed,200,1113.980,backend-3,true
1.985,feed,200,1120.890,backend-3,true
1.999,feed,200,1110.050,backend-3,true
1.999,feed,200,1113.640,backend-3,true
2.015,feed,200,1101.460,backend-3,true
2.020,feed,200,1100.770,backend-3,true
2.032,feed,200,1092.370,backend-3,true
2.044,feed,200,1087.360,backend-3,true
2.050,feed,200,1085.230,backend-3,true
2.056,feed,200,1086.290,backend-3,true
2.067,feed,200,1087.000,backend-3,true
2.081,feed,200,1078.580,backend-3,true
2.095,feed,200,1068.390,backend-3,true
2.098,feed,200,1068.020,backend-3,true
2.104,feed,200,1065.380,backend-3,true
2.107,feed,200,1064.800,backend-3,true
2.113,feed,200,1062.470,backend-3,true
2.119,feed,200,1068.870,backend-3,true
2.119,feed,200,1073.500,backend-3,true
2.195,feed,200,1000.980,backend-3,true
2.201,feed,200,999.260,backend-3,true
2.206,feed,200,996.550,backend-3,true
2.229,feed,200,976.920,backend-3,true
2.237,feed,200,971.400,backend-3,true
2.247,feed,200,972.050,backend-3,true
2.254,feed,200,968.550,backend-3,true
2.931,message,201,295.650,backend-2,true
2.932,message,201,295.120,backend-2,true
2.278,feed,200,949.080,backend-3,true
2.294,feed,200,936.240,backend-3,true
2.299,feed,200,933.940,backend-3,true
2.305,feed,200,930.110,backend-3,true
1.305,feed,200,1931.670,backend-2,true
2.337,feed,200,901.300,backend-3,true
1.309,feed,200,1930.870,backend-2,true
2.353,feed,200,888.570,backend-3,true
1.309,feed,200,1934.740,backend-2,true
2.377,feed,200,868.040,backend-3,true
1.316,feed,200,1929.860,backend-2,true
2.378,feed,200,869.230,backend-3,true
1.316,feed,200,1932.840,backend-2,true
2.378,feed,200,871.670,backend-3,true
2.403,feed,200,848.700,backend-3,true
1.325,feed,200,1927.430,backend-2,true
1.350,feed,200,1904.960,backend-2,true
2.423,feed,200,831.530,backend-3,true
2.433,feed,200,831.520,backend-3,true
1.369,feed,200,1895.530,backend-2,true
1.381,feed,200,1887.240,backend-2,true
2.433,feed,200,834.910,backend-3,true
2.443,feed,200,828.340,backend-3,true
1.403,feed,200,1868.390,backend-2,true
1.422,feed,200,1852.870,backend-2,true
2.453,feed,200,822.180,backend-3,true
2.460,feed,200,817.160,backend-3,true
1.443,feed,200,1834.580,backend-2,true
1.443,feed,200,1837.920,backend-2,true
2.478,feed,200,802.610,backend-3,true
1.449,feed,200,1833.600,backend-2,true
2.495,feed,200,787.470,backend-3,true
2.498,feed,200,787.600,backend-3,true
1.449,feed,200,1836.250,backend-2,true
1.454,feed,200,1834.820,backend-2,true
2.505,feed,200,783.980,backend-3,true
2.505,feed,200,787.950,backend-3,true
1.465,feed,200,1834.640,backend-2,true
2.527,feed,200,773.430,backend-3,true
1.465,feed,200,1837.990,backend-2,true
2.542,feed,200,761.280,backend-3,true
1.496,feed,200,1811.680,backend-2,true
2.562,feed,200,745.630,backend-3,true
2.562,feed,200,748.410,backend-3,true
1.507,feed,200,1803.420,backend-2,true
2.564,feed,200,749.020,backend-3,true
1.534,feed,200,1778.320,backend-2,true
2.581,feed,200,734.150,backend-3,true
1.554,feed,200,1761.650,backend-2,true
1.570,feed,200,1747.000,backend-2,true
2.595,feed,200,722.620,backend-3,true
1.578,feed,200,1742.930,backend-2,true
2.598,feed,200,722.780,backend-3,true
2.613,feed,200,712.470,backend-3,true
1.579,feed,200,1747.990,backend-2,true
2.620,feed,200,708.870,backend-3,true
1.595,feed,200,1735.530,backend-2,true
2.637,feed,200,694.830,backend-3,true
1.594,feed,200,1738.550,backend-2,true
2.921,feed,200,412.670,backend-3,true
1.600,feed,200,1735.910,backend-2,true
2.931,feed,200,405.750,backend-3,true
1.624,feed,200,1719.800,backend-2,true
3.227,feed,200,120.300,backend-3,true
1.646,feed,200,1701.830,backend-2,true
1.658,feed,200,1691.740,backend-2,true
1.660,feed,200,1693.680,backend-2,true
1.666,feed,200,1691.160,backend-2,true
1.681,feed,200,1678.440,backend-2,true
1.694,feed,200,1670.070,backend-2,true
1.694,feed,200,1680.990,backend-2,true
1.694,feed,200,1687.070,backend-2,true
1.706,feed,200,1679.310,backend-2,true
1.706,feed,200,1683.910,backend-2,true
1.292,feed,200,2106.090,backend-1,true
1.728,feed,200,1671.680,backend-2,true
1.292,feed,200,2111.330,backend-1,true
1.739,feed,200,1665.840,backend-2,true
1.316,feed,200,2090.670,backend-1,true
1.745,feed,200,1663.410,backend-2,true
1.333,feed,200,2076.500,backend-1,true
1.814,feed,200,1597.040,backend-2,true
1.349,feed,200,2063.720,backend-1,true
1.824,feed,200,1590.960,backend-2,true
1.349,feed,200,2066.040,backend-1,true
1.828,feed,200,1590.720,backend-2,true
1.361,feed,200,2057.480,backend-1,true
1.827,feed,200,1599.390,backend-2,true
1.369,feed,200,2059.870,backend-1,true
1.853,feed,200,1578.190,backend-2,true
1.376,feed,200,2056.630,backend-1,true
1.852,feed,200,1582.290,backend-2,true
1.376,feed,200,2059.750,backend-1,true
1.862,feed,200,1575.890,backend-2,true
1.396,feed,200,2043.160,backend-1,true
1.862,feed,200,1578.930,backend-2,true
1.396,feed,200,2045.950,backend-1,true
1.873,feed,200,1569.980,backend-2,true
1.408,feed,200,2036.720,backend-1,true
1.873,feed,200,1572.980,backend-2,true
1.410,feed,200,2038.390,backend-1,true
1.902,feed,200,1548.520,backend-2,true
1.430,feed,200,2021.810,backend-1,true
1.430,feed,200,2025.120,backend-1,true
1.902,feed,200,1552.890,backend-2,true
1.916,feed,200,1541.650,backend-2,true
1.456,feed,200,2001.480,backend-1,true
1.465,feed,200,1994.850,backend-1,true
1.926,feed,200,1534.710,backend-2,true
1.971,feed,200,1492.220,backend-2,true
1.482,feed,200,1980.900,backend-1,true
1.985,feed,200,1488.440,backend-2,true
1.482,feed,200,1991.670,backend-1,true
1.994,feed,200,1482.860,backend-2,true
1.482,feed,200,1994.710,backend-1,true
1.496,feed,200,1984.620,backend-1,true
2.015,feed,200,1465.390,backend-2,true
1.500,feed,200,1983.160,backend-1,true
2.015,feed,200,1468.420,backend-2,true
2.059,feed,200,1427.290,backend-2,true
1.507,feed,200,1979.640,backend-1,true
1.520,feed,200,1969.820,backend-1,true
2.087,feed,200,1402.770,backend-2,true
2.100,feed,200,1392.640,backend-2,true
1.527,feed,200,1965.120,backend-1,true
1.528,feed,200,1967.350,backend-1,true
2.107,feed,200,1387.960,backend-2,true
2.165,feed,200,1334.010,backend-2,true
1.542,feed,200,1956.850,backend-1,true
1.543,feed,200,1961.800,backend-1,true
2.165,feed,200,1339.710,backend-2,true
2.194,feed,200,1314.610,backend-2,true
1.544,feed,200,1964.570,backend-1,true
2.200,feed,200,1310.390,backend-2,true
1.554,feed,200,1957.220,backend-1,true
2.202,feed,200,1313.300,backend-2,true
1.554,feed,200,1969.640,backend-1,true
2.229,feed,200,1295.300,backend-2,true
1.578,feed,200,1949.140,backend-1,true
2.229,feed,200,1298.510,backend-2,true
1.578,feed,200,1952.260,backend-1,true
2.237,feed,200,1293.440,backend-2,true
1.579,feed,200,1953.490,backend-1,true
2.248,feed,200,1285.240,backend-2,true
1.617,feed,200,1918.490,backend-1,true
2.260,feed,200,1275.640,backend-2,true
2.260,feed,200,1278.260,backend-2,true
1.617,feed,200,1921.230,backend-1,true
2.266,feed,200,1274.500,backend-2,true
1.618,feed,200,1922.080,backend-1,true
2.278,feed,200,1265.010,backend-2,true
1.624,feed,200,1919.150,backend-1,true
2.278,feed,200,1268.800,backend-2,true
1.646,feed,200,1901.760,backend-1,true
1.646,feed,200,1904.170,backend-1,true
2.294,feed,200,1255.940,backend-2,true
1.653,feed,200,1904.150,backend-1,true
2.305,feed,200,1252.240,backend-2,true
1.660,feed,200,1905.680,backend-1,true
2.305,feed,200,1260.200,backend-2,true
1.681,feed,200,1889.010,backend-1,true
2.325,feed,200,1245.080,backend-2,true
1.715,feed,200,1859.340,backend-1,true
2.330,feed,200,1244.470,backend-2,true
1.715,feed,200,1863.710,backend-1,true
2.330,feed,200,1248.570,backend-2,true
1.728,feed,200,1852.460,backend-1,true
2.337,feed,200,1243.150,backend-2,true
2.344,feed,200,1239.140,backend-2,true
1.745,feed,200,1838.190,backend-1,true
1.759,feed,200,1826.840,backend-1,true
2.354,feed,200,1232.240,backend-2,true
2.354,feed,200,1234.670,backend-2,true
1.764,feed,200,1824.560,backend-1,true
1.779,feed,200,1812.600,backend-1,true
2.389,feed,200,1202.730,backend-2,true
2.396,feed,200,1199.630,backend-2,true
1.786,feed,200,1809.330,backend-1,true
2.396,feed,200,1202.230,backend-2,true
1.796,feed,200,1801.760,backend-1,true
1.799,feed,200,1802.100,backend-1,true
2.403,feed,200,1197.850,backend-2,true
1.823,feed,200,1787.580,backend-1,true
2.412,feed,200,1198.130,backend-2,true
2.423,feed,200,1191.320,backend-2,true
2.427,feed,200,1189.580,backend-2,true
2.459,feed,200,1160.930,backend-2,true
2.468,feed,200,1155.130,backend-2,true
2.478,feed,200,1147.740,backend-2,true
2.487,feed,200,1141.930,backend-2,true
2.487,feed,200,1143.410,backend-2,true
2.496,feed,200,1137.780,backend-2,true
2.520,feed,200,1115.830,backend-2,true
2.520,feed,200,1118.410,backend-2,true
2.535,feed,200,1106.170,backend-2,true
2.542,feed,200,1102.720,backend-2,true
2.542,feed,200,1105.520,backend-2,true
2.581,feed,200,1068.530,backend-2,true
2.595,feed,200,1056.920,backend-2,true
2.598,feed,200,1065.740,backend-2,true
2.601,feed,200,1066.020,backend-2,true
2.637,feed,200,1033.750,backend-2,true
2.637,feed,200,1037.200,backend-2,true
2.926,feed,200,750.110,backend-2,true
