t_s,route,status,latency_ms,backend,ok
0.003,message,201,41.400,backend-3,true
0.004,message,201,40.410,backend-3,true
0.004,message,201,40.220,backend-2,true
0.003,message,201,40.700,backend-2,true
0.004,message,201,40.510,backend-3,true
0.003,message,201,40.770,backend-2,true
0.004,message,201,40.300,backend-3,true
0.004,message,201,40.610,backend-1,true
0.003,message,201,41.390,backend-3,true
0.003,message,201,41.570,backend-3,true
0.004,message,201,40.730,backend-2,true
0.003,message,201,41.360,backend-3,true
0.003,message,201,40.900,backend-2,true
0.003,message,201,41.390,backend-1,true
0.003,message,201,41.290,backend-2,true
0.003,message,201,41.390,backend-1,true
0.003,message,201,41.210,backend-1,true
0.003,message,201,41.110,backend-1,true
0.000,message,201,44.820,backend-1,true
0.003,message,201,41.940,backend-1,true
0.004,message,201,40.750,backend-1,true
0.004,message,201,40.850,backend-3,true
0.003,message,201,41.250,backend-3,true
0.004,message,201,40.730,backend-1,true
0.004,message,201,40.960,backend-1,true
0.003,message,201,41.150,backend-1,true
0.004,message,201,40.900,backend-3,true
0.004,message,201,40.910,backend-3,true
0.004,message,201,41.000,backend-1,true
0.004,message,201,40.870,backend-1,true
0.003,message,201,41.940,backend-1,true
0.004,message,201,40.990,backend-3,true
0.003,message,201,41.350,backend-1,true
0.004,message,201,41.030,backend-3,true
0.003,message,201,41.980,backend-1,true
0.004,message,201,41.260,backend-3,true
0.003,message,201,41.310,backend-3,true
0.004,message,201,41.050,backend-1,true
0.004,message,201,41.230,backend-1,true
0.003,message,201,41.960,backend-3,true
0.003,message,201,40.810,backend-3,true
0.004,message,201,42.840,backend-1,true
0.003,message,201,44.270,backend-3,true
0.003,message,201,44.250,backend-3,true
0.007,message,201,40.200,backend-1,true
0.007,message,201,39.670,backend-3,true
0.005,message,201,42.170,backend-1,true
0.003,message,201,44.220,backend-1,true
0.000,message,201,47.220,backend-1,true
0.007,message,201,40.530,backend-3,true
0.005,message,201,42.340,backend-1,true
0.007,message,201,40.530,backend-3,true
0.007,message,201,40.300,backend-3,true
0.007,message,201,40.140,backend-1,true
0.004,message,201,43.330,backend-3,true
0.000,message,201,46.870,backend-3,true
0.004,message,201,43.350,backend-1,true
0.004,message,201,43.390,backend-3,true
0.003,message,201,44.860,backend-3,true
0.007,message,201,40.720,backend-1,true
0.007,message,201,40.710,backend-1,true
0.004,message,201,43.650,backend-2,true
0.004,message,201,43.480,backend-3,true
0.004,message,201,43.680,backend-1,true
0.003,message,201,44.810,backend-1,true
0.000,message,201,47.700,backend-2,true
0.007,message,201,40.930,backend-3,true
0.004,message,201,43.760,backend-1,true
0.003,message,201,44.440,backend-2,true
0.004,message,201,43.780,backend-1,true
0.004,message,201,43.610,backend-3,true
0.003,message,201,44.940,backend-1,true
0.004,message,201,43.500,backend-1,true
0.007,message,201,41.090,backend-3,true
0.004,message,201,44.130,backend-1,true
0.003,message,201,44.440,backend-3,true
0.007,message,201,40.660,backend-3,true
0.003,message,201,44.560,backend-1,true
0.007,message,201,41.220,backend-1,true
0.004,message,201,44.170,backend-2,true
0.003,message,201,44.550,backend-1,true
0.003,message,201,44.960,backend-2,true
0.007,message,201,40.920,backend-3,true
0.003,message,201,45.190,backend-1,true
0.007,message,201,40.660,backend-3,true
0.004,message,201,43.330,backend-1,true
0.005,message,201,42.720,backend-3,true
0.007,message,201,40.870,backend-3,true
0.003,message,201,44.670,backend-1,true
0.003,message,201,44.590,backend-2,true
0.003,message,201,44.500,backend-1,true
0.005,message,201,42.550,backend-1,true
0.007,message,201,40.790,backend-3,true
0.004,message,201,44.020,backend-2,true
0.003,message,201,45.260,backend-1,true
0.007,message,201,41.080,backend-1,true
0.007,message,201,41.160,backend-1,true
0.004,message,201,43.840,backend-3,true
0.003,message,201,44.430,backend-2,true
0.004,message,201,43.750,backend-3,true
0.004,message,201,44.010,backend-2,true
0.000,message,201,48.230,backend-3,true
0.003,message,201,44.620,backend-1,true
0.003,message,201,44.970,backend-3,true
0.004,message,201,44.020,backend-3,true
0.004,message,201,44.010,backend-1,true
0.003,message,201,44.860,backend-2,true
0.003,message,201,47.720,backend-2,true
0.000,message,201,51.610,backend-2,true
0.004,message,201,47.430,backend-2,true
0.004,message,201,47.350,backend-2,true
0.004,message,201,47.250,backend-2,true
0.003,message,201,48.370,backend-2,true
0.004,message,201,47.850,backend-2,true
0.007,message,201,44.820,backend-2,true
0.004,message,201,47.820,backend-2,true
0.003,message,201,48.700,backend-2,true
0.004,message,201,47.940,backend-2,true
0.007,message,201,45.060,backend-2,true
0.007,message,201,45.180,backend-2,true
0.004,message,201,47.880,backend-2,true
0.000,message,201,52.280,backend-2,true
0.007,message,201,45.030,backend-2,true
0.004,message,201,48.130,backend-2,true
0.003,message,201,49.320,backend-2,true
0.007,message,201,45.100,backend-2,true
0.007,message,201,45.380,backend-2,true
0.004,message,201,48.100,backend-2,true
0.006,message,201,45.760,backend-2,true
0.004,message,201,48.530,backend-2,true
0.007,message,201,45.750,backend-2,true
0.005,message,201,47.630,backend-2,true
0.007,message,201,45.920,backend-2,true
0.004,message,201,48.210,backend-2,true
0.005,message,201,47.650,backend-2,true
0.003,message,201,49.680,backend-2,true
0.003,message,201,49.910,backend-2,true
0.003,message,201,49.940,backend-2,true
0.004,message,201,49.530,backend-2,true
0.012,message,201,41.880,backend-2,true
0.003,message,201,50.840,backend-2,true
0.003,message,201,51.260,backend-2,true
0.003,message,201,51.110,backend-2,true
0.003,message,201,50.830,backend-2,true
0.006,message,201,47.630,backend-2,true
0.007,message,201,47.030,backend-2,true
0.005,message,201,51.000,backend-1,true
0.002,message,201,53.940,backend-1,true
0.003,message,201,53.050,backend-1,true
0.000,message,201,55.500,backend-1,true
0.005,message,201,50.340,backend-1,true
0.006,message,201,49.160,backend-2,true
0.010,message,201,45.540,backend-2,true
0.004,message,201,53.100,backend-3,true
0.003,message,201,53.670,backend-3,true
0.005,message,201,51.380,backend-3,true
0.003,message,201,53.590,backend-3,true
0.004,message,201,53.290,backend-3,true
0.003,message,201,53.830,backend-3,true
0.003,message,201,54.200,backend-3,true
0.011,message,201,45.950,backend-3,true
0.011,message,201,46.030,backend-3,true
0.011,message,201,46.250,backend-3,true
0.000,message,201,57.350,backend-3,true
0.012,message,201,45.190,backend-3,true
0.013,message,201,44.570,backend-3,true
0.013,message,201,44.660,backend-3,true
0.013,message,201,44.190,backend-3,true
0.012,message,201,44.910,backend-3,true
0.011,message,201,46.670,backend-3,true
0.004,message,201,53.840,backend-3,true
0.012,message,201,45.480,backend-2,true
0.012,message,201,45.410,backend-3,true
0.012,message,201,45.300,backend-2,true
0.012,message,201,45.360,backend-3,true
0.011,message,201,46.440,backend-2,true
0.003,message,201,54.450,backend-3,true
0.016,message,201,41.310,backend-2,true
0.012,message,201,45.490,backend-2,true
0.003,message,201,54.330,backend-2,true
0.004,message,201,53.770,backend-2,true
0.044,message,201,13.580,backend-2,true
0.044,message,201,14.060,backend-2,true
0.013,message,201,45.120,backend-2,true
0.003,message,201,54.920,backend-1,true
0.010,message,201,48.050,backend-2,true
0.004,message,201,54.730,backend-1,true
0.011,message,201,47.350,backend-1,true
0.012,message,201,46.940,backend-1,true
0.012,message,201,46.590,backend-1,true
0.011,message,201,47.500,backend-1,true
0.011,message,201,47.580,backend-1,true
0.013,message,201,45.180,backend-1,true
0.010,message,201,48.110,backend-1,true
0.013,message,201,45.970,backend-1,true
0.003,message,201,55.130,backend-1,true
0.012,message,201,46.580,backend-1,true
0.012,message,201,46.900,backend-1,true
0.013,message,201,46.080,backend-1,true
0.016,message,201,43.320,backend-1,true
0.013,message,201,45.860,backend-1,true
0.014,message,201,46.310,backend-1,true
0.006,message,201,54.270,backend-1,true
0.015,message,201,45.220,backend-1,true
0.012,message,201,49.000,backend-1,true
0.048,message,201,15.360,backend-2,true
0.048,message,201,15.560,backend-2,true
0.014,message,201,49.100,backend-3,true
0.051,message,201,11.970,backend-2,true
0.048,message,201,15.760,backend-2,true
0.048,message,201,15.680,backend-2,true
0.048,message,201,15.690,backend-2,true
0.048,message,201,15.820,backend-2,true
0.004,message,201,59.010,backend-3,true
0.048,message,201,15.690,backend-2,true
0.048,message,201,15.650,backend-2,true
0.045,message,201,18.990,backend-3,true
0.047,message,201,16.080,backend-2,true
0.045,message,201,18.970,backend-3,true
0.045,message,201,18.930,backend-3,true
0.051,message,201,12.290,backend-2,true
0.051,message,201,13.010,backend-2,true
0.052,message,201,12.100,backend-2,true
0.054,message,201,10.550,backend-2,true
0.013,message,201,51.420,backend-3,true
0.052,message,201,12.270,backend-2,true
0.052,message,201,12.490,backend-2,true
0.052,message,201,12.330,backend-2,true
0.010,message,201,54.240,backend-2,true
0.052,message,201,12.450,backend-2,true
0.044,message,201,20.400,backend-3,true
0.051,message,201,13.410,backend-2,true
0.013,message,201,51.290,backend-3,true
0.045,message,201,20.030,backend-3,true
0.052,message,201,12.710,backend-2,true
0.052,message,201,12.690,backend-2,true
0.052,message,201,12.790,backend-2,true
0.052,message,201,12.620,backend-2,true
0.045,message,201,19.770,backend-3,true
0.052,message,201,12.790,backend-2,true
0.053,message,201,12.020,backend-2,true
0.045,message,201,20.570,backend-3,true
0.056,message,201,9.970,backend-2,true
0.053,message,201,12.900,backend-2,true
0.053,message,201,13.070,backend-2,true
0.053,message,201,13.110,backend-2,true
0.048,message,201,18.000,backend-3,true
0.045,message,201,20.890,backend-3,true
0.044,message,201,21.550,backend-3,true
0.054,message,201,11.820,backend-2,true
0.047,message,201,18.450,backend-3,true
0.045,message,201,20.930,backend-3,true
0.048,message,201,18.100,backend-3,true
0.044,message,201,21.470,backend-3,true
0.056,message,201,10.230,backend-2,true
0.044,message,201,21.580,backend-3,true
0.013,message,201,52.630,backend-3,true
0.054,message,201,11.920,backend-2,true
0.044,message,201,21.420,backend-3,true
0.047,message,201,18.700,backend-3,true
0.044,message,201,21.370,backend-3,true
0.053,message,201,13.190,backend-2,true
0.054,message,201,12.140,backend-2,true
0.045,message,201,20.950,backend-3,true
0.054,message,201,12.040,backend-2,true
0.012,message,201,54.100,backend-3,true
0.045,message,201,21.250,backend-3,true
0.048,message,201,18.100,backend-3,true
0.056,message,201,10.400,backend-2,true
0.003,message,201,63.430,backend-3,true
0.048,message,201,18.690,backend-3,true
0.056,message,201,10.950,backend-2,true
0.044,message,201,22.180,backend-2,true
0.048,message,201,18.790,backend-3,true
0.048,message,201,18.800,backend-3,true
0.048,message,201,18.910,backend-3,true
0.005,message,201,61.530,backend-3,true
0.044,message,201,22.210,backend-3,true
0.051,message,201,15.420,backend-2,true
0.058,message,201,13.960,backend-3,true
0.057,message,201,15.480,backend-1,true
0.057,message,201,15.080,backend-3,true
0.057,message,201,15.160,backend-3,true
0.058,message,201,15.030,backend-3,true
0.052,message,201,20.500,backend-1,true
0.048,message,201,25.060,backend-1,true
0.048,message,201,24.900,backend-1,true
0.048,message,201,25.010,backend-1,true
0.058,message,201,15.370,backend-3,true
0.057,message,201,15.940,backend-3,true
0.005,message,201,67.650,backend-1,true
0.058,message,201,15.350,backend-3,true
0.053,message,201,20.280,backend-1,true
0.058,message,201,15.110,backend-3,true
0.047,message,201,25.830,backend-1,true
0.003,message,201,70.500,backend-1,true
0.048,message,201,25.450,backend-1,true
0.058,message,201,15.660,backend-3,true
0.047,message,201,25.960,backend-1,true
0.047,message,201,26.090,backend-1,true
0.059,message,201,14.900,backend-3,true
0.048,message,201,25.740,backend-1,true
0.048,message,201,25.670,backend-1,true
0.004,message,201,69.030,backend-3,true
0.057,message,201,16.200,backend-3,true
0.003,message,201,70.830,backend-3,true
0.047,message,201,26.140,backend-1,true
0.000,message,201,73.580,backend-3,true
0.048,message,201,25.620,backend-1,true
0.010,message,201,63.360,backend-3,true
0.047,message,201,26.350,backend-1,true
0.010,message,201,63.280,backend-3,true
0.047,message,201,26.500,backend-1,true
0.010,message,201,63.160,backend-3,true
0.015,message,201,58.250,backend-1,true
0.059,message,201,15.070,backend-3,true
0.045,message,201,28.850,backend-1,true
0.048,message,201,25.760,backend-1,true
0.013,message,201,60.560,backend-1,true
0.047,message,201,26.530,backend-1,true
0.044,message,201,29.170,backend-1,true
0.013,message,201,60.410,backend-1,true
0.044,message,201,29.220,backend-1,true
0.044,message,201,29.500,backend-1,true
0.047,message,201,26.620,backend-1,true
0.045,message,201,28.840,backend-1,true
0.013,message,201,60.520,backend-1,true
0.045,message,201,28.940,backend-1,true
0.044,message,201,29.790,backend-1,true
0.045,message,201,28.820,backend-1,true
0.045,message,201,29.290,backend-1,true
0.045,message,201,29.240,backend-1,true
0.012,message,201,61.800,backend-1,true
0.059,message,201,15.340,backend-3,true
0.057,message,201,17.600,backend-3,true
0.014,message,201,61.040,backend-1,true
0.061,message,201,14.400,backend-1,true
0.010,message,201,64.820,backend-1,true
0.000,message,201,74.940,backend-1,true
0.011,message,201,63.750,backend-1,true
0.059,message,201,16.000,backend-1,true
0.061,message,201,14.320,backend-1,true
0.059,message,201,16.160,backend-1,true
0.057,message,201,18.260,backend-1,true
0.059,message,201,16.520,backend-3,true
0.063,message,201,11.830,backend-1,true
0.012,message,201,63.030,backend-1,true
0.047,message,201,28.000,backend-1,true
0.014,message,201,60.950,backend-1,true
0.014,message,201,61.030,backend-3,true
0.014,message,201,61.190,backend-1,true
0.063,message,201,11.790,backend-1,true
0.012,message,201,63.510,backend-1,true
0.012,message,201,63.500,backend-1,true
0.013,message,201,62.490,backend-1,true
0.047,message,201,31.020,backend-1,true
0.014,message,201,64.300,backend-1,true
0.011,message,201,67.210,backend-1,true
0.014,message,201,64.360,backend-1,true
0.014,message,201,64.570,backend-1,true
0.066,message,201,13.050,backend-1,true
0.066,message,201,12.980,backend-1,true
0.067,message,201,12.210,backend-1,true
0.067,message,201,12.040,backend-1,true
0.047,message,201,31.560,backend-1,true
0.014,message,201,64.440,backend-1,true
0.003,message,201,76.110,backend-1,true
0.064,message,201,16.360,backend-3,true
0.065,message,201,15.230,backend-3,true
0.065,message,201,15.240,backend-3,true
0.065,message,201,15.300,backend-3,true
0.065,message,201,14.750,backend-3,true
0.064,message,201,16.370,backend-3,true
0.066,message,201,14.160,backend-3,true
0.066,message,201,14.190,backend-3,true
0.065,message,201,15.540,backend-3,true
0.065,message,201,15.580,backend-3,true
0.064,message,201,15.670,backend-3,true
0.063,message,201,16.670,backend-3,true
0.063,message,201,16.730,backend-3,true
0.065,message,201,15.560,backend-3,true
0.066,message,201,14.390,backend-3,true
0.066,message,201,14.380,backend-3,true
0.057,message,201,23.280,backend-2,true
0.010,message,201,70.520,backend-3,true
0.057,message,201,23.540,backend-2,true
0.057,message,201,23.510,backend-2,true
0.057,message,201,23.780,backend-2,true
0.066,message,201,14.820,backend-3,true
0.057,message,201,23.520,backend-2,true
0.057,message,201,23.580,backend-2,true
0.066,message,201,14.880,backend-3,true
0.066,message,201,14.880,backend-3,true
0.067,message,201,13.910,backend-3,true
0.067,message,201,14.030,backend-3,true
0.010,message,201,70.170,backend-3,true
0.057,message,201,23.740,backend-2,true
0.057,message,201,23.690,backend-2,true
0.057,message,201,23.600,backend-2,true
0.015,message,201,65.990,backend-3,true
0.012,message,201,69.440,backend-3,true
0.057,message,201,23.680,backend-2,true
0.047,message,201,34.070,backend-3,true
0.057,message,201,23.670,backend-2,true
0.058,message,201,23.690,backend-2,true
0.057,message,201,23.960,backend-2,true
0.058,message,201,23.690,backend-2,true
0.057,message,201,23.910,backend-2,true
0.058,message,201,23.480,backend-2,true
0.058,message,201,23.600,backend-2,true
0.058,message,201,23.450,backend-2,true
0.058,message,201,23.440,backend-2,true
0.058,message,201,23.480,backend-2,true
0.059,message,201,23.300,backend-2,true
0.058,message,201,23.680,backend-2,true
0.011,message,201,71.390,backend-2,true
0.002,message,201,80.590,backend-2,true
0.005,message,201,76.800,backend-2,true
0.013,message,201,69.840,backend-2,true
0.012,message,201,70.130,backend-2,true
0.048,message,201,34.700,backend-2,true
0.048,message,201,34.600,backend-2,true
0.012,message,201,70.120,backend-2,true
0.012,message,201,70.230,backend-2,true
0.016,message,201,66.760,backend-2,true
0.004,message,201,78.790,backend-2,true
0.047,message,201,35.610,backend-2,true
0.003,message,201,80.560,backend-2,true
0.003,message,201,80.460,backend-2,true
0.011,message,201,72.450,backend-2,true
0.063,message,201,20.900,backend-2,true
0.064,message,201,20.730,backend-2,true
0.063,message,201,20.970,backend-2,true
0.063,message,201,20.940,backend-2,true
0.063,message,201,20.960,backend-2,true
0.064,message,201,20.870,backend-2,true
0.064,message,201,20.850,backend-2,true
0.064,message,201,20.940,backend-2,true
0.064,message,201,20.100,backend-2,true
0.063,message,201,21.100,backend-2,true
0.064,message,201,20.100,backend-2,true
0.065,message,201,19.830,backend-2,true
0.065,message,201,19.980,backend-2,true
0.065,message,201,19.950,backend-2,true
0.065,message,201,20.190,backend-2,true
0.065,message,201,20.080,backend-2,true
0.065,message,201,20.140,backend-2,true
0.064,message,201,20.300,backend-2,true
0.065,message,201,20.060,backend-2,true
0.065,message,201,20.250,backend-2,true
0.065,message,201,20.250,backend-2,true
0.064,message,201,20.380,backend-2,true
0.066,message,201,19.270,backend-2,true
0.066,message,201,18.950,backend-2,true
0.066,message,201,19.510,backend-2,true
0.066,message,201,19.360,backend-2,true
0.066,message,201,19.400,backend-2,true
0.066,message,201,19.380,backend-2,true
0.066,message,201,19.460,backend-2,true
0.066,message,201,19.420,backend-2,true
0.066,message,201,19.490,backend-2,true
0.066,message,201,19.660,backend-2,true
0.066,message,201,19.560,backend-2,true
0.066,message,201,19.550,backend-2,true
0.066,message,201,19.550,backend-2,true
0.066,message,201,19.760,backend-2,true
0.066,message,201,19.760,backend-2,true
0.066,message,201,19.610,backend-2,true
0.066,message,201,19.720,backend-2,true
0.066,message,201,19.710,backend-2,true
0.000,message,201,85.360,backend-2,true
0.073,message,201,13.110,backend-1,true
0.073,message,201,13.200,backend-1,true
0.011,message,201,74.500,backend-1,true
0.074,message,201,11.940,backend-1,true
0.074,message,201,12.150,backend-1,true
0.074,message,201,12.070,backend-1,true
0.073,message,201,12.520,backend-1,true
0.074,message,201,12.470,backend-1,true
0.075,message,201,11.100,backend-1,true
0.073,message,201,12.730,backend-1,true
0.073,message,201,12.800,backend-1,true
0.073,message,201,12.750,backend-1,true
0.073,message,201,12.860,backend-1,true
0.075,message,201,11.220,backend-1,true
0.073,message,201,12.840,backend-1,true
0.073,message,201,13.340,backend-1,true
0.003,message,201,83.710,backend-1,true
0.074,message,201,12.680,backend-1,true
0.073,message,201,12.960,backend-1,true
0.004,message,201,82.420,backend-1,true
0.075,message,201,11.430,backend-1,true
0.014,message,201,72.710,backend-1,true
0.014,message,201,72.890,backend-1,true
0.075,message,201,11.680,backend-1,true
0.075,message,201,11.450,backend-1,true
0.011,message,201,75.150,backend-1,true
0.075,message,201,11.420,backend-1,true
0.044,message,201,42.380,backend-1,true
0.072,message,201,14.430,backend-1,true
0.016,message,201,71.110,backend-1,true
0.044,message,201,42.400,backend-1,true
0.045,message,201,42.100,backend-1,true
0.011,message,201,75.240,backend-1,true
0.014,message,201,73.110,backend-1,true
0.074,message,201,13.480,backend-3,true
0.073,message,201,14.320,backend-3,true
0.074,message,201,13.510,backend-3,true
0.074,message,201,13.630,backend-3,true
0.047,message,201,40.060,backend-3,true
0.014,message,201,73.550,backend-3,true
0.081,message,201,12.790,backend-3,true
0.081,message,201,12.890,backend-3,true
0.081,message,201,12.820,backend-1,true
0.081,message,201,12.210,backend-1,true
0.082,message,201,11.320,backend-3,true
0.085,message,201,8.620,backend-2,true
0.083,message,201,10.860,backend-3,true
0.081,message,201,12.890,backend-3,true
0.081,message,201,12.500,backend-1,true
0.082,message,201,11.680,backend-1,true
0.079,message,201,14.830,backend-1,true
0.081,message,201,12.510,backend-1,true
0.079,message,201,14.860,backend-1,true
0.080,message,201,13.620,backend-3,true
0.081,message,201,12.330,backend-3,true
0.081,message,201,12.360,backend-1,true
0.081,message,201,12.600,backend-1,true
0.080,message,201,13.510,backend-3,true
0.080,message,201,13.650,backend-3,true
0.081,message,201,13.040,backend-3,true
0.085,message,201,8.830,backend-3,true
0.085,message,201,9.140,backend-2,true
0.080,message,201,13.470,backend-1,true
0.081,message,201,13.100,backend-1,true
0.082,message,201,11.740,backend-3,true
0.080,message,201,13.570,backend-3,true
0.080,message,201,13.660,backend-3,true
0.079,message,201,14.930,backend-1,true
0.080,message,201,13.610,backend-3,true
0.079,message,201,14.920,backend-1,true
0.085,message,201,8.910,backend-2,true
0.084,message,201,9.270,backend-2,true
0.079,message,201,14.920,backend-1,true
0.085,message,201,8.490,backend-2,true
0.081,message,201,13.170,backend-1,true
0.080,message,201,13.610,backend-3,true
0.012,message,201,82.050,backend-2,true
0.080,message,201,13.580,backend-3,true
0.079,message,201,14.930,backend-1,true
0.081,message,201,12.760,backend-1,true
0.080,message,201,13.550,backend-1,true
0.081,message,201,12.720,backend-3,true
0.081,message,201,13.190,backend-3,true
0.082,message,201,11.380,backend-3,true
0.081,message,201,13.140,backend-3,true
0.081,message,201,13.240,backend-1,true
0.085,message,201,9.070,backend-2,true
0.013,message,201,80.820,backend-2,true
0.081,message,201,13.220,backend-1,true
0.085,message,201,9.310,backend-2,true
0.085,message,201,9.080,backend-2,true
0.083,message,201,10.900,backend-3,true
0.084,message,201,9.370,backend-2,true
0.085,message,201,9.280,backend-2,true
0.083,message,201,10.970,backend-3,true
0.080,message,201,13.860,backend-3,true
0.081,message,201,12.850,backend-3,true
0.081,message,201,12.490,backend-1,true
0.084,message,201,9.400,backend-2,true
0.079,message,201,15.220,backend-2,true
0.079,message,201,15.160,backend-2,true
0.081,message,201,13.270,backend-1,true
0.080,message,201,13.970,backend-1,true
0.081,message,201,13.300,backend-3,true
0.081,message,201,12.840,backend-1,true
0.082,message,201,11.890,backend-3,true
0.085,message,201,9.160,backend-2,true
0.080,message,201,13.890,backend-1,true
0.078,message,201,15.510,backend-1,true
0.011,message,201,82.580,backend-3,true
0.085,message,201,9.110,backend-2,true
0.082,message,201,11.530,backend-1,true
0.086,message,201,8.700,backend-2,true
0.085,message,201,9.310,backend-2,true
0.086,message,201,8.460,backend-2,true
0.014,message,201,80.370,backend-3,true
0.085,message,201,10.260,backend-1,true
0.082,message,201,12.500,backend-1,true
0.086,message,201,8.730,backend-2,true
0.085,message,201,9.650,backend-2,true
0.084,message,201,10.730,backend-1,true
0.086,message,201,8.870,backend-2,true
0.044,message,201,50.650,backend-1,true
0.085,message,201,10.230,backend-3,true
0.085,message,201,9.650,backend-2,true
0.084,message,201,10.560,backend-1,true
0.080,message,201,15.010,backend-3,true
0.016,message,201,79.340,backend-2,true
0.085,message,201,9.790,backend-2,true
0.085,message,201,9.740,backend-2,true
0.087,message,201,8.450,backend-2,true
0.082,message,201,13.560,backend-1,true
0.086,message,201,8.720,backend-2,true
0.085,message,201,10.160,backend-2,true
0.087,message,201,8.530,backend-2,true
0.087,message,201,8.550,backend-2,true
0.083,message,201,11.970,backend-3,true
0.080,message,201,15.240,backend-1,true
0.016,message,201,79.620,backend-2,true
0.080,message,201,14.950,backend-1,true
0.082,message,201,13.450,backend-1,true
0.085,message,201,9.910,backend-2,true
0.086,message,201,8.760,backend-2,true
0.083,message,201,11.980,backend-1,true
0.082,message,201,12.740,backend-3,true
0.081,message,201,13.970,backend-1,true
0.085,message,201,9.750,backend-2,true
0.085,message,201,9.810,backend-2,true
0.084,message,201,11.110,backend-1,true
0.083,message,201,12.460,backend-1,true
0.082,message,201,12.800,backend-1,true
0.016,message,201,79.590,backend-2,true
0.014,message,201,81.480,backend-1,true
0.084,message,201,11.010,backend-1,true
0.086,message,201,9.430,backend-2,true
0.085,message,201,9.960,backend-2,true
0.086,message,201,8.910,backend-2,true
0.014,message,201,81.090,backend-2,true
0.083,message,201,12.160,backend-3,true
0.082,message,201,13.190,backend-1,true
0.081,message,201,14.360,backend-1,true
0.084,message,201,11.250,backend-3,true
0.012,message,201,83.810,backend-2,true
0.087,message,201,8.840,backend-2,true
0.016,message,201,79.980,backend-2,true
0.081,message,201,14.210,backend-1,true
0.012,message,201,83.840,backend-2,true
0.079,message,201,18.250,backend-1,true
0.011,message,201,85.830,backend-2,true
0.082,message,201,15.590,backend-1,true
0.087,message,201,12.340,backend-3,true
0.086,message,201,12.970,backend-3,true
0.086,message,201,12.690,backend-3,true
0.086,message,201,13.240,backend-3,true
0.085,message,201,13.690,backend-3,true
0.086,message,201,12.820,backend-3,true
0.087,message,201,12.760,backend-3,true
0.087,message,201,12.720,backend-3,true
0.087,message,201,12.830,backend-3,true
0.087,message,201,12.800,backend-3,true
0.086,message,201,13.110,backend-3,true
0.087,message,201,12.930,backend-3,true
0.087,message,201,12.570,backend-3,true
0.087,message,201,12.980,backend-3,true
0.087,message,201,12.930,backend-3,true
0.087,message,201,12.740,backend-3,true
0.087,message,201,13.010,backend-3,true
0.014,message,201,86.260,backend-3,true
0.087,message,201,13.350,backend-3,true
0.087,message,201,13.410,backend-3,true
0.013,message,201,87.860,backend-3,true
0.048,message,201,54.690,backend-2,true
0.048,message,201,54.910,backend-2,true
0.059,message,201,43.920,backend-2,true
0.087,message,201,15.330,backend-2,true
0.059,message,201,43.950,backend-2,true
0.059,message,201,44.000,backend-2,true
0.051,message,201,51.200,backend-2,true
0.059,message,201,44.000,backend-2,true
0.059,message,201,43.890,backend-2,true
0.059,message,201,44.010,backend-2,true
0.059,message,201,43.730,backend-2,true
0.067,message,201,37.740,backend-2,true
0.067,message,201,37.970,backend-2,true
0.066,message,201,38.130,backend-2,true
0.067,message,201,38.030,backend-2,true
0.067,message,201,38.140,backend-2,true
0.072,message,201,32.580,backend-2,true
0.073,message,201,32.160,backend-2,true
0.067,message,201,38.330,backend-2,true
0.061,message,201,44.190,backend-2,true
0.061,message,201,44.300,backend-2,true
0.064,message,201,41.450,backend-2,true
0.085,message,201,23.200,backend-1,true
0.085,message,201,23.870,backend-1,true
0.085,message,201,23.810,backend-1,true
0.085,message,201,23.770,backend-1,true
0.085,message,201,23.290,backend-1,true
0.086,message,201,22.930,backend-1,true
0.072,message,201,36.700,backend-2,true
0.085,message,201,23.740,backend-1,true
0.094,message,201,15.330,backend-2,true
0.094,message,201,15.450,backend-2,true
0.086,message,201,23.380,backend-1,true
0.094,message,201,15.170,backend-2,true
0.073,message,201,36.640,backend-2,true
0.086,message,201,22.960,backend-1,true
0.085,message,201,23.810,backend-1,true
0.085,message,201,23.800,backend-1,true
0.086,message,201,23.370,backend-1,true
0.086,message,201,23.290,backend-1,true
0.094,message,201,15.550,backend-2,true
0.094,message,201,15.310,backend-2,true
0.094,message,201,15.370,backend-2,true
0.085,message,201,23.820,backend-1,true
0.094,message,201,15.530,backend-2,true
0.045,message,201,64.890,backend-1,true
0.014,message,201,95.670,backend-1,true
0.086,message,201,23.270,backend-1,true
0.086,message,201,23.290,backend-1,true
0.086,message,201,23.270,backend-1,true
0.048,message,201,61.890,backend-1,true
0.048,message,201,61.840,backend-1,true
0.048,message,201,61.940,backend-1,true
0.048,message,201,62.000,backend-1,true
0.048,message,201,62.120,backend-1,true
0.048,message,201,62.370,backend-1,true
0.047,message,201,62.570,backend-1,true
0.048,message,201,62.250,backend-1,true
0.048,message,201,62.400,backend-1,true
0.048,message,201,62.420,backend-1,true
0.048,message,201,62.570,backend-1,true
0.048,message,201,62.420,backend-1,true
0.048,message,201,62.730,backend-1,true
0.052,message,201,58.390,backend-1,true
0.048,message,201,62.660,backend-1,true
0.052,message,201,58.450,backend-1,true
0.048,message,201,62.940,backend-1,true
0.051,message,201,59.230,backend-1,true
0.054,message,201,56.790,backend-1,true
0.087,feed,200,27.860,backend-3,true
0.095,message,201,21.190,backend-1,true
0.095,message,201,21.550,backend-1,true
0.095,message,201,21.560,backend-1,true
0.095,message,201,21.640,backend-1,true
0.096,message,201,21.320,backend-1,true
0.095,message,201,21.790,backend-1,true
0.095,message,201,21.780,backend-1,true
0.095,message,201,21.790,backend-1,true
0.095,message,201,21.780,backend-1,true
0.094,feed,200,23.200,backend-2,true
0.095,message,201,21.850,backend-1,true
0.095,message,201,21.820,backend-1,true
0.095,message,201,21.860,backend-1,true
0.095,message,201,21.920,backend-1,true
0.097,message,201,19.820,backend-1,true
0.096,message,201,21.580,backend-1,true
0.095,message,201,21.720,backend-1,true
0.095,message,201,21.800,backend-1,true
0.095,message,201,21.890,backend-1,true
0.097,message,201,20.280,backend-1,true
0.101,message,201,16.880,backend-1,true
0.101,message,201,16.830,backend-1,true
0.102,message,201,15.080,backend-1,true
0.102,message,201,15.340,backend-1,true
0.100,message,201,18.290,backend-1,true
0.103,message,201,15.290,backend-1,true
0.095,message,201,25.320,backend-3,true
0.096,message,201,25.260,backend-3,true
0.095,message,201,25.800,backend-3,true
0.095,message,201,25.700,backend-3,true
0.095,message,201,25.770,backend-3,true
0.095,message,201,25.720,backend-3,true
0.096,message,201,25.310,backend-3,true
0.095,message,201,25.830,backend-3,true
0.095,message,201,25.820,backend-3,true
0.096,message,201,25.440,backend-3,true
0.095,message,201,25.900,backend-3,true
0.096,message,201,25.510,backend-3,true
0.095,message,201,26.000,backend-3,true
0.095,message,201,25.860,backend-3,true
0.002,message,201,119.560,backend-3,true
0.094,message,201,27.620,backend-3,true
0.095,message,201,25.870,backend-3,true
0.095,message,201,25.950,backend-3,true
0.094,message,201,27.610,backend-3,true
0.094,message,201,27.700,backend-3,true
0.094,message,201,27.450,backend-3,true
0.095,message,201,26.420,backend-3,true
0.095,message,201,26.270,backend-3,true
0.095,message,201,26.330,backend-3,true
0.095,message,201,26.300,backend-3,true
0.094,message,201,27.470,backend-3,true
0.047,message,201,74.210,backend-3,true
0.094,message,201,27.710,backend-3,true
0.011,message,201,110.170,backend-3,true
0.094,message,201,27.690,backend-3,true
0.094,message,201,27.700,backend-3,true
0.105,message,201,19.060,backend-2,true
0.074,message,201,50.210,backend-2,true
0.109,message,201,15.730,backend-2,true
0.109,message,201,15.720,backend-2,true
0.073,message,201,51.190,backend-2,true
0.105,message,201,20.040,backend-2,true
0.074,message,201,50.870,backend-2,true
0.105,message,201,19.760,backend-2,true
0.104,message,201,20.540,backend-2,true
0.105,message,201,20.030,backend-2,true
0.074,message,201,51.160,backend-2,true
0.094,feed,200,33.790,backend-1,true
0.094,feed,200,34.390,backend-3,true
0.109,message,201,23.720,backend-2,true
0.103,message,201,30.510,backend-1,true
0.094,feed,200,39.250,backend-2,true
0.103,message,201,30.520,backend-1,true
0.109,message,201,24.320,backend-2,true
0.109,message,201,24.280,backend-2,true
0.109,message,201,24.300,backend-2,true
0.109,message,201,24.390,backend-2,true
0.110,message,201,24.440,backend-2,true
0.110,message,201,24.480,backend-2,true
0.110,message,201,24.590,backend-2,true
0.109,message,201,25.110,backend-2,true
0.109,message,201,25.110,backend-2,true
0.110,message,201,24.750,backend-2,true
0.110,message,201,24.650,backend-2,true
0.110,message,201,24.610,backend-2,true
0.117,message,201,16.950,backend-2,true
0.074,message,201,60.960,backend-2,true
0.110,message,201,24.620,backend-2,true
0.118,message,201,16.720,backend-2,true
0.110,message,201,24.660,backend-3,true
0.110,message,201,24.560,backend-2,true
0.110,message,201,24.580,backend-2,true
0.110,message,201,25.050,backend-3,true
0.110,message,201,24.660,backend-2,true
0.117,message,201,17.510,backend-2,true
0.117,message,201,17.610,backend-2,true
0.110,message,201,24.530,backend-2,true
0.110,message,201,24.570,backend-2,true
0.116,message,201,18.460,backend-2,true
0.114,message,201,20.340,backend-2,true
0.117,message,201,17.840,backend-2,true
0.117,message,201,18.000,backend-2,true
0.111,message,201,24.340,backend-2,true
0.117,message,201,17.850,backend-2,true
0.110,message,201,24.440,backend-2,true
0.110,message,201,24.470,backend-2,true
0.111,message,201,24.460,backend-2,true
0.110,message,201,24.520,backend-2,true
0.014,message,201,121.800,backend-3,true
0.016,message,201,119.820,backend-3,true
0.121,message,201,14.450,backend-3,true
0.014,message,201,122.100,backend-3,true
0.111,message,201,26.190,backend-3,true
0.121,message,201,16.120,backend-3,true
0.121,message,201,15.510,backend-2,true
0.110,message,201,26.690,backend-3,true
0.110,message,201,26.600,backend-3,true
0.074,message,201,63.470,backend-2,true
0.121,message,201,15.830,backend-2,true
0.002,message,201,135.450,backend-3,true
0.121,message,201,15.880,backend-2,true
0.110,message,201,26.840,backend-3,true
0.121,message,201,16.110,backend-2,true
0.094,feed,200,44.610,backend-3,true
0.094,message,201,45.030,backend-1,true
0.094,message,201,44.970,backend-1,true
0.094,message,201,45.060,backend-1,true
0.094,message,201,44.960,backend-1,true
0.094,message,201,44.930,backend-1,true
0.094,message,201,45.180,backend-1,true
0.094,message,201,45.550,backend-1,true
0.094,message,201,45.590,backend-1,true
0.094,message,201,45.550,backend-1,true
0.073,message,201,66.050,backend-2,true
0.097,message,201,42.210,backend-3,true
0.133,message,201,6.090,backend-2,true
0.093,message,201,46.140,backend-1,true
0.073,message,201,66.440,backend-2,true
0.099,message,201,40.640,backend-3,true
0.094,message,201,45.960,backend-1,true
0.099,message,201,40.200,backend-3,true
0.094,message,201,45.760,backend-1,true
0.073,message,201,66.620,backend-2,true
0.093,message,201,46.220,backend-1,true
0.134,message,201,5.700,backend-2,true
0.134,message,201,6.170,backend-2,true
0.099,message,201,40.730,backend-3,true
0.099,message,201,40.660,backend-3,true
0.094,message,201,45.930,backend-1,true
0.093,message,201,46.250,backend-1,true
0.094,message,201,46.200,backend-1,true
0.094,message,201,45.800,backend-1,true
0.094,message,201,45.920,backend-1,true
0.099,message,201,40.390,backend-3,true
0.100,message,201,40.460,backend-3,true
0.099,message,201,40.480,backend-3,true
0.094,message,201,46.280,backend-1,true
0.100,message,201,40.360,backend-3,true
0.094,message,201,46.140,backend-1,true
0.094,message,201,46.410,backend-1,true
0.101,message,201,39.360,backend-3,true
0.094,message,201,46.410,backend-1,true
0.100,message,201,40.420,backend-3,true
0.094,message,201,46.310,backend-1,true
0.101,message,201,39.510,backend-3,true
0.094,message,201,46.270,backend-1,true
0.094,message,201,46.570,backend-1,true
0.094,message,201,46.660,backend-1,true
0.102,message,201,37.800,backend-3,true
0.100,message,201,40.320,backend-3,true
0.094,message,201,46.730,backend-1,true
0.094,message,201,46.680,backend-1,true
0.002,message,201,138.760,backend-3,true
0.103,message,201,37.790,backend-3,true
0.013,message,201,128.290,backend-3,true
0.015,message,201,125.820,backend-3,true
0.128,message,201,13.640,backend-3,true
0.128,message,201,13.060,backend-3,true
0.016,message,201,125.470,backend-3,true
0.094,feed,200,48.810,backend-1,true
0.094,feed,200,48.930,backend-2,true
0.117,message,201,26.570,backend-1,true
0.117,message,201,26.620,backend-1,true
0.117,message,201,26.480,backend-1,true
0.117,message,201,26.430,backend-1,true
0.117,message,201,26.460,backend-1,true
0.117,message,201,26.590,backend-1,true
0.117,message,201,26.510,backend-1,true
0.118,message,201,26.080,backend-1,true
0.103,message,201,41.070,backend-1,true
0.121,message,201,22.880,backend-1,true
0.121,message,201,23.240,backend-1,true
0.121,message,201,23.170,backend-1,true
0.117,message,201,26.580,backend-1,true
0.118,message,201,26.250,backend-1,true
0.121,message,201,23.240,backend-1,true
0.135,message,201,9.230,backend-2,true
0.121,message,201,23.080,backend-1,true
0.135,message,201,9.750,backend-2,true
0.121,message,201,23.510,backend-1,true
0.134,message,201,9.970,backend-2,true
0.134,message,201,10.040,backend-2,true
0.135,message,201,9.470,backend-2,true
0.136,message,201,8.870,backend-2,true
0.121,message,201,23.540,backend-1,true
0.121,message,201,23.320,backend-1,true
0.074,message,201,70.760,backend-2,true
0.135,message,201,9.740,backend-2,true
0.135,message,201,9.550,backend-2,true
0.121,message,201,23.490,backend-1,true
0.121,message,201,23.500,backend-1,true
0.134,message,201,10.030,backend-2,true
0.121,message,201,23.390,backend-1,true
0.121,message,201,23.780,backend-1,true
0.121,message,201,23.440,backend-1,true
0.135,message,201,10.320,backend-2,true
0.121,message,201,23.470,backend-1,true
0.137,message,201,8.080,backend-2,true
0.137,message,201,8.220,backend-2,true
0.136,message,201,9.020,backend-2,true
0.121,message,201,23.670,backend-1,true
0.121,message,201,23.620,backend-1,true
0.137,message,201,7.970,backend-2,true
0.073,message,201,71.840,backend-2,true
0.121,message,201,23.600,backend-1,true
0.125,message,201,20.700,backend-1,true
0.124,message,201,21.420,backend-1,true
0.124,message,201,20.970,backend-1,true
0.125,message,201,20.680,backend-1,true
0.125,message,201,20.420,backend-1,true
0.121,message,201,24.110,backend-1,true
0.103,message,201,42.480,backend-1,true
0.135,message,201,14.080,backend-1,true
0.135,message,201,14.070,backend-1,true
0.135,message,201,14.290,backend-1,true
0.135,message,201,14.280,backend-1,true
0.133,message,201,16.110,backend-1,true
0.133,message,201,16.090,backend-1,true
0.133,message,201,16.120,backend-1,true
0.135,message,201,15.020,backend-1,true
0.103,message,201,46.670,backend-1,true
0.105,message,201,44.710,backend-1,true
0.134,message,201,15.280,backend-1,true
0.136,message,201,14.100,backend-1,true
0.135,message,201,15.000,backend-1,true
0.136,message,201,14.030,backend-1,true
0.134,message,201,15.560,backend-1,true
0.094,feed,200,56.850,backend-2,true
0.137,message,201,14.290,backend-2,true
0.139,message,201,12.160,backend-2,true
0.137,message,201,14.620,backend-2,true
0.139,message,201,12.350,backend-2,true
0.139,message,201,12.750,backend-2,true
0.138,message,201,13.330,backend-2,true
0.094,feed,200,58.020,backend-3,true
0.140,message,201,12.150,backend-2,true
0.143,message,201,9.710,backend-2,true
0.140,message,201,12.630,backend-2,true
0.140,message,201,12.530,backend-2,true
0.140,message,201,12.130,backend-2,true
0.141,message,201,11.080,backend-2,true
0.140,message,201,12.070,backend-2,true
0.141,message,201,11.210,backend-2,true
0.073,message,201,79.480,backend-2,true
0.140,message,201,12.840,backend-2,true
0.141,message,201,11.240,backend-2,true
0.144,message,201,8.970,backend-2,true
0.144,message,201,9.030,backend-2,true
0.144,message,201,9.050,backend-2,true
0.144,message,201,8.510,backend-2,true
0.073,message,201,79.540,backend-2,true
0.143,message,201,10.120,backend-2,true
0.144,message,201,9.030,backend-2,true
0.144,message,201,9.070,backend-2,true
0.144,message,201,9.070,backend-2,true
0.144,message,201,8.690,backend-2,true
0.074,message,201,79.480,backend-2,true
0.145,message,201,8.700,backend-2,true
0.139,message,201,14.440,backend-3,true
0.133,message,201,20.870,backend-3,true
0.014,message,201,140.340,backend-3,true
0.134,message,201,19.880,backend-3,true
0.139,message,201,15.020,backend-3,true
0.140,message,201,14.510,backend-3,true
0.140,message,201,14.550,backend-3,true
0.139,message,201,15.710,backend-3,true
0.140,message,201,14.890,backend-3,true
0.140,message,201,14.900,backend-3,true
0.140,message,201,14.860,backend-3,true
0.140,message,201,14.590,backend-3,true
0.140,message,201,14.650,backend-3,true
0.140,message,201,14.840,backend-3,true
0.140,message,201,14.660,backend-3,true
0.140,message,201,14.560,backend-3,true
0.140,message,201,14.640,backend-3,true
0.014,message,201,140.820,backend-3,true
0.140,message,201,14.550,backend-3,true
0.140,message,201,14.640,backend-3,true
0.044,message,201,111.410,backend-3,true
0.044,message,201,111.620,backend-3,true
0.044,message,201,111.440,backend-3,true
0.014,message,201,141.790,backend-3,true
0.044,message,201,111.520,backend-3,true
0.016,message,201,140.320,backend-3,true
0.013,message,201,142.840,backend-3,true
0.048,message,201,108.630,backend-3,true
0.045,message,201,111.850,backend-3,true
0.048,message,201,108.840,backend-3,true
0.094,feed,200,63.840,backend-1,true
0.094,feed,200,64.750,backend-2,true
0.073,message,201,85.820,backend-2,true
0.150,message,201,9.280,backend-2,true
0.150,message,201,9.390,backend-2,true
0.151,message,201,8.390,backend-2,true
0.153,message,201,6.570,backend-2,true
0.074,message,201,85.630,backend-2,true
0.152,message,201,7.550,backend-2,true
0.152,message,201,6.960,backend-2,true
0.152,message,201,7.070,backend-2,true
0.153,message,201,6.870,backend-2,true
0.073,message,201,86.560,backend-2,true
0.094,feed,200,66.080,backend-3,true
0.141,message,201,18.930,backend-1,true
0.141,message,201,19.120,backend-1,true
0.144,message,201,16.840,backend-1,true
0.144,message,201,16.690,backend-1,true
0.145,message,201,16.450,backend-1,true
0.144,message,201,16.490,backend-1,true
0.144,message,201,16.570,backend-1,true
0.144,message,201,16.630,backend-1,true
0.145,message,201,16.220,backend-1,true
0.145,message,201,16.260,backend-1,true
0.145,message,201,16.390,backend-1,true
0.048,message,201,114.110,backend-3,true
0.155,message,201,6.810,backend-3,true
0.145,message,201,16.800,backend-1,true
0.047,message,201,114.320,backend-3,true
0.045,message,201,116.890,backend-3,true
0.145,message,201,16.830,backend-1,true
0.145,message,201,16.890,backend-1,true
0.105,message,201,57.580,backend-1,true
0.105,message,201,57.460,backend-1,true
0.149,message,201,13.010,backend-1,true
0.105,message,201,57.270,backend-1,true
0.145,message,201,16.800,backend-1,true
0.145,message,201,16.830,backend-1,true
0.105,message,201,57.420,backend-1,true
0.149,message,201,13.180,backend-1,true
0.105,message,201,57.450,backend-1,true
0.149,message,201,13.250,backend-1,true
0.135,message,201,27.840,backend-1,true
0.153,message,201,9.880,backend-2,true
0.153,message,201,9.890,backend-2,true
0.156,message,201,7.640,backend-2,true
0.156,message,201,7.200,backend-2,true
0.156,message,201,7.550,backend-2,true
0.155,message,201,8.480,backend-2,true
0.155,message,201,8.840,backend-2,true
0.074,message,201,89.710,backend-2,true
0.156,message,201,7.510,backend-2,true
0.156,message,201,7.860,backend-2,true
0.156,message,201,7.350,backend-2,true
0.074,message,201,90.120,backend-2,true
0.157,message,201,7.150,backend-2,true
0.094,feed,200,72.870,backend-2,true
0.094,feed,200,73.030,backend-3,true
0.048,message,201,119.350,backend-3,true
0.048,message,201,119.300,backend-3,true
0.051,message,201,115.730,backend-3,true
0.052,message,201,114.980,backend-3,true
0.052,message,201,115.020,backend-3,true
0.052,message,201,115.210,backend-3,true
0.053,message,201,114.650,backend-3,true
0.054,message,201,113.510,backend-3,true
0.054,message,201,113.580,backend-3,true
0.056,message,201,111.970,backend-3,true
0.056,message,201,112.150,backend-3,true
0.056,message,201,112.210,backend-3,true
0.094,feed,200,76.550,backend-1,true
0.159,message,201,11.380,backend-2,true
0.159,message,201,11.150,backend-2,true
0.159,message,201,10.890,backend-2,true
0.159,message,201,10.940,backend-2,true
0.159,message,201,11.010,backend-2,true
0.159,message,201,11.290,backend-2,true
0.152,message,201,18.840,backend-1,true
0.135,message,201,36.110,backend-1,true
0.152,message,201,18.940,backend-1,true
0.160,message,201,11.000,backend-2,true
0.152,message,201,18.450,backend-1,true
0.150,message,201,21.130,backend-1,true
0.160,message,201,10.650,backend-2,true
0.160,message,201,10.460,backend-2,true
0.156,message,201,15.080,backend-1,true
0.153,message,201,18.360,backend-1,true
0.073,message,201,97.900,backend-2,true
0.152,message,201,18.510,backend-1,true
0.162,message,201,9.240,backend-2,true
0.153,message,201,18.330,backend-1,true
0.153,message,201,18.330,backend-1,true
0.156,message,201,15.260,backend-1,true
0.157,message,201,14.440,backend-1,true
0.153,message,201,17.890,backend-1,true
0.154,message,201,17.200,backend-1,true
0.162,message,201,8.930,backend-2,true
0.163,message,201,7.790,backend-2,true
0.162,message,201,8.930,backend-2,true
0.162,message,201,8.760,backend-2,true
0.158,message,201,13.570,backend-1,true
0.137,message,201,34.430,backend-1,true
0.073,message,201,98.410,backend-2,true
0.163,message,201,8.000,backend-2,true
0.163,message,201,8.040,backend-2,true
0.163,message,201,8.070,backend-2,true
0.164,message,201,7.810,backend-2,true
0.163,message,201,8.030,backend-2,true
0.164,message,201,7.910,backend-2,true
0.074,message,201,98.090,backend-2,true
0.164,message,201,7.960,backend-2,true
0.164,message,201,8.040,backend-2,true
0.164,message,201,7.990,backend-2,true
0.073,message,201,98.850,backend-2,true
0.094,feed,200,79.260,backend-3,true
0.094,feed,200,80.870,backend-2,true
0.168,message,201,7.250,backend-3,true
0.074,message,201,102.380,backend-2,true
0.167,message,201,8.710,backend-2,true
0.159,message,201,17.130,backend-1,true
0.158,message,201,17.760,backend-1,true
0.074,message,201,102.670,backend-2,true
0.167,message,201,9.260,backend-2,true
0.163,message,201,13.560,backend-1,true
0.161,message,201,15.310,backend-1,true
0.159,message,201,17.280,backend-1,true
0.074,message,201,103.070,backend-2,true
0.162,message,201,15.060,backend-1,true
0.162,message,201,15.050,backend-1,true
0.162,message,201,15.020,backend-1,true
0.162,message,201,15.050,backend-1,true
0.162,message,201,14.420,backend-1,true
0.162,message,201,14.590,backend-1,true
0.161,message,201,15.750,backend-1,true
0.137,message,201,39.750,backend-1,true
0.167,message,201,10.980,backend-1,true
0.167,message,201,11.240,backend-1,true
0.167,message,201,11.640,backend-1,true
0.167,message,201,11.420,backend-1,true
0.167,message,201,11.740,backend-1,true
0.167,message,201,11.010,backend-1,true
0.167,message,201,11.350,backend-1,true
0.168,message,201,11.020,backend-1,true
0.167,message,201,11.320,backend-1,true
0.137,message,201,42.030,backend-1,true
0.167,message,201,11.680,backend-1,true
0.168,message,201,11.330,backend-1,true
0.094,feed,200,87.300,backend-2,true
0.095,feed,200,86.670,backend-3,true
0.172,message,201,10.580,backend-3,true
0.173,message,201,9.610,backend-3,true
0.094,feed,200,89.060,backend-1,true
0.170,message,201,12.830,backend-2,true
0.171,message,201,12.610,backend-2,true
0.170,message,201,12.890,backend-2,true
0.171,message,201,12.480,backend-2,true
0.171,message,201,12.760,backend-2,true
0.171,message,201,12.560,backend-2,true
0.171,message,201,12.900,backend-2,true
0.171,message,201,12.610,backend-2,true
0.171,message,201,12.490,backend-2,true
0.171,message,201,12.510,backend-2,true
0.073,message,201,110.400,backend-2,true
0.171,message,201,12.490,backend-2,true
0.171,message,201,12.560,backend-2,true
0.177,message,201,7.370,backend-3,true
0.176,message,201,8.070,backend-3,true
0.074,message,201,110.530,backend-2,true
0.177,message,201,7.410,backend-3,true
0.074,message,201,110.660,backend-2,true
0.177,message,201,7.490,backend-3,true
0.176,message,201,7.960,backend-3,true
0.074,message,201,110.690,backend-2,true
0.176,message,201,8.040,backend-3,true
0.074,message,201,110.640,backend-2,true
0.075,message,201,109.430,backend-2,true
0.075,message,201,109.420,backend-2,true
0.075,message,201,109.470,backend-2,true
0.075,message,201,109.500,backend-2,true
0.075,message,201,109.460,backend-2,true
0.075,message,201,109.560,backend-2,true
0.075,message,201,109.660,backend-2,true
0.075,message,201,109.810,backend-2,true
0.075,message,201,109.690,backend-2,true
0.075,message,201,109.700,backend-2,true
0.075,message,201,109.950,backend-2,true
0.075,message,201,109.960,backend-2,true
0.075,message,201,110.180,backend-2,true
0.170,message,201,14.770,backend-1,true
0.075,message,201,110.190,backend-2,true
0.075,message,201,110.180,backend-2,true
0.171,message,201,15.070,backend-1,true
0.170,message,201,15.520,backend-1,true
0.171,message,201,15.290,backend-1,true
0.171,message,201,15.150,backend-1,true
0.171,message,201,15.090,backend-1,true
0.171,message,201,15.120,backend-1,true
0.171,message,201,15.400,backend-1,true
0.171,message,201,15.350,backend-1,true
0.171,message,201,15.190,backend-1,true
0.171,message,201,15.300,backend-1,true
0.171,message,201,15.450,backend-1,true
0.171,message,201,15.390,backend-1,true
0.137,message,201,49.480,backend-1,true
0.175,message,201,11.860,backend-1,true
0.171,message,201,15.280,backend-1,true
0.171,message,201,15.240,backend-1,true
0.172,message,201,14.990,backend-1,true
0.079,message,201,108.860,backend-2,true
0.079,message,201,108.690,backend-2,true
0.094,feed,200,95.200,backend-2,true
0.095,feed,200,96.820,backend-3,true
0.094,feed,200,97.610,backend-1,true
0.177,message,201,15.060,backend-1,true
0.177,message,201,15.200,backend-1,true
0.176,message,201,16.030,backend-1,true
0.176,message,201,15.770,backend-1,true
0.175,message,201,17.040,backend-1,true
0.177,message,201,15.610,backend-1,true
0.177,message,201,15.660,backend-1,true
0.179,message,201,13.830,backend-1,true
0.178,message,201,14.300,backend-1,true
0.178,message,201,14.260,backend-1,true
0.179,message,201,14.160,backend-1,true
0.184,message,201,9.240,backend-1,true
0.179,message,201,14.100,backend-1,true
0.181,message,201,11.860,backend-1,true
0.181,message,201,12.100,backend-1,true
0.179,message,201,14.300,backend-1,true
0.178,message,201,15.090,backend-1,true
0.177,message,201,16.940,backend-3,true
0.178,message,201,15.200,backend-3,true
0.178,message,201,15.480,backend-3,true
0.178,message,201,15.720,backend-3,true
0.179,message,201,14.720,backend-3,true
0.179,message,201,15.200,backend-3,true
0.183,message,201,11.450,backend-3,true
0.183,message,201,11.540,backend-3,true
0.183,message,201,11.210,backend-3,true
0.184,message,201,10.660,backend-3,true
0.184,message,201,10.530,backend-3,true
0.184,message,201,10.490,backend-3,true
0.184,message,201,10.540,backend-3,true
0.185,message,201,10.270,backend-3,true
0.185,message,201,10.360,backend-3,true
0.185,message,201,10.660,backend-3,true
0.185,message,201,10.360,backend-3,true
0.185,message,201,10.630,backend-3,true
0.185,message,201,10.680,backend-3,true
0.185,message,201,10.740,backend-3,true
0.093,feed,200,102.570,backend-2,true
0.184,message,201,12.740,backend-2,true
0.184,message,201,12.910,backend-2,true
0.184,message,201,12.720,backend-2,true
0.187,message,201,10.920,backend-1,true
0.184,message,201,14.180,backend-1,true
0.186,message,201,12.100,backend-1,true
0.185,message,201,13.550,backend-1,true
0.186,message,201,11.930,backend-1,true
0.184,message,201,14.160,backend-1,true
0.185,message,201,13.820,backend-1,true
0.185,message,201,13.230,backend-1,true
0.185,message,201,13.290,backend-1,true
0.186,message,201,12.590,backend-1,true
0.186,message,201,12.610,backend-1,true
0.094,feed,200,106.530,backend-2,true
0.095,feed,200,105.590,backend-3,true
0.094,feed,200,107.300,backend-1,true
0.186,message,201,15.180,backend-3,true
0.186,message,201,15.240,backend-3,true
0.187,message,201,14.780,backend-3,true
0.186,message,201,15.140,backend-3,true
0.187,message,201,14.780,backend-3,true
0.187,message,201,13.980,backend-3,true
0.189,message,201,12.760,backend-3,true
0.191,message,201,10.080,backend-3,true
0.192,message,201,10.260,backend-3,true
0.193,message,201,9.150,backend-3,true
0.194,message,201,11.030,backend-1,true
0.193,message,201,12.290,backend-1,true
0.185,message,201,20.600,backend-1,true
0.194,message,201,11.860,backend-1,true
0.192,message,201,13.210,backend-1,true
0.193,message,201,12.450,backend-1,true
0.192,message,201,13.800,backend-1,true
0.193,message,201,13.150,backend-1,true
0.195,message,201,11.100,backend-1,true
0.185,message,201,20.670,backend-1,true
0.194,message,201,11.480,backend-1,true
0.195,message,201,10.650,backend-1,true
0.109,feed,200,97.350,backend-2,true
0.185,message,201,21.020,backend-1,true
0.094,feed,200,112.540,backend-1,true
0.193,message,201,13.250,backend-3,true
0.194,message,201,12.620,backend-3,true
0.195,message,201,11.620,backend-3,true
0.195,message,201,11.740,backend-3,true
0.194,message,201,12.850,backend-3,true
0.195,message,201,12.190,backend-3,true
0.195,message,201,11.890,backend-3,true
0.197,message,201,10.720,backend-3,true
0.196,message,201,11.300,backend-3,true
0.195,message,201,12.170,backend-3,true
0.195,message,201,12.080,backend-3,true
0.198,message,201,8.990,backend-3,true
0.197,message,201,10.800,backend-3,true
0.198,message,201,9.180,backend-3,true
0.198,message,201,9.230,backend-3,true
0.198,message,201,9.260,backend-3,true
0.198,message,201,9.350,backend-3,true
0.202,message,201,7.490,backend-1,true
0.202,message,201,7.530,backend-1,true
0.206,message,201,3.390,backend-1,true
0.201,message,201,7.780,backend-1,true
0.205,message,201,4.000,backend-1,true
0.206,message,201,3.400,backend-1,true
0.094,feed,200,117.610,backend-1,true
0.095,feed,200,116.300,backend-3,true
0.109,feed,200,102.870,backend-2,true
0.200,message,201,12.420,backend-3,true
0.201,message,201,12.040,backend-3,true
0.206,message,201,7.430,backend-3,true
0.206,message,201,7.900,backend-3,true
0.206,message,201,7.890,backend-3,true
0.201,message,201,12.390,backend-3,true
0.201,message,201,12.160,backend-3,true
0.202,message,201,11.880,backend-3,true
0.201,message,201,12.830,backend-3,true
0.209,message,201,4.460,backend-1,true
0.206,message,201,7.960,backend-3,true
0.206,message,201,8.160,backend-3,true
0.206,message,201,7.500,backend-3,true
0.207,message,201,6.630,backend-3,true
0.207,message,201,7.010,backend-1,true
0.211,message,201,2.660,backend-1,true
0.207,message,201,7.390,backend-3,true
0.207,message,201,7.450,backend-3,true
0.207,message,201,6.690,backend-3,true
0.094,feed,200,122.290,backend-1,true
0.109,feed,200,107.770,backend-2,true
0.095,feed,200,123.020,backend-3,true
0.209,message,201,9.520,backend-3,true
0.212,message,201,6.690,backend-3,true
0.211,message,201,7.320,backend-3,true
0.209,message,201,9.630,backend-3,true
0.213,message,201,6.160,backend-3,true
0.214,message,201,5.050,backend-3,true
0.214,message,201,5.110,backend-3,true
0.214,message,201,5.070,backend-3,true
0.214,message,201,5.130,backend-3,true
0.214,message,201,5.240,backend-3,true
0.214,message,201,5.270,backend-3,true
0.213,message,201,6.890,backend-1,true
0.214,message,201,6.060,backend-1,true
0.213,message,201,6.390,backend-1,true
0.214,message,201,6.020,backend-1,true
0.214,message,201,6.150,backend-1,true
0.094,feed,200,127.290,backend-1,true
0.109,feed,200,111.850,backend-2,true
0.094,feed,200,129.160,backend-1,true
0.216,message,201,6.560,backend-3,true
0.219,message,201,4.110,backend-3,true
0.217,message,201,5.800,backend-3,true
0.219,message,201,4.010,backend-3,true
0.219,message,201,4.190,backend-3,true
0.219,message,201,4.070,backend-3,true
0.219,message,201,3.980,backend-3,true
0.095,feed,200,129.180,backend-3,true
0.109,feed,200,115.310,backend-2,true
0.220,message,201,5.620,backend-1,true
0.219,message,201,6.950,backend-1,true
0.219,message,201,6.950,backend-1,true
0.218,message,201,7.610,backend-1,true
0.221,message,201,4.620,backend-1,true
0.219,message,201,7.000,backend-1,true
0.223,message,201,8.260,backend-3,true
0.220,message,201,11.280,backend-3,true
0.220,message,201,11.480,backend-3,true
0.220,message,201,11.310,backend-3,true
0.095,feed,200,136.480,backend-1,true
0.223,message,201,8.090,backend-3,true
0.223,message,201,7.880,backend-3,true
0.224,message,201,6.840,backend-3,true
0.109,feed,200,121.970,backend-2,true
0.223,message,201,8.420,backend-3,true
0.223,message,201,8.360,backend-3,true
0.221,message,201,10.260,backend-3,true
0.095,feed,200,136.110,backend-3,true
0.226,message,201,11.900,backend-3,true
0.231,message,201,6.460,backend-3,true
0.231,message,201,6.500,backend-3,true
0.231,message,201,6.660,backend-3,true
0.223,message,201,14.720,backend-1,true
0.225,message,201,13.200,backend-1,true
0.226,message,201,12.090,backend-1,true
0.226,message,201,12.140,backend-1,true
0.226,message,201,12.190,backend-1,true
0.095,feed,200,143.190,backend-1,true
0.095,feed,200,143.040,backend-3,true
0.109,feed,200,129.550,backend-2,true
0.225,message,201,13.550,backend-1,true
0.231,message,201,9.430,backend-3,true
0.231,message,201,9.450,backend-3,true
0.238,message,201,3.040,backend-3,true
0.231,message,201,9.680,backend-3,true
0.109,feed,200,132.600,backend-2,true
0.095,feed,200,146.570,backend-3,true
0.095,feed,200,146.890,backend-1,true
0.231,message,201,11.290,backend-1,true
0.231,message,201,11.340,backend-1,true
0.231,message,201,11.200,backend-1,true
0.238,message,201,4.450,backend-1,true
0.238,message,201,4.400,backend-1,true
0.231,message,201,11.390,backend-1,true
0.239,message,201,3.820,backend-1,true
0.231,message,201,11.540,backend-1,true
0.238,message,201,5.120,backend-1,true
0.238,message,201,5.280,backend-1,true
0.238,message,201,7.330,backend-3,true
0.238,message,201,7.480,backend-3,true
0.241,message,201,5.000,backend-3,true
0.238,message,201,7.980,backend-3,true
0.240,message,201,5.320,backend-3,true
0.238,message,201,8.110,backend-3,true
0.241,message,201,4.880,backend-3,true
0.109,feed,200,136.660,backend-2,true
0.238,message,201,8.170,backend-3,true
0.095,feed,200,151.730,backend-1,true
0.245,message,201,3.450,backend-1,true
0.242,message,201,6.140,backend-1,true
0.242,message,201,6.090,backend-1,true
0.243,message,201,6.040,backend-1,true
0.242,message,201,6.140,backend-1,true
0.242,message,201,6.200,backend-1,true
0.242,message,201,6.730,backend-1,true
0.243,message,201,6.110,backend-1,true
0.243,message,201,5.590,backend-1,true
0.099,feed,200,149.750,backend-3,true
0.110,feed,200,140.920,backend-2,true
0.095,feed,200,156.010,backend-1,true
0.242,message,201,9.870,backend-3,true
0.243,message,201,9.200,backend-3,true
0.242,message,201,10.060,backend-3,true
0.246,message,201,6.170,backend-3,true
0.246,message,201,6.240,backend-3,true
0.246,message,201,6.400,backend-3,true
0.247,message,201,5.700,backend-3,true
0.246,message,201,7.500,backend-1,true
0.249,message,201,4.660,backend-1,true
0.246,message,201,7.500,backend-1,true
0.249,message,201,4.720,backend-1,true
0.249,message,201,4.490,backend-1,true
0.249,message,201,4.720,backend-1,true
0.250,message,201,2.810,backend-1,true
0.249,message,201,4.760,backend-1,true
0.099,feed,200,154.800,backend-3,true
0.117,feed,200,138.320,backend-2,true
0.249,message,201,7.060,backend-3,true
0.249,message,201,7.110,backend-3,true
0.251,message,201,4.670,backend-3,true
0.252,message,201,4.050,backend-3,true
0.249,message,201,7.150,backend-3,true
0.249,message,201,7.240,backend-3,true
0.095,feed,200,161.340,backend-1,true
0.252,message,201,3.990,backend-3,true
0.252,message,201,4.660,backend-3,true
0.099,feed,200,159.200,backend-3,true
0.252,message,201,6.490,backend-1,true
0.253,message,201,5.300,backend-1,true
0.253,message,201,5.280,backend-1,true
0.253,message,201,5.330,backend-1,true
0.252,message,201,6.870,backend-1,true
0.254,message,201,4.820,backend-1,true
0.256,message,201,2.930,backend-1,true
0.256,message,201,3.030,backend-1,true
0.256,message,201,3.050,backend-1,true
0.255,message,201,3.680,backend-1,true
0.117,feed,200,143.290,backend-2,true
0.253,message,201,7.300,backend-3,true
0.095,feed,200,165.590,backend-1,true
0.253,message,201,7.420,backend-3,true
0.253,message,201,7.550,backend-3,true
0.256,message,201,4.420,backend-3,true
0.256,message,201,5.030,backend-3,true
0.256,message,201,4.580,backend-3,true
0.259,message,201,4.250,backend-1,true
0.259,message,201,4.230,backend-1,true
0.259,message,201,4.140,backend-1,true
0.256,message,201,6.430,backend-1,true
0.259,message,201,4.250,backend-1,true
0.259,message,201,4.280,backend-1,true
0.099,feed,200,163.960,backend-3,true
0.118,feed,200,146.040,backend-2,true
0.095,feed,200,170.140,backend-1,true
0.259,message,201,7.280,backend-3,true
0.260,message,201,5.540,backend-3,true
0.261,message,201,5.320,backend-3,true
0.261,message,201,5.260,backend-3,true
0.258,message,201,7.700,backend-3,true
0.261,message,201,5.230,backend-3,true
0.261,message,201,5.310,backend-3,true
0.261,message,201,5.490,backend-3,true
0.261,message,201,5.450,backend-3,true
0.121,feed,200,146.700,backend-2,true
0.100,feed,200,168.250,backend-3,true
0.095,feed,200,173.710,backend-1,true
0.266,message,201,3.860,backend-1,true
0.263,message,201,6.450,backend-1,true
0.263,message,201,7.020,backend-1,true
0.263,message,201,7.010,backend-1,true
0.263,message,201,8.040,backend-3,true
0.263,message,201,7.950,backend-3,true
0.266,message,201,5.040,backend-3,true
0.266,message,201,5.200,backend-3,true
0.266,message,201,5.100,backend-3,true
0.266,message,201,5.210,backend-3,true
0.263,message,201,8.350,backend-3,true
0.265,message,201,5.830,backend-3,true
0.266,message,201,4.790,backend-3,true
0.268,message,201,3.710,backend-3,true
0.264,message,201,7.410,backend-3,true
0.121,feed,200,150.790,backend-2,true
0.124,feed,200,148.030,backend-3,true
0.100,feed,200,172.730,backend-1,true
0.270,message,201,3.420,backend-1,true
0.270,message,201,3.410,backend-1,true
0.268,message,201,5.470,backend-1,true
0.271,message,201,2.160,backend-1,true
0.270,message,201,3.440,backend-1,true
0.121,feed,200,154.020,backend-2,true
0.124,feed,200,151.190,backend-3,true
0.269,message,201,6.880,backend-3,true
0.271,message,201,4.920,backend-3,true
0.270,message,201,6.020,backend-3,true
0.271,message,201,4.720,backend-3,true
0.271,message,201,4.960,backend-3,true
0.271,message,201,4.990,backend-3,true
0.271,message,201,5.110,backend-3,true
0.102,feed,200,174.080,backend-1,true
0.272,message,201,4.710,backend-3,true
0.271,message,201,5.440,backend-3,true
0.271,message,201,5.380,backend-3,true
0.273,message,201,3.440,backend-3,true
0.273,message,201,3.890,backend-3,true
0.273,message,201,3.420,backend-3,true
0.273,message,201,3.450,backend-3,true
0.272,message,201,7.120,backend-1,true
0.273,message,201,5.770,backend-1,true
0.273,message,201,5.890,backend-1,true
0.124,feed,200,155.060,backend-3,true
0.134,feed,200,146.910,backend-2,true
0.109,feed,200,173.020,backend-1,true
0.276,message,201,6.890,backend-3,true
0.276,message,201,6.800,backend-3,true
0.276,message,201,6.560,backend-3,true
0.277,message,201,6.270,backend-3,true
0.277,message,201,6.270,backend-3,true
0.277,message,201,6.390,backend-3,true
0.279,message,201,4.090,backend-3,true
0.276,message,201,7.810,backend-1,true
0.276,message,201,7.990,backend-1,true
0.276,message,201,7.770,backend-1,true
0.277,message,201,7.040,backend-1,true
0.277,message,201,7.090,backend-1,true
0.277,message,201,6.900,backend-1,true
0.279,message,201,4.220,backend-1,true
0.125,feed,200,158.890,backend-3,true
0.134,feed,200,150.580,backend-2,true
0.109,feed,200,176.730,backend-1,true
0.139,feed,200,148.640,backend-3,true
0.109,feed,200,178.340,backend-1,true
0.282,message,201,6.420,backend-3,true
0.283,message,201,5.320,backend-1,true
0.280,message,201,7.690,backend-1,true
0.283,message,201,5.350,backend-3,true
0.283,message,201,5.000,backend-1,true
0.284,message,201,4.560,backend-1,true
0.283,message,201,5.380,backend-1,true
0.283,message,201,5.020,backend-3,true
0.284,message,201,4.550,backend-1,true
0.283,message,201,5.320,backend-3,true
0.285,message,201,3.380,backend-3,true
0.284,message,201,4.910,backend-3,true
0.283,message,201,5.070,backend-3,true
0.285,message,201,3.200,backend-3,true
0.284,message,201,4.790,backend-1,true
0.284,message,201,4.710,backend-1,true
0.283,message,201,5.640,backend-3,true
0.284,message,201,4.860,backend-1,true
0.134,feed,200,155.060,backend-2,true
0.139,feed,200,152.170,backend-3,true
0.109,feed,200,182.220,backend-1,true
0.140,feed,200,152.250,backend-3,true
0.109,feed,200,183.130,backend-1,true
0.134,feed,200,158.160,backend-2,true
0.135,feed,200,158.730,backend-2,true
0.116,feed,200,177.500,backend-1,true
0.117,feed,200,177.110,backend-1,true
0.140,feed,200,154.900,backend-3,true
0.135,feed,200,159.930,backend-2,true
0.117,feed,200,177.930,backend-1,true
0.287,message,201,7.650,backend-3,true
0.288,message,201,6.960,backend-3,true
0.288,message,201,7.690,backend-1,true
0.288,message,201,7.110,backend-3,true
0.288,message,201,6.900,backend-3,true
0.288,message,201,6.960,backend-3,true
0.288,message,201,7.230,backend-1,true
0.288,message,201,7.370,backend-1,true
0.288,message,201,7.020,backend-3,true
0.288,message,201,7.300,backend-1,true
0.288,message,201,7.260,backend-1,true
0.291,message,201,4.410,backend-3,true
0.289,message,201,7.400,backend-3,true
0.288,message,201,7.760,backend-1,true
0.288,message,201,7.460,backend-1,true
0.292,message,201,4.030,backend-1,true
0.288,message,201,7.470,backend-1,true
0.289,message,201,6.840,backend-3,true
0.292,message,201,3.870,backend-3,true
0.140,feed,200,156.890,backend-3,true
0.291,message,201,5.610,backend-1,true
0.135,feed,200,164.020,backend-2,true
0.137,feed,200,162.800,backend-2,true
0.292,message,201,7.340,backend-3,true
0.117,feed,200,182.920,backend-1,true
0.294,message,201,6.330,backend-3,true
0.294,message,201,6.640,backend-3,true
0.295,message,201,5.430,backend-3,true
0.295,message,201,5.240,backend-3,true
0.295,message,201,5.230,backend-3,true
0.295,message,201,5.100,backend-3,true
0.295,message,201,5.120,backend-3,true
0.295,message,201,5.120,backend-3,true
0.294,message,201,6.590,backend-2,true
0.296,message,201,4.810,backend-3,true
0.296,message,201,4.820,backend-3,true
0.294,message,201,6.330,backend-3,true
0.295,message,201,6.080,backend-3,true
0.297,message,201,4.190,backend-3,true
0.140,feed,200,162.100,backend-3,true
0.295,message,201,6.870,backend-1,true
0.295,message,201,7.010,backend-1,true
0.295,message,201,7.010,backend-1,true
0.296,message,201,6.530,backend-1,true
0.297,message,201,5.960,backend-1,true
0.300,message,201,2.870,backend-1,true
0.300,message,201,2.790,backend-1,true
0.137,feed,200,166.550,backend-2,true
0.117,feed,200,187.470,backend-1,true
0.296,message,201,9.330,backend-3,true
0.300,message,201,5.510,backend-3,true
0.300,message,201,5.560,backend-3,true
0.296,message,201,9.600,backend-3,true
0.296,message,201,9.650,backend-3,true
0.296,message,201,9.410,backend-3,true
0.301,message,201,4.790,backend-3,true
0.300,message,201,5.320,backend-3,true
0.300,message,201,5.090,backend-3,true
0.300,message,201,5.130,backend-3,true
0.300,message,201,5.250,backend-3,true
0.301,message,201,5.210,backend-3,true
0.301,message,201,5.320,backend-3,true
0.299,message,201,7.410,backend-3,true
0.301,message,201,5.610,backend-3,true
0.300,message,201,7.000,backend-1,true
0.301,message,201,6.940,backend-1,true
0.302,message,201,5.130,backend-1,true
0.303,message,201,5.060,backend-1,true
0.302,message,201,5.200,backend-1,true
0.140,feed,200,168.560,backend-3,true
0.139,feed,200,169.840,backend-2,true
0.121,feed,200,188.520,backend-1,true
0.306,message,201,5.790,backend-3,true
0.302,message,201,8.940,backend-3,true
0.303,message,201,8.900,backend-3,true
0.305,message,201,6.870,backend-3,true
0.306,message,201,5.890,backend-3,true
0.301,message,201,10.560,backend-3,true
0.302,message,201,9.720,backend-3,true
0.306,message,201,6.030,backend-1,true
0.306,message,201,6.110,backend-1,true
0.306,message,201,6.200,backend-3,true
0.306,message,201,6.310,backend-1,true
0.304,message,201,8.270,backend-1,true
0.308,message,201,4.220,backend-1,true
0.306,message,201,6.390,backend-1,true
0.306,message,201,5.500,backend-3,true
0.308,message,201,4.230,backend-1,true
0.306,message,201,5.580,backend-3,true
0.305,message,201,6.470,backend-1,true
0.305,message,201,6.520,backend-3,true
0.306,message,201,6.430,backend-1,true
0.306,message,201,5.890,backend-1,true
0.139,feed,200,174.740,backend-2,true
0.140,feed,200,173.690,backend-3,true
0.121,feed,200,192.590,backend-1,true
0.307,message,201,6.980,backend-3,true
0.308,message,201,6.850,backend-3,true
0.311,message,201,3.170,backend-3,true
0.311,message,201,3.220,backend-3,true
0.311,message,201,3.210,backend-3,true
0.308,message,201,6.370,backend-3,true
0.309,message,201,7.880,backend-1,true
0.312,message,201,4.770,backend-1,true
0.310,message,201,6.930,backend-1,true
0.312,message,201,5.020,backend-1,true
0.311,message,201,5.340,backend-1,true
0.312,message,201,4.950,backend-1,true
0.312,message,201,4.830,backend-1,true
0.312,message,201,4.880,backend-1,true
0.314,message,201,2.470,backend-1,true
0.314,message,201,3.080,backend-1,true
0.140,feed,200,177.690,backend-3,true
0.121,feed,200,196.270,backend-1,true
0.140,feed,200,178.550,backend-2,true
0.312,message,201,8.010,backend-3,true
0.312,message,201,8.150,backend-3,true
0.312,message,201,8.490,backend-3,true
0.312,message,201,8.150,backend-3,true
0.312,message,201,8.570,backend-3,true
0.121,feed,200,198.760,backend-1,true
0.315,message,201,5.520,backend-3,true
0.312,message,201,8.280,backend-3,true
0.314,message,201,6.540,backend-3,true
0.314,message,201,6.530,backend-3,true
0.312,message,201,8.250,backend-3,true
0.312,message,201,8.540,backend-3,true
0.312,message,201,8.360,backend-3,true
0.315,message,201,6.150,backend-3,true
0.317,message,201,4.330,backend-3,true
0.315,message,201,7.480,backend-1,true
0.318,message,201,4.430,backend-1,true
0.140,feed,200,182.140,backend-3,true
0.318,message,201,4.070,backend-1,true
0.318,message,201,4.440,backend-1,true
0.140,feed,200,183.000,backend-2,true
0.317,message,201,7.890,backend-3,true
0.321,message,201,3.990,backend-3,true
0.320,message,201,4.700,backend-3,true
0.320,message,201,4.710,backend-3,true
0.320,message,201,4.810,backend-3,true
0.317,message,201,7.980,backend-3,true
0.320,message,201,4.670,backend-3,true
0.320,message,201,4.750,backend-3,true
0.322,message,201,2.780,backend-3,true
0.320,message,201,4.650,backend-3,true
0.321,message,201,4.070,backend-3,true
0.320,message,201,4.990,backend-3,true
0.125,feed,200,200.680,backend-1,true
0.322,message,201,4.840,backend-1,true
0.322,message,201,4.820,backend-1,true
0.320,message,201,6.850,backend-1,true
0.323,message,201,4.450,backend-1,true
0.322,message,201,4.930,backend-1,true
0.140,feed,200,187.650,backend-2,true
0.140,feed,200,187.580,backend-3,true
0.320,message,201,7.550,backend-2,true
0.125,feed,200,204.710,backend-1,true
0.325,message,201,6.390,backend-3,true
0.325,message,201,6.590,backend-3,true
0.325,message,201,6.330,backend-3,true
0.325,message,201,6.330,backend-3,true
0.325,message,201,6.500,backend-3,true
0.327,message,201,4.210,backend-3,true
0.325,message,201,6.440,backend-3,true
0.325,message,201,5.860,backend-3,true
0.327,message,201,4.280,backend-3,true
0.328,message,201,4.050,backend-3,true
0.327,message,201,4.420,backend-3,true
0.327,message,201,4.750,backend-3,true
0.140,feed,200,191.820,backend-3,true
0.325,message,201,7.380,backend-1,true
0.327,message,201,5.410,backend-1,true
0.327,message,201,5.360,backend-1,true
0.325,message,201,7.560,backend-1,true
0.328,message,201,4.740,backend-1,true
0.140,feed,200,193.300,backend-2,true
0.133,feed,200,200.670,backend-1,true
0.331,message,201,4.830,backend-1,true
0.140,feed,200,195.930,backend-3,true
0.331,message,201,4.930,backend-1,true
0.330,message,201,6.570,backend-1,true
0.332,message,201,4.200,backend-1,true
0.332,message,201,4.050,backend-1,true
0.332,message,201,4.140,backend-1,true
0.333,message,201,3.580,backend-1,true
0.332,message,201,4.220,backend-1,true
0.134,feed,200,202.830,backend-1,true
0.140,feed,200,197.760,backend-2,true
0.332,message,201,6.710,backend-3,true
0.331,message,201,7.040,backend-3,true
0.332,message,201,6.650,backend-3,true
0.332,message,201,6.440,backend-3,true
0.331,message,201,7.100,backend-3,true
0.332,message,201,5.940,backend-3,true
0.334,message,201,4.260,backend-3,true
0.331,message,201,7.120,backend-3,true
0.332,message,201,7.710,backend-2,true
0.155,feed,200,185.450,backend-3,true
0.135,feed,200,206.900,backend-1,true
0.140,feed,200,201.990,backend-2,true
0.338,message,201,4.610,backend-1,true
0.336,message,201,6.960,backend-1,true
0.337,message,201,6.050,backend-1,true
0.338,message,201,4.700,backend-1,true
0.336,message,201,6.920,backend-1,true
0.337,message,201,7.170,backend-2,true
0.337,message,201,7.360,backend-2,true
0.337,message,201,7.350,backend-2,true
0.155,feed,200,189.600,backend-3,true
0.338,message,201,6.050,backend-3,true
0.338,message,201,6.120,backend-3,true
0.338,message,201,6.130,backend-3,true
0.342,message,201,2.950,backend-3,true
0.337,message,201,7.140,backend-3,true
0.340,message,201,4.550,backend-3,true
0.338,message,201,6.210,backend-3,true
0.140,feed,200,205.310,backend-2,true
0.135,feed,200,210.570,backend-1,true
0.342,message,201,6.030,backend-3,true
0.343,message,201,4.760,backend-3,true
0.343,message,201,4.860,backend-3,true
0.344,message,201,3.520,backend-3,true
0.345,message,201,3.480,backend-3,true
0.344,message,201,3.610,backend-3,true
0.345,message,201,3.530,backend-3,true
0.345,message,201,3.510,backend-3,true
0.140,feed,200,208.300,backend-2,true
0.155,feed,200,194.130,backend-3,true
0.144,feed,200,205.250,backend-1,true
0.344,message,201,5.710,backend-2,true
0.348,message,201,2.070,backend-2,true
0.345,message,201,4.650,backend-2,true
0.343,message,201,7.410,backend-1,true
0.345,message,201,6.090,backend-1,true
0.344,message,201,6.630,backend-1,true
0.343,message,201,7.500,backend-1,true
0.345,message,201,5.630,backend-1,true
0.343,message,201,7.500,backend-1,true
0.140,feed,200,212.520,backend-2,true
0.144,feed,200,209.230,backend-1,true
0.155,feed,200,198.370,backend-3,true
0.348,message,201,6.440,backend-3,true
0.348,message,201,6.860,backend-3,true
0.348,message,201,6.600,backend-3,true
0.348,message,201,6.510,backend-3,true
0.349,message,201,6.100,backend-3,true
0.348,message,201,6.670,backend-3,true
0.350,message,201,4.880,backend-3,true
0.350,message,201,5.080,backend-3,true
0.351,message,201,5.000,backend-2,true
0.348,message,201,7.320,backend-2,true
0.350,message,201,5.710,backend-2,true
0.351,message,201,5.100,backend-2,true
0.349,message,201,6.830,backend-2,true
0.351,message,201,5.040,backend-2,true
0.351,message,201,5.070,backend-2,true
0.155,feed,200,201.460,backend-3,true
0.144,feed,200,212.170,backend-1,true
0.353,message,201,3.780,backend-1,true
0.351,message,201,6.080,backend-1,true
0.353,message,201,4.040,backend-1,true
0.353,message,201,4.070,backend-1,true
0.140,feed,200,217.000,backend-2,true
0.155,feed,200,205.180,backend-3,true
0.355,message,201,5.370,backend-3,true
0.355,message,201,5.380,backend-3,true
0.355,message,201,5.200,backend-3,true
0.144,feed,200,215.960,backend-1,true
0.355,message,201,5.140,backend-3,true
0.356,message,201,4.560,backend-3,true
0.144,feed,200,217.530,backend-2,true
0.355,message,201,7.100,backend-2,true
0.355,message,201,6.920,backend-2,true
0.356,message,201,6.070,backend-2,true
0.356,message,201,6.060,backend-2,true
0.356,message,201,6.140,backend-2,true
0.356,message,201,6.120,backend-2,true
0.357,message,201,5.230,backend-2,true
0.356,message,201,5.730,backend-2,true
0.356,message,201,6.000,backend-2,true
0.357,message,201,4.790,backend-2,true
0.357,message,201,5.490,backend-2,true
0.155,feed,200,207.620,backend-3,true
0.357,message,201,6.100,backend-1,true
0.144,feed,200,220.140,backend-1,true
0.144,feed,200,222.000,backend-2,true
0.360,message,201,6.060,backend-2,true
0.360,message,201,5.880,backend-2,true
0.360,message,201,6.100,backend-2,true
0.360,message,201,6.100,backend-2,true
0.362,message,201,4.340,backend-2,true
0.362,message,201,4.190,backend-2,true
0.362,message,201,4.190,backend-2,true
0.361,message,201,4.990,backend-2,true
0.363,message,201,3.120,backend-2,true
0.362,message,201,3.800,backend-2,true
0.362,message,201,4.080,backend-2,true
0.145,feed,200,221.940,backend-1,true
0.172,feed,200,195.250,backend-3,true
0.362,message,201,5.570,backend-3,true
0.360,message,201,7.370,backend-3,true
0.360,message,201,7.000,backend-3,true
0.362,message,201,5.160,backend-3,true
0.362,message,201,5.370,backend-3,true
0.362,message,201,5.590,backend-3,true
0.144,feed,200,225.460,backend-2,true
0.366,message,201,3.970,backend-2,true
0.364,message,201,5.960,backend-2,true
0.366,message,201,3.930,backend-2,true
0.366,message,201,4.000,backend-2,true
0.366,message,201,4.100,backend-2,true
0.366,message,201,4.010,backend-2,true
0.366,message,201,4.090,backend-2,true
0.367,message,201,3.370,backend-2,true
0.367,message,201,3.050,backend-2,true
0.145,feed,200,226.110,backend-1,true
0.172,feed,200,199.390,backend-3,true
0.145,feed,200,228.020,backend-2,true
0.366,message,201,7.590,backend-3,true
0.366,message,201,6.990,backend-3,true
0.144,feed,200,228.850,backend-2,true
0.366,message,201,7.170,backend-3,true
0.367,message,201,6.560,backend-3,true
0.366,message,201,7.350,backend-3,true
0.366,message,201,7.410,backend-3,true
0.367,message,201,6.290,backend-3,true
0.367,message,201,6.310,backend-3,true
0.370,message,201,4.180,backend-3,true
0.176,feed,200,199.200,backend-3,true
0.145,feed,200,230.510,backend-1,true
0.145,feed,200,232.990,backend-2,true
0.370,message,201,7.700,backend-2,true
0.370,message,201,7.770,backend-2,true
0.370,message,201,7.790,backend-2,true
0.370,message,201,7.640,backend-2,true
0.371,message,201,6.830,backend-2,true
0.374,message,201,4.720,backend-2,true
0.374,message,201,4.620,backend-2,true
0.371,message,201,7.220,backend-2,true
0.374,message,201,4.640,backend-2,true
0.373,message,201,5.760,backend-2,true
0.373,message,201,5.220,backend-2,true
0.177,feed,200,201.910,backend-3,true
0.370,message,201,8.900,backend-3,true
0.373,message,201,5.810,backend-3,true
0.370,message,201,8.970,backend-3,true
0.373,message,201,5.880,backend-3,true
0.373,message,201,5.950,backend-3,true
0.374,message,201,5.700,backend-3,true
0.145,feed,200,235.640,backend-1,true
0.144,feed,200,245.940,backend-2,true
0.375,message,201,15.410,backend-2,true
0.376,message,201,15.280,backend-2,true
0.378,message,201,13.300,backend-2,true
0.379,message,201,11.640,backend-2,true
0.378,message,201,12.820,backend-2,true
0.379,message,201,12.580,backend-2,true
0.379,message,201,11.940,backend-2,true
0.378,message,201,13.260,backend-2,true
0.378,message,201,13.370,backend-2,true
0.378,message,201,12.990,backend-2,true
0.378,message,201,12.940,backend-2,true
0.378,message,201,13.630,backend-3,true
0.378,message,201,13.200,backend-3,true
0.378,message,201,13.660,backend-3,true
0.379,message,201,12.730,backend-3,true
0.381,message,201,11.310,backend-3,true
0.378,message,201,13.700,backend-3,true
0.379,message,201,12.750,backend-3,true
0.379,message,201,12.520,backend-3,true
0.177,feed,200,215.760,backend-3,true
0.145,feed,200,248.290,backend-1,true
0.144,feed,200,250.870,backend-2,true
0.144,feed,200,251.680,backend-2,true
0.183,feed,200,213.160,backend-3,true
0.144,feed,200,252.720,backend-2,true
0.183,feed,200,213.850,backend-3,true
0.392,message,201,5.590,backend-3,true
0.391,message,201,6.390,backend-3,true
0.393,message,201,5.020,backend-3,true
0.145,feed,200,252.530,backend-1,true
0.390,message,201,7.910,backend-2,true
0.391,message,201,7.530,backend-2,true
0.391,message,201,7.310,backend-2,true
0.391,message,201,7.710,backend-2,true
0.391,message,201,7.770,backend-2,true
0.391,message,201,7.570,backend-2,true
0.391,message,201,7.750,backend-2,true
0.391,message,201,7.810,backend-2,true
0.392,message,201,7.570,backend-2,true
0.391,message,201,7.960,backend-2,true
0.392,message,201,7.710,backend-2,true
0.391,message,201,7.800,backend-2,true
0.392,message,201,7.450,backend-2,true
0.394,message,201,5.930,backend-2,true
0.392,message,201,7.700,backend-2,true
0.397,message,201,3.930,backend-2,true
0.398,message,201,3.550,backend-2,true
0.396,message,201,4.820,backend-2,true
0.398,message,201,3.230,backend-2,true
0.395,message,201,5.790,backend-2,true
0.184,feed,200,218.210,backend-3,true
0.145,feed,200,256.850,backend-1,true
0.144,feed,200,258.620,backend-2,true
0.396,message,201,7.680,backend-3,true
0.398,message,201,6.280,backend-3,true
0.397,message,201,6.610,backend-3,true
0.399,message,201,5.360,backend-3,true
0.398,message,201,5.740,backend-3,true
0.399,message,201,5.560,backend-3,true
0.399,message,201,5.220,backend-3,true
0.149,feed,200,257.170,backend-1,true
0.184,feed,200,222.190,backend-3,true
0.398,message,201,8.190,backend-2,true
0.398,message,201,8.130,backend-2,true
0.399,message,201,7.870,backend-2,true
0.398,message,201,8.240,backend-2,true
0.399,message,201,7.490,backend-2,true
0.399,message,201,7.710,backend-2,true
0.400,message,201,7.340,backend-2,true
0.399,message,201,7.870,backend-2,true
0.399,message,201,7.900,backend-2,true
0.402,message,201,4.800,backend-2,true
0.401,message,201,5.890,backend-2,true
0.401,message,201,5.900,backend-2,true
0.402,message,201,4.970,backend-2,true
0.401,message,201,5.980,backend-2,true
0.401,message,201,5.930,backend-2,true
0.403,message,201,4.330,backend-2,true
0.144,feed,200,263.620,backend-2,true
0.404,message,201,5.540,backend-3,true
0.404,message,201,5.810,backend-3,true
0.404,message,201,5.880,backend-3,true
0.404,message,201,5.660,backend-3,true
0.407,message,201,3.170,backend-3,true
0.407,message,201,3.350,backend-3,true
0.407,message,201,5.050,backend-2,true
0.407,message,201,5.070,backend-2,true
0.407,message,201,5.080,backend-2,true
0.406,message,201,5.950,backend-2,true
0.407,message,201,5.630,backend-2,true
0.404,message,201,8.350,backend-2,true
0.407,message,201,5.200,backend-2,true
0.406,message,201,5.940,backend-2,true
0.407,message,201,5.190,backend-2,true
0.407,message,201,5.330,backend-2,true
0.149,feed,200,263.560,backend-1,true
0.407,message,201,5.760,backend-2,true
0.407,message,201,5.580,backend-2,true
0.407,message,201,5.300,backend-2,true
0.145,feed,200,268.790,backend-2,true
0.410,message,201,4.620,backend-3,true
0.410,message,201,4.610,backend-3,true
0.410,message,201,4.690,backend-3,true
0.407,message,201,7.440,backend-3,true
0.407,message,201,7.450,backend-3,true
0.184,feed,200,230.310,backend-3,true
0.413,message,201,4.450,backend-2,true
0.412,message,201,5.110,backend-2,true
0.412,message,201,5.050,backend-2,true
0.412,message,201,4.940,backend-2,true
0.408,message,201,9.180,backend-2,true
0.413,message,201,4.550,backend-2,true
0.412,message,201,5.100,backend-2,true
0.412,message,201,5.070,backend-2,true
0.149,feed,200,269.380,backend-1,true
0.145,feed,200,274.220,backend-2,true
0.184,feed,200,236.000,backend-3,true
0.412,message,201,8.120,backend-3,true
0.412,message,201,8.140,backend-3,true
0.412,message,201,8.140,backend-3,true
0.412,message,201,8.090,backend-3,true
0.414,message,201,6.220,backend-3,true
0.414,message,201,6.270,backend-3,true
0.414,message,201,6.180,backend-3,true
0.413,message,201,8.060,backend-3,true
0.414,message,201,6.900,backend-3,true
0.414,message,201,6.300,backend-3,true
0.145,feed,200,277.900,backend-2,true
0.135,feed,200,289.410,backend-1,true
0.417,message,201,7.070,backend-2,true
0.417,message,201,7.110,backend-2,true
0.417,message,201,7.150,backend-2,true
0.421,message,201,3.820,backend-2,true
0.420,message,201,4.250,backend-2,true
0.419,message,201,5.350,backend-2,true
0.184,feed,200,241.390,backend-3,true
0.417,message,201,8.630,backend-3,true
0.420,message,201,5.780,backend-3,true
0.417,message,201,8.960,backend-3,true
0.418,message,201,7.660,backend-3,true
0.421,message,201,5.490,backend-3,true
0.421,message,201,5.550,backend-3,true
0.420,message,201,5.820,backend-3,true
0.145,feed,200,281.130,backend-2,true
0.150,feed,200,279.180,backend-1,true
0.424,message,201,5.610,backend-3,true
0.425,message,201,5.030,backend-3,true
0.426,message,201,3.400,backend-3,true
0.424,message,201,5.290,backend-3,true
0.426,message,201,3.260,backend-3,true
0.426,message,201,4.610,backend-2,true
0.424,message,201,6.270,backend-2,true
0.423,message,201,7.430,backend-2,true
0.426,message,201,5.100,backend-2,true
0.424,message,201,6.300,backend-2,true
0.185,feed,200,245.600,backend-3,true
0.426,message,201,4.680,backend-2,true
0.426,message,201,4.680,backend-2,true
0.426,message,201,4.740,backend-2,true
0.149,feed,200,282.180,backend-2,true
0.150,feed,200,284.120,backend-1,true
0.186,feed,200,248.420,backend-3,true
0.186,feed,200,249.620,backend-3,true
0.430,message,201,6.600,backend-2,true
0.430,message,201,6.550,backend-2,true
0.431,message,201,5.310,backend-2,true
0.430,message,201,6.660,backend-2,true
0.431,message,201,5.350,backend-2,true
0.431,message,201,5.550,backend-2,true
0.431,message,201,5.560,backend-2,true
0.431,message,201,5.540,backend-2,true
0.429,message,201,7.480,backend-3,true
0.431,message,201,5.890,backend-3,true
0.430,message,201,6.930,backend-3,true
0.430,message,201,7.130,backend-3,true
0.431,message,201,6.030,backend-3,true
0.431,message,201,5.840,backend-3,true
0.431,message,201,5.510,backend-3,true
0.150,feed,200,287.350,backend-2,true
0.150,feed,200,287.650,backend-1,true
0.435,message,201,6.030,backend-3,true
0.437,message,201,3.800,backend-3,true
0.437,message,201,4.010,backend-3,true
0.436,message,201,4.320,backend-3,true
0.437,message,201,3.330,backend-3,true
0.437,message,201,3.880,backend-3,true
0.152,feed,200,289.140,backend-2,true
0.434,message,201,6.970,backend-2,true
0.436,message,201,4.880,backend-2,true
0.436,message,201,5.160,backend-2,true
0.436,message,201,4.810,backend-2,true
0.436,message,201,4.850,backend-2,true
0.437,message,201,4.580,backend-2,true
0.436,message,201,5.030,backend-2,true
0.437,message,201,4.600,backend-2,true
0.436,message,201,4.990,backend-2,true
0.437,message,201,4.190,backend-2,true
0.150,feed,200,291.730,backend-1,true
0.186,feed,200,255.110,backend-3,true
0.152,feed,200,293.170,backend-2,true
0.186,feed,200,258.750,backend-3,true
0.151,feed,200,293.830,backend-1,true
0.152,feed,200,294.120,backend-2,true
0.186,feed,200,259.580,backend-3,true
0.152,feed,200,294.300,backend-1,true
0.152,feed,200,294.500,backend-2,true
0.441,message,201,6.260,backend-2,true
0.441,message,201,6.290,backend-2,true
0.441,message,201,6.210,backend-2,true
0.441,message,201,6.020,backend-2,true
0.441,message,201,6.060,backend-2,true
0.441,message,201,6.110,backend-2,true
0.441,message,201,5.970,backend-2,true
0.441,message,201,6.010,backend-2,true
0.187,feed,200,261.020,backend-3,true
0.152,feed,200,295.440,backend-1,true
0.441,message,201,7.410,backend-3,true
0.441,message,201,7.510,backend-3,true
0.441,message,201,7.410,backend-3,true
0.441,message,201,7.390,backend-3,true
0.441,message,201,7.230,backend-3,true
0.441,message,201,7.260,backend-3,true
0.445,message,201,3.240,backend-3,true
0.441,message,201,7.000,backend-3,true
0.153,feed,200,298.050,backend-2,true
0.445,message,201,6.630,backend-2,true
0.445,message,201,6.500,backend-2,true
0.446,message,201,5.700,backend-2,true
0.446,message,201,5.530,backend-2,true
0.447,message,201,4.300,backend-2,true
0.447,message,201,4.790,backend-2,true
0.447,message,201,4.390,backend-2,true
0.447,message,201,4.410,backend-2,true
0.448,message,201,4.130,backend-2,true
0.448,message,201,3.860,backend-2,true
0.448,message,201,4.160,backend-2,true
0.448,message,201,3.720,backend-2,true
0.448,message,201,3.910,backend-2,true
0.446,message,201,6.080,backend-3,true
0.447,message,201,5.220,backend-3,true
0.447,message,201,5.360,backend-3,true
0.152,feed,200,299.840,backend-1,true
0.447,message,201,4.880,backend-3,true
0.448,message,201,4.290,backend-3,true
0.447,message,201,4.990,backend-3,true
0.448,message,201,4.180,backend-3,true
0.448,message,201,4.120,backend-3,true
0.448,message,201,4.250,backend-3,true
0.192,feed,200,261.200,backend-3,true
0.153,feed,200,302.610,backend-2,true
0.153,feed,200,303.660,backend-1,true
0.452,message,201,4.040,backend-3,true
0.451,message,201,5.600,backend-3,true
0.452,message,201,4.710,backend-3,true
0.452,message,201,3.890,backend-3,true
0.453,message,201,3.290,backend-3,true
0.193,feed,200,263.820,backend-3,true
0.152,feed,200,307.020,backend-2,true
0.451,message,201,8.030,backend-2,true
0.452,message,201,7.940,backend-2,true
0.452,message,201,7.650,backend-2,true
0.452,message,201,8.010,backend-2,true
0.452,message,201,8.150,backend-2,true
0.452,message,201,8.010,backend-2,true
0.452,message,201,8.440,backend-2,true
0.452,message,201,8.470,backend-2,true
0.456,message,201,3.850,backend-2,true
0.456,message,201,3.790,backend-2,true
0.453,message,201,7.530,backend-2,true
0.452,message,201,7.810,backend-2,true
0.452,message,201,7.830,backend-2,true
0.452,message,201,8.070,backend-2,true
0.452,message,201,8.490,backend-2,true
0.452,message,201,7.880,backend-2,true
0.452,message,201,7.960,backend-2,true
0.455,message,201,5.170,backend-2,true
0.153,feed,200,307.280,backend-1,true
0.194,feed,200,267.320,backend-3,true
0.460,message,201,2.490,backend-3,true
0.459,message,201,2.960,backend-3,true
0.456,message,201,6.100,backend-3,true
0.153,feed,200,310.090,backend-2,true
0.457,message,201,6.900,backend-2,true
0.456,message,201,7.750,backend-2,true
0.460,message,201,4.620,backend-2,true
0.459,message,201,4.700,backend-2,true
0.460,message,201,4.430,backend-2,true
0.460,message,201,4.430,backend-2,true
0.460,message,201,4.090,backend-2,true
0.460,message,201,4.510,backend-2,true
0.154,feed,200,310.770,backend-1,true
0.460,message,201,4.200,backend-2,true
0.460,message,201,4.560,backend-2,true
0.461,message,201,3.790,backend-2,true
0.460,message,201,4.680,backend-2,true
0.460,message,201,4.650,backend-2,true
0.460,message,201,4.710,backend-2,true
0.194,feed,200,272.280,backend-3,true
0.460,message,201,6.710,backend-3,true
0.460,message,201,6.640,backend-3,true
0.460,message,201,6.700,backend-3,true
0.463,message,201,3.480,backend-3,true
0.464,message,201,2.620,backend-3,true
0.460,message,201,6.880,backend-3,true
0.153,feed,200,313.650,backend-2,true
0.462,message,201,6.140,backend-2,true
0.465,message,201,4.120,backend-2,true
0.465,message,201,4.140,backend-2,true
0.464,message,201,4.600,backend-2,true
0.465,message,201,3.950,backend-2,true
0.464,message,201,4.780,backend-2,true
0.465,message,201,4.260,backend-2,true
0.465,message,201,4.110,backend-2,true
0.462,message,201,6.530,backend-2,true
0.465,message,201,4.190,backend-2,true
0.462,message,201,6.620,backend-2,true
0.464,message,201,4.850,backend-2,true
0.466,message,201,3.070,backend-2,true
0.159,feed,200,310.090,backend-1,true
0.467,message,201,3.980,backend-3,true
0.465,message,201,5.880,backend-3,true
0.467,message,201,3.970,backend-3,true
0.464,message,201,6.220,backend-3,true
0.465,message,201,6.220,backend-3,true
0.154,feed,200,317.640,backend-2,true
0.194,feed,200,277.740,backend-3,true
0.159,feed,200,314.340,backend-1,true
0.469,message,201,5.240,backend-2,true
0.467,message,201,7.390,backend-2,true
0.467,message,201,7.480,backend-2,true
0.469,message,201,5.350,backend-2,true
0.468,message,201,5.760,backend-2,true
0.467,message,201,7.630,backend-2,true
0.469,message,201,5.330,backend-2,true
0.469,message,201,5.460,backend-2,true
0.469,message,201,5.430,backend-2,true
0.469,message,201,5.460,backend-2,true
0.469,message,201,5.690,backend-2,true
0.471,message,201,3.750,backend-2,true
0.471,message,201,3.820,backend-2,true
0.469,message,201,5.630,backend-2,true
0.469,message,201,6.460,backend-3,true
0.471,message,201,3.850,backend-3,true
0.469,message,201,6.350,backend-3,true
0.195,feed,200,281.350,backend-3,true
0.154,feed,200,322.230,backend-2,true
0.471,message,201,7.420,backend-2,true
0.472,message,201,6.540,backend-2,true
0.474,message,201,4.030,backend-2,true
0.474,message,201,4.710,backend-2,true
0.474,message,201,4.130,backend-2,true
0.474,message,201,4.080,backend-2,true
0.474,message,201,3.960,backend-2,true
0.474,message,201,4.350,backend-2,true
0.474,message,201,4.330,backend-2,true
0.474,message,201,4.620,backend-2,true
0.160,feed,200,318.520,backend-1,true
0.475,message,201,4.180,backend-2,true
0.475,message,201,3.730,backend-2,true
0.198,feed,200,282.340,backend-3,true
0.155,feed,200,326.490,backend-2,true
0.475,message,201,8.520,backend-3,true
0.476,message,201,7.580,backend-3,true
0.478,message,201,5.480,backend-3,true
0.476,message,201,7.730,backend-3,true
0.479,message,201,5.230,backend-3,true
0.479,message,201,5.220,backend-3,true
0.161,feed,200,323.960,backend-1,true
0.155,feed,200,330.040,backend-2,true
0.478,message,201,6.980,backend-2,true
0.478,message,201,7.070,backend-2,true
0.479,message,201,6.430,backend-2,true
0.479,message,201,6.370,backend-2,true
0.479,message,201,6.400,backend-2,true
0.478,message,201,7.180,backend-2,true
0.478,message,201,7.060,backend-2,true
0.481,message,201,4.600,backend-2,true
0.198,feed,200,287.520,backend-3,true
0.481,message,201,5.980,backend-3,true
0.484,message,201,3.330,backend-3,true
0.485,message,201,2.500,backend-3,true
0.484,message,201,3.320,backend-3,true
0.155,feed,200,334.000,backend-2,true
0.161,feed,200,327.940,backend-1,true
0.198,feed,200,291.690,backend-3,true
0.484,message,201,6.870,backend-2,true
0.485,message,201,5.420,backend-2,true
0.485,message,201,5.330,backend-2,true
0.485,message,201,6.090,backend-2,true
0.484,message,201,6.900,backend-2,true
0.485,message,201,5.420,backend-2,true
0.485,message,201,5.630,backend-2,true
0.485,message,201,5.630,backend-2,true
0.486,message,201,5.150,backend-2,true
0.487,message,201,3.950,backend-2,true
0.487,message,201,3.970,backend-2,true
0.487,message,201,4.060,backend-2,true
0.487,message,201,5.010,backend-3,true
0.485,message,201,6.700,backend-3,true
0.489,message,201,3.480,backend-3,true
0.489,message,201,3.230,backend-3,true
0.155,feed,200,338.240,backend-2,true
0.161,feed,200,332.560,backend-1,true
0.198,feed,200,296.320,backend-3,true
0.493,message,201,3.970,backend-3,true
0.490,message,201,6.910,backend-3,true
0.494,message,201,3.520,backend-3,true
0.155,feed,200,342.190,backend-2,true
0.491,message,201,6.370,backend-3,true
0.201,feed,200,297.020,backend-3,true
0.491,message,201,7.780,backend-2,true
0.491,message,201,7.490,backend-2,true
0.491,message,201,7.990,backend-2,true
0.161,feed,200,337.470,backend-1,true
0.491,message,201,8.030,backend-2,true
0.492,message,201,6.590,backend-2,true
0.491,message,201,7.630,backend-2,true
0.491,message,201,7.730,backend-2,true
0.492,message,201,6.730,backend-2,true
0.491,message,201,7.590,backend-2,true
0.492,message,201,6.750,backend-2,true
0.492,message,201,6.760,backend-2,true
0.495,message,201,4.130,backend-2,true
0.155,feed,200,347.700,backend-2,true
0.161,feed,200,341.310,backend-1,true
0.201,feed,200,301.170,backend-3,true
0.162,feed,200,342.000,backend-1,true
0.201,feed,200,302.740,backend-3,true
0.499,message,201,5.800,backend-3,true
0.497,message,201,7.500,backend-3,true
0.497,message,201,7.520,backend-3,true
0.499,message,201,5.790,backend-3,true
0.499,message,201,5.890,backend-3,true
0.162,feed,200,342.670,backend-1,true
0.497,message,201,8.060,backend-2,true
0.499,message,201,6.590,backend-2,true
0.498,message,201,7.080,backend-2,true
0.497,message,201,8.230,backend-2,true
0.499,message,201,6.680,backend-2,true
0.499,message,201,6.610,backend-2,true
0.499,message,201,6.520,backend-2,true
0.499,message,201,6.510,backend-2,true
0.499,message,201,6.570,backend-2,true
0.499,message,201,6.590,backend-2,true
0.499,message,201,6.590,backend-2,true
0.499,message,201,6.730,backend-2,true
0.159,feed,200,346.810,backend-2,true
0.205,feed,200,302.960,backend-3,true
0.162,feed,200,346.560,backend-1,true
0.505,message,201,4.620,backend-3,true
0.505,message,201,4.670,backend-3,true
0.505,message,201,4.850,backend-3,true
0.505,message,201,5.410,backend-3,true
0.505,message,201,5.410,backend-3,true
0.162,feed,200,347.810,backend-1,true
0.161,feed,200,349.390,backend-2,true
0.503,message,201,8.190,backend-2,true
0.503,message,201,8.240,backend-2,true
0.503,message,201,8.220,backend-2,true
0.505,message,201,6.340,backend-2,true
0.504,message,201,7.180,backend-2,true
0.504,message,201,6.730,backend-2,true
0.505,message,201,5.800,backend-2,true
0.505,message,201,5.880,backend-2,true
0.505,message,201,6.260,backend-2,true
0.505,message,201,6.490,backend-2,true
0.506,message,201,5.030,backend-2,true
0.505,message,201,5.660,backend-2,true
0.505,message,201,5.980,backend-2,true
0.505,message,201,5.950,backend-2,true
0.206,feed,200,305.900,backend-3,true
0.162,feed,200,352.950,backend-2,true
0.511,message,201,3.940,backend-2,true
0.509,message,201,6.070,backend-2,true
0.162,feed,200,352.490,backend-1,true
0.510,message,201,4.840,backend-2,true
0.511,message,201,3.890,backend-2,true
0.511,message,201,3.920,backend-2,true
0.511,message,201,3.990,backend-2,true
0.511,message,201,4.110,backend-2,true
0.511,message,201,3.860,backend-2,true
0.511,message,201,3.960,backend-2,true
0.511,message,201,4.140,backend-2,true
0.512,message,201,3.680,backend-2,true
0.510,message,201,5.490,backend-3,true
0.510,message,201,5.490,backend-3,true
0.508,message,201,7.120,backend-3,true
0.510,message,201,5.100,backend-3,true
0.511,message,201,4.810,backend-3,true
0.511,message,201,4.770,backend-3,true
0.511,message,201,4.860,backend-3,true
0.511,message,201,4.760,backend-3,true
0.206,feed,200,310.810,backend-3,true
0.162,feed,200,356.890,backend-1,true
0.162,feed,200,357.010,backend-2,true
0.206,feed,200,314.770,backend-3,true
0.515,message,201,6.810,backend-2,true
0.163,feed,200,358.600,backend-1,true
0.515,message,201,6.900,backend-2,true
0.206,feed,200,315.960,backend-3,true
0.515,message,201,7.030,backend-2,true
0.515,message,201,7.100,backend-2,true
0.515,message,201,7.250,backend-2,true
0.515,message,201,6.910,backend-2,true
0.516,message,201,6.780,backend-2,true
0.516,message,201,6.840,backend-2,true
0.516,message,201,6.840,backend-2,true
0.515,message,201,7.370,backend-3,true
0.519,message,201,3.380,backend-2,true
0.516,message,201,7.060,backend-2,true
0.517,message,201,6.030,backend-3,true
0.516,message,201,7.050,backend-3,true
0.516,message,201,7.120,backend-2,true
0.515,message,201,7.530,backend-3,true
0.516,message,201,7.140,backend-2,true
0.515,message,201,7.910,backend-3,true
0.515,message,201,7.750,backend-3,true
0.516,message,201,7.190,backend-2,true
0.515,message,201,7.860,backend-2,true
0.163,feed,200,359.350,backend-2,true
0.522,message,201,6.430,backend-2,true
0.523,message,201,5.520,backend-2,true
0.519,message,201,8.990,backend-2,true
0.521,message,201,7.600,backend-2,true
0.522,message,201,6.610,backend-2,true
0.522,message,201,6.540,backend-2,true
0.522,message,201,6.310,backend-2,true
0.523,message,201,5.570,backend-2,true
0.523,message,201,5.710,backend-2,true
0.523,message,201,5.660,backend-2,true
0.522,message,201,6.580,backend-2,true
0.170,feed,200,359.110,backend-2,true
0.523,message,201,8.010,backend-3,true
0.522,message,201,8.490,backend-3,true
0.523,message,201,8.010,backend-3,true
0.523,message,201,8.010,backend-3,true
0.523,message,201,8.000,backend-3,true
0.523,message,201,8.020,backend-3,true
0.207,feed,200,323.760,backend-3,true
0.523,message,201,8.120,backend-3,true
0.523,message,201,8.380,backend-2,true
0.523,message,201,8.460,backend-2,true
0.523,message,201,8.450,backend-2,true
0.171,feed,200,361.090,backend-1,true
0.170,feed,200,363.690,backend-2,true
0.207,feed,200,327.270,backend-3,true
0.171,feed,200,365.700,backend-1,true
0.532,message,201,5.170,backend-2,true
0.528,message,201,9.090,backend-2,true
0.531,message,201,6.690,backend-2,true
0.531,message,201,6.770,backend-2,true
0.529,message,201,8.040,backend-2,true
0.528,message,201,9.230,backend-2,true
0.528,message,201,9.260,backend-2,true
0.528,message,201,9.370,backend-2,true
0.528,message,201,9.220,backend-2,true
0.528,message,201,9.320,backend-3,true
0.528,message,201,9.510,backend-3,true
0.171,feed,200,366.720,backend-2,true
0.528,message,201,9.430,backend-3,true
0.528,message,201,9.520,backend-3,true
0.528,message,201,10.040,backend-3,true
0.531,message,201,7.680,backend-3,true
0.531,message,201,7.280,backend-3,true
0.207,feed,200,332.010,backend-3,true
0.531,message,201,8.480,backend-3,true
0.534,message,201,6.910,backend-2,true
0.537,message,201,4.590,backend-3,true
0.538,message,201,4.350,backend-3,true
0.538,message,201,4.360,backend-3,true
0.534,message,201,7.880,backend-3,true
0.537,message,201,5.560,backend-3,true
0.538,message,201,5.090,backend-3,true
0.538,message,201,5.120,backend-3,true
0.538,message,201,5.170,backend-3,true
0.171,feed,200,375.020,backend-1,true
0.171,feed,200,375.160,backend-2,true
0.537,message,201,10.250,backend-2,true
0.538,message,201,9.150,backend-2,true
0.537,message,201,10.180,backend-2,true
0.539,message,201,8.480,backend-2,true
0.538,message,201,10.000,backend-2,true
0.538,message,201,9.890,backend-2,true
0.538,message,201,10.050,backend-2,true
0.541,message,201,6.860,backend-2,true
0.207,feed,200,340.700,backend-3,true
0.538,message,201,13.150,backend-3,true
0.542,message,201,8.640,backend-3,true
0.542,message,201,8.690,backend-3,true
0.542,message,201,8.720,backend-3,true
0.542,message,201,8.800,backend-3,true
0.543,message,201,8.120,backend-3,true
0.543,message,201,8.250,backend-3,true
0.548,message,201,5.130,backend-3,true
0.546,message,201,6.420,backend-3,true
0.548,message,201,5.230,backend-3,true
0.546,message,201,6.680,backend-3,true
0.548,message,201,5.290,backend-3,true
0.547,message,201,5.410,backend-3,true
0.548,message,201,4.950,backend-3,true
0.548,message,201,5.540,backend-3,true
0.171,feed,200,382.710,backend-1,true
0.548,message,201,6.630,backend-2,true
0.551,message,201,3.760,backend-2,true
0.551,message,201,3.810,backend-2,true
0.551,message,201,3.800,backend-2,true
0.171,feed,200,384.170,backend-2,true
0.208,feed,200,348.050,backend-3,true
0.553,message,201,4.370,backend-3,true
0.551,message,201,6.330,backend-3,true
0.553,message,201,4.430,backend-3,true
0.553,message,201,4.560,backend-3,true
0.554,message,201,3.080,backend-3,true
0.554,message,201,3.060,backend-3,true
0.553,message,201,4.590,backend-3,true
0.172,feed,200,387.170,backend-1,true
0.553,message,201,6.210,backend-2,true
0.553,message,201,6.350,backend-2,true
0.554,message,201,5.330,backend-2,true
0.555,message,201,4.590,backend-2,true
0.555,message,201,3.840,backend-2,true
0.556,message,201,3.540,backend-2,true
0.557,message,201,2.270,backend-2,true
0.171,feed,200,388.610,backend-2,true
0.208,feed,200,352.810,backend-3,true
0.172,feed,200,391.260,backend-1,true
0.557,message,201,5.810,backend-3,true
0.557,message,201,6.250,backend-3,true
0.558,message,201,5.790,backend-3,true
0.559,message,201,4.040,backend-3,true
0.560,message,201,3.460,backend-3,true
0.557,message,201,6.580,backend-2,true
0.559,message,201,4.830,backend-2,true
0.559,message,201,4.830,backend-2,true
0.559,message,201,4.820,backend-2,true
0.559,message,201,5.130,backend-2,true
0.560,message,201,3.510,backend-2,true
0.559,message,201,4.720,backend-2,true
0.171,feed,200,393.040,backend-2,true
0.208,feed,200,358.320,backend-3,true
0.177,feed,200,390.200,backend-1,true
0.184,feed,200,384.480,backend-2,true
0.564,message,201,4.250,backend-2,true
0.564,message,201,4.330,backend-2,true
0.563,message,201,5.380,backend-2,true
0.564,message,201,4.390,backend-2,true
0.564,message,201,4.370,backend-2,true
0.564,message,201,4.390,backend-2,true
0.563,message,201,6.580,backend-3,true
0.563,message,201,6.630,backend-3,true
0.563,message,201,6.620,backend-3,true
0.564,message,201,6.130,backend-3,true
0.564,message,201,5.500,backend-3,true
0.563,message,201,6.520,backend-3,true
0.566,message,201,4.020,backend-3,true
0.208,feed,200,363.210,backend-3,true
0.177,feed,200,394.380,backend-1,true
0.320,feed,200,251.190,backend-2,true
0.567,message,201,5.090,backend-2,true
0.568,message,201,3.780,backend-2,true
0.570,message,201,2.070,backend-2,true
0.568,message,201,3.730,backend-2,true
0.568,message,201,3.690,backend-2,true
0.570,message,201,2.170,backend-2,true
0.568,message,201,5.390,backend-3,true
0.568,message,201,5.190,backend-3,true
0.568,message,201,5.290,backend-3,true
0.570,message,201,3.620,backend-3,true
0.572,message,201,1.630,backend-3,true
0.570,message,201,3.760,backend-3,true
0.571,message,201,2.360,backend-3,true
0.209,feed,200,366.950,backend-3,true
0.182,feed,200,394.040,backend-1,true
0.348,feed,200,228.570,backend-2,true
0.571,message,201,8.370,backend-2,true
0.571,message,201,8.120,backend-2,true
0.572,message,201,7.240,backend-2,true
0.574,message,201,5.740,backend-2,true
0.574,message,201,5.800,backend-2,true
0.572,message,201,7.350,backend-2,true
0.572,message,201,7.410,backend-2,true
0.574,message,201,5.850,backend-2,true
0.574,message,201,5.720,backend-2,true
0.574,message,201,5.940,backend-2,true
0.574,message,201,5.800,backend-2,true
0.209,feed,200,372.020,backend-3,true
0.348,feed,200,234.590,backend-2,true
0.183,feed,200,399.370,backend-1,true
0.579,message,201,6.210,backend-3,true
0.580,message,201,5.920,backend-3,true
0.576,message,201,9.350,backend-3,true
0.576,message,201,10.000,backend-2,true
0.576,message,201,9.840,backend-2,true
0.579,message,201,6.910,backend-2,true
0.579,message,201,7.070,backend-2,true
0.579,message,201,7.010,backend-2,true
0.579,message,201,7.220,backend-2,true
0.579,message,201,7.050,backend-2,true
0.579,message,201,7.060,backend-2,true
0.581,message,201,7.880,backend-2,true
0.583,message,201,6.450,backend-2,true
0.586,message,201,3.760,backend-2,true
0.355,feed,200,236.570,backend-2,true
0.183,feed,200,408.960,backend-1,true
0.213,feed,200,379.330,backend-3,true
0.583,message,201,10.510,backend-3,true
0.586,message,201,7.840,backend-3,true
0.585,message,201,7.910,backend-3,true
0.586,message,201,7.900,backend-2,true
0.587,message,201,7.790,backend-2,true
0.589,message,201,5.120,backend-2,true
0.586,message,201,8.070,backend-2,true
0.586,message,201,7.980,backend-2,true
0.586,message,201,8.200,backend-2,true
0.355,feed,200,241.500,backend-2,true
0.593,message,201,3.280,backend-3,true
0.589,message,201,7.480,backend-3,true
0.594,message,201,4.840,backend-2,true
0.592,message,201,7.030,backend-2,true
0.596,message,201,3.050,backend-2,true
0.593,message,201,6.630,backend-2,true
0.591,message,201,8.220,backend-2,true
0.593,message,201,6.180,backend-2,true
0.594,message,201,4.990,backend-2,true
0.593,message,201,6.020,backend-2,true
0.594,message,201,5.080,backend-2,true
0.184,feed,200,415.860,backend-1,true
0.214,feed,200,386.240,backend-3,true
0.594,message,201,6.650,backend-3,true
0.356,feed,200,245.500,backend-2,true
0.600,message,201,3.030,backend-2,true
0.599,message,201,3.470,backend-2,true
0.599,message,201,3.420,backend-2,true
0.599,message,201,3.490,backend-2,true
0.599,message,201,3.470,backend-2,true
0.597,message,201,6.190,backend-2,true
0.597,message,201,6.200,backend-2,true
0.184,feed,200,420.160,backend-1,true
0.356,feed,200,249.360,backend-2,true
0.213,feed,200,391.600,backend-3,true
0.599,message,201,6.370,backend-3,true
0.599,message,201,6.400,backend-3,true
0.599,message,201,6.400,backend-3,true
0.599,message,201,6.420,backend-3,true
0.601,message,201,4.740,backend-3,true
0.603,message,201,3.220,backend-3,true
0.603,message,201,4.260,backend-2,true
0.601,message,201,6.110,backend-2,true
0.603,message,201,4.280,backend-2,true
0.603,message,201,4.290,backend-2,true
0.604,message,201,2.820,backend-2,true
0.605,message,201,2.150,backend-2,true
0.603,message,201,4.440,backend-2,true
0.185,feed,200,424.530,backend-1,true
0.362,feed,200,247.410,backend-2,true
0.214,feed,200,395.730,backend-3,true
0.605,message,201,6.120,backend-3,true
0.607,message,201,4.060,backend-3,true
0.607,message,201,4.020,backend-3,true
0.607,message,201,3.980,backend-3,true
0.606,message,201,5.760,backend-2,true
0.606,message,201,5.750,backend-2,true
0.607,message,201,4.360,backend-2,true
0.606,message,201,5.680,backend-2,true
0.607,message,201,4.470,backend-2,true
0.606,message,201,5.600,backend-2,true
0.606,message,201,5.760,backend-2,true
0.607,message,201,4.420,backend-2,true
0.362,feed,200,250.450,backend-2,true
0.186,feed,200,427.030,backend-1,true
0.214,feed,200,400.350,backend-3,true
0.612,message,201,3.600,backend-3,true
0.611,message,201,4.120,backend-3,true
0.609,message,201,6.130,backend-3,true
0.367,feed,200,248.710,backend-2,true
0.612,message,201,4.650,backend-2,true
0.610,message,201,6.650,backend-2,true
0.612,message,201,4.720,backend-2,true
0.609,message,201,7.160,backend-2,true
0.612,message,201,4.610,backend-2,true
0.611,message,201,5.140,backend-2,true
0.613,message,201,3.070,backend-2,true
0.612,message,201,4.760,backend-2,true
0.612,message,201,4.770,backend-2,true
0.612,message,201,4.360,backend-2,true
0.187,feed,200,430.570,backend-1,true
0.219,feed,200,399.290,backend-3,true
0.370,feed,200,249.230,backend-2,true
0.378,feed,200,242.250,backend-2,true
0.616,message,201,4.290,backend-2,true
0.616,message,201,4.060,backend-2,true
0.616,message,201,4.060,backend-2,true
0.614,message,201,6.220,backend-2,true
0.616,message,201,4.010,backend-2,true
0.615,message,201,5.090,backend-2,true
0.616,message,201,4.030,backend-2,true
0.615,message,201,5.100,backend-2,true
0.616,message,201,4.170,backend-2,true
0.219,feed,200,402.210,backend-3,true
0.192,feed,200,429.450,backend-1,true
0.615,message,201,6.860,backend-3,true
0.617,message,201,5.620,backend-3,true
0.620,message,201,2.000,backend-3,true
0.617,message,201,4.900,backend-3,true
0.616,message,201,5.870,backend-3,true
0.378,feed,200,244.810,backend-2,true
0.618,message,201,5.480,backend-2,true
0.619,message,201,4.570,backend-2,true
0.620,message,201,3.520,backend-2,true
0.620,message,201,3.520,backend-2,true
0.621,message,201,2.640,backend-2,true
0.620,message,201,3.600,backend-2,true
0.622,message,201,1.850,backend-2,true
0.621,message,201,2.620,backend-2,true
0.219,feed,200,406.490,backend-3,true
0.192,feed,200,433.490,backend-1,true
0.620,message,201,7.130,backend-3,true
0.624,message,201,3.490,backend-3,true
0.379,feed,200,248.330,backend-2,true
0.624,message,201,3.600,backend-3,true
0.620,message,201,7.180,backend-3,true
0.624,message,201,3.740,backend-3,true
0.620,message,201,7.290,backend-3,true
0.620,message,201,7.420,backend-3,true
0.622,message,201,5.710,backend-3,true
0.626,message,201,3.580,backend-2,true
0.624,message,201,5.180,backend-2,true
0.626,message,201,3.590,backend-2,true
0.624,message,201,5.280,backend-2,true
0.624,message,201,5.330,backend-2,true
0.623,message,201,6.140,backend-2,true
0.622,message,201,7.110,backend-2,true
0.624,message,201,5.290,backend-2,true
0.624,message,201,5.420,backend-2,true
0.192,feed,200,438.160,backend-1,true
0.223,feed,200,407.630,backend-3,true
0.391,feed,200,240.670,backend-2,true
0.629,message,201,5.120,backend-2,true
0.629,message,201,5.070,backend-2,true
0.629,message,201,5.040,backend-2,true
0.629,message,201,5.230,backend-2,true
0.628,message,201,6.780,backend-2,true
0.627,message,201,6.990,backend-2,true
0.628,message,201,6.910,backend-2,true
0.629,message,201,5.220,backend-2,true
0.630,message,201,4.290,backend-2,true
0.628,message,201,7.250,backend-3,true
0.628,message,201,7.460,backend-3,true
0.628,message,201,7.380,backend-3,true
0.628,message,201,7.410,backend-3,true
0.628,message,201,7.140,backend-3,true
0.629,message,201,5.940,backend-3,true
0.629,message,201,6.170,backend-3,true
0.630,message,201,5.250,backend-3,true
0.391,feed,200,244.540,backend-2,true
0.192,feed,200,444.090,backend-1,true
0.223,feed,200,413.460,backend-3,true
0.634,message,201,4.360,backend-2,true
0.634,message,201,4.420,backend-2,true
0.632,message,201,6.930,backend-2,true
0.634,message,201,4.340,backend-2,true
0.634,message,201,4.530,backend-2,true
0.637,message,201,2.550,backend-2,true
0.635,message,201,3.700,backend-2,true
0.635,message,201,4.210,backend-2,true
0.635,message,201,4.230,backend-2,true
0.635,message,201,4.290,backend-2,true
0.635,message,201,4.300,backend-2,true
0.192,feed,200,448.720,backend-1,true
0.400,feed,200,242.420,backend-2,true
0.231,feed,200,412.090,backend-3,true
0.635,message,201,9.200,backend-3,true
0.634,message,201,9.510,backend-3,true
0.634,message,201,9.480,backend-3,true
0.634,message,201,9.530,backend-3,true
0.639,message,201,5.360,backend-3,true
0.637,message,201,7.700,backend-3,true
0.635,message,201,9.040,backend-3,true
0.635,message,201,8.880,backend-3,true
0.636,message,201,8.510,backend-3,true
0.639,message,201,5.540,backend-3,true
0.641,message,201,3.840,backend-2,true
0.639,message,201,5.970,backend-2,true
0.639,message,201,7.650,backend-3,true
0.639,message,201,7.770,backend-3,true
0.401,feed,200,246.640,backend-2,true
0.192,feed,200,455.450,backend-1,true
0.238,feed,200,411.410,backend-3,true
0.643,message,201,5.960,backend-2,true
0.644,message,201,5.220,backend-2,true
0.644,message,201,5.380,backend-2,true
0.644,message,201,5.060,backend-2,true
0.645,message,201,4.210,backend-2,true
0.644,message,201,7.250,backend-3,true
0.644,message,201,7.320,backend-3,true
0.645,message,201,6.650,backend-3,true
0.644,message,201,7.410,backend-3,true
0.407,feed,200,245.160,backend-2,true
0.648,message,201,4.010,backend-3,true
0.644,message,201,7.820,backend-3,true
0.642,message,201,10.190,backend-3,true
0.647,message,201,5.410,backend-3,true
0.193,feed,200,459.640,backend-1,true
0.648,message,201,5.270,backend-2,true
0.649,message,201,3.910,backend-2,true
0.647,message,201,6.250,backend-2,true
0.649,message,201,4.010,backend-2,true
0.649,message,201,4.250,backend-2,true
0.239,feed,200,415.550,backend-3,true
0.652,message,201,3.660,backend-3,true
0.649,message,201,5.970,backend-3,true
0.653,message,201,2.510,backend-3,true
0.652,message,201,3.670,backend-3,true
0.653,message,201,2.170,backend-3,true
0.652,message,201,3.360,backend-3,true
0.652,message,201,3.410,backend-3,true
0.410,feed,200,247.230,backend-2,true
0.193,feed,200,464.140,backend-1,true
0.243,feed,200,417.230,backend-3,true
0.652,message,201,10.640,backend-2,true
0.653,message,201,9.190,backend-2,true
0.652,message,201,9.970,backend-2,true
0.655,message,201,7.010,backend-2,true
0.655,message,201,7.110,backend-2,true
0.655,message,201,7.060,backend-3,true
0.653,message,201,8.950,backend-2,true
0.652,message,201,10.120,backend-2,true
0.654,message,201,7.870,backend-3,true
0.655,message,201,7.060,backend-2,true
0.655,message,201,7.080,backend-3,true
0.653,message,201,9.360,backend-3,true
0.652,message,201,10.430,backend-2,true
0.657,message,201,6.540,backend-2,true
0.658,message,201,6.300,backend-3,true
0.660,message,201,4.130,backend-3,true
0.410,feed,200,254.450,backend-2,true
0.194,feed,200,470.880,backend-1,true
0.243,feed,200,421.790,backend-3,true
0.662,message,201,7.070,backend-3,true
0.662,message,201,7.260,backend-3,true
0.662,message,201,7.230,backend-3,true
0.662,message,201,7.360,backend-3,true
0.664,message,201,5.400,backend-3,true
0.662,message,201,14.830,backend-2,true
0.662,message,201,14.870,backend-2,true
0.662,message,201,14.960,backend-2,true
0.662,message,201,15.080,backend-2,true
0.665,message,201,12.700,backend-2,true
0.662,message,201,15.100,backend-2,true
0.662,message,201,15.080,backend-2,true
0.663,message,201,14.190,backend-2,true
0.664,message,201,13.670,backend-2,true
0.665,message,201,12.980,backend-2,true
0.662,message,201,15.280,backend-2,true
0.664,message,201,13.780,backend-2,true
0.245,feed,200,432.970,backend-3,true
0.413,feed,200,265.490,backend-2,true
0.194,feed,200,484.380,backend-1,true
0.669,message,201,10.600,backend-3,true
0.670,message,201,11.690,backend-2,true
0.670,message,201,11.510,backend-2,true
0.677,message,201,7.540,backend-3,true
0.678,message,201,6.590,backend-3,true
0.417,feed,200,267.580,backend-2,true
0.677,message,201,7.510,backend-3,true
0.681,message,201,3.500,backend-3,true
0.678,message,201,7.220,backend-3,true
0.252,feed,200,433.340,backend-3,true
0.677,message,201,7.790,backend-2,true
0.678,message,201,7.600,backend-2,true
0.677,message,201,8.170,backend-2,true
0.678,message,201,7.190,backend-2,true
0.678,message,201,7.800,backend-2,true
0.678,message,201,7.690,backend-2,true
0.678,message,201,7.180,backend-2,true
0.678,message,201,7.740,backend-2,true
0.195,feed,200,490.230,backend-1,true
0.685,message,201,4.380,backend-3,true
0.685,message,201,4.880,backend-3,true
0.417,feed,200,272.430,backend-2,true
0.685,message,201,4.530,backend-3,true
0.685,message,201,4.990,backend-3,true
0.196,feed,200,493.460,backend-1,true
0.685,message,201,4.970,backend-3,true
0.252,feed,200,438.060,backend-3,true
0.685,message,201,6.180,backend-2,true
0.685,message,201,6.220,backend-2,true
0.685,message,201,5.980,backend-2,true
0.685,message,201,6.670,backend-2,true
0.685,message,201,6.660,backend-2,true
0.685,message,201,6.150,backend-2,true
0.685,message,201,6.130,backend-2,true
0.685,message,201,6.220,backend-2,true
0.420,feed,200,273.280,backend-2,true
0.198,feed,200,495.370,backend-1,true
0.256,feed,200,438.600,backend-3,true
0.690,message,201,5.240,backend-2,true
0.691,message,201,3.570,backend-2,true
0.691,message,201,3.640,backend-2,true
0.691,message,201,3.650,backend-2,true
0.690,message,201,6.740,backend-3,true
0.690,message,201,6.740,backend-3,true
0.690,message,201,6.760,backend-3,true
0.690,message,201,6.730,backend-3,true
0.690,message,201,6.300,backend-3,true
0.692,message,201,5.010,backend-3,true
0.421,feed,200,275.860,backend-2,true
0.690,message,201,6.840,backend-3,true
0.690,message,201,6.750,backend-3,true
0.198,feed,200,499.420,backend-1,true
0.256,feed,200,443.010,backend-3,true
0.697,message,201,3.700,backend-3,true
0.696,message,201,3.760,backend-3,true
0.694,message,201,6.630,backend-3,true
0.697,message,201,3.740,backend-3,true
0.697,message,201,3.760,backend-3,true
0.697,message,201,3.780,backend-3,true
0.426,feed,200,274.740,backend-2,true
0.694,message,201,7.150,backend-2,true
0.695,message,201,5.970,backend-2,true
0.695,message,201,6.100,backend-2,true
0.697,message,201,4.630,backend-2,true
0.698,message,201,3.340,backend-2,true
0.694,message,201,6.800,backend-2,true
0.697,message,201,4.680,backend-2,true
0.695,message,201,6.150,backend-2,true
0.202,feed,200,500.480,backend-1,true
0.259,feed,200,443.720,backend-3,true
0.700,message,201,3.750,backend-3,true
0.700,message,201,3.800,backend-3,true
0.699,message,201,5.450,backend-3,true
0.701,message,201,2.940,backend-3,true
0.701,message,201,2.990,backend-3,true
0.701,message,201,2.970,backend-3,true
0.426,feed,200,279.430,backend-2,true
0.701,message,201,5.460,backend-2,true
0.700,message,201,6.180,backend-2,true
0.700,message,201,6.200,backend-2,true
0.206,feed,200,500.620,backend-1,true
0.701,message,201,5.880,backend-2,true
0.701,message,201,5.290,backend-2,true
0.704,message,201,2.560,backend-2,true
0.702,message,201,4.360,backend-2,true
0.701,message,201,5.520,backend-2,true
0.704,message,201,2.620,backend-2,true
0.702,message,201,4.280,backend-2,true
0.704,message,201,2.590,backend-2,true
0.704,message,201,2.640,backend-2,true
0.704,message,201,2.660,backend-2,true
0.704,message,201,2.700,backend-2,true
0.701,message,201,5.690,backend-2,true
0.263,feed,200,444.360,backend-3,true
0.431,feed,200,278.980,backend-2,true
0.207,feed,200,503.720,backend-1,true
0.266,feed,200,445.730,backend-3,true
0.707,message,201,5.110,backend-3,true
0.706,message,201,5.360,backend-3,true
0.706,message,201,6.340,backend-3,true
0.436,feed,200,275.740,backend-2,true
0.706,message,201,6.480,backend-2,true
0.706,message,201,6.480,backend-2,true
0.707,message,201,5.860,backend-2,true
0.707,message,201,6.430,backend-2,true
0.707,message,201,6.500,backend-2,true
0.711,message,201,2.520,backend-2,true
0.706,message,201,6.750,backend-2,true
0.707,message,201,6.570,backend-2,true
0.707,message,201,6.520,backend-2,true
0.707,message,201,6.570,backend-2,true
0.707,message,201,6.580,backend-2,true
0.207,feed,200,507.650,backend-1,true
0.710,message,201,5.520,backend-3,true
0.712,message,201,3.490,backend-3,true
0.713,message,201,2.220,backend-3,true
0.712,message,201,3.560,backend-3,true
0.712,message,201,3.510,backend-3,true
0.713,message,201,2.190,backend-3,true
0.437,feed,200,279.250,backend-2,true
0.266,feed,200,451.760,backend-3,true
0.713,message,201,4.930,backend-2,true
0.713,message,201,4.870,backend-2,true
0.712,message,201,6.310,backend-2,true
0.713,message,201,5.270,backend-2,true
0.712,message,201,6.600,backend-2,true
0.713,message,201,5.360,backend-2,true
0.713,message,201,5.090,backend-2,true
0.713,message,201,4.990,backend-2,true
0.715,message,201,3.050,backend-2,true
0.207,feed,200,512.930,backend-1,true
0.437,feed,200,283.740,backend-2,true
0.715,message,201,6.650,backend-2,true
0.718,message,201,3.910,backend-2,true
0.718,message,201,3.780,backend-2,true
0.718,message,201,4.240,backend-2,true
0.718,message,201,3.970,backend-2,true
0.716,message,201,6.180,backend-2,true
0.715,message,201,8.040,backend-3,true
0.715,message,201,7.660,backend-3,true
0.715,message,201,7.860,backend-3,true
0.266,feed,200,456.720,backend-3,true
0.718,message,201,4.930,backend-3,true
0.715,message,201,7.800,backend-3,true
0.718,message,201,4.970,backend-3,true
0.718,message,201,5.110,backend-3,true
0.207,feed,200,517.480,backend-1,true
0.722,message,201,5.270,backend-3,true
0.720,message,201,6.950,backend-3,true
0.722,message,201,5.360,backend-3,true
0.720,message,201,7.220,backend-3,true
0.723,message,201,4.370,backend-3,true
0.722,message,201,5.260,backend-3,true
0.723,message,201,4.210,backend-3,true
0.723,message,201,4.440,backend-3,true
0.271,feed,200,458.260,backend-3,true
0.209,feed,200,520.740,backend-1,true
0.725,message,201,5.860,backend-3,true
0.727,message,201,3.270,backend-3,true
0.727,message,201,3.340,backend-3,true
0.727,message,201,3.330,backend-3,true
0.727,message,201,3.320,backend-3,true
0.727,message,201,3.420,backend-3,true
0.271,feed,200,461.630,backend-3,true
0.214,feed,200,520.300,backend-1,true
0.276,feed,200,459.500,backend-3,true
0.731,message,201,4.870,backend-3,true
0.214,feed,200,523.470,backend-1,true
0.277,feed,200,461.120,backend-3,true
0.279,feed,200,459.640,backend-3,true
0.284,feed,200,455.960,backend-3,true
0.220,feed,200,520.040,backend-1,true
0.288,feed,200,452.390,backend-3,true
0.226,feed,200,515.070,backend-1,true
0.288,feed,200,453.080,backend-3,true
0.231,feed,200,510.540,backend-1,true
0.288,feed,200,453.980,backend-3,true
0.241,feed,200,501.840,backend-1,true
0.737,message,201,5.690,backend-3,true
0.288,feed,200,455.060,backend-3,true
0.246,feed,200,498.130,backend-1,true
0.739,message,201,5.270,backend-1,true
0.742,message,201,2.480,backend-1,true
0.741,message,201,3.510,backend-1,true
0.741,message,201,3.350,backend-1,true
0.246,feed,200,501.090,backend-1,true
0.289,feed,200,458.650,backend-3,true
0.249,feed,200,499.180,backend-1,true
0.253,feed,200,495.320,backend-1,true
0.743,message,201,5.590,backend-1,true
0.295,feed,200,454.710,backend-3,true
0.253,feed,200,498.160,backend-1,true
0.259,feed,200,493.430,backend-1,true
0.259,feed,200,494.310,backend-1,true
0.295,feed,200,457.460,backend-3,true
0.259,feed,200,495.110,backend-1,true
0.301,feed,200,453.290,backend-3,true
0.261,feed,200,493.800,backend-1,true
0.301,feed,200,454.240,backend-3,true
0.271,feed,200,484.250,backend-1,true
0.302,feed,200,453.460,backend-3,true
0.276,feed,200,480.450,backend-1,true
0.306,feed,200,450.820,backend-3,true
0.751,message,201,5.620,backend-1,true
0.755,message,201,2.540,backend-1,true
0.754,message,201,3.220,backend-1,true
0.753,message,201,4.230,backend-1,true
0.277,feed,200,480.910,backend-1,true
0.277,feed,200,482.940,backend-1,true
0.308,feed,200,452.930,backend-3,true
0.279,feed,200,481.400,backend-1,true
0.295,feed,200,466.230,backend-1,true
0.311,feed,200,450.340,backend-3,true
0.311,feed,200,451.240,backend-3,true
0.296,feed,200,466.760,backend-1,true
0.302,feed,200,461.670,backend-1,true
0.312,feed,200,452.950,backend-3,true
0.306,feed,200,460.000,backend-1,true
0.314,feed,200,451.970,backend-3,true
0.317,feed,200,449.980,backend-1,true
0.315,feed,200,452.800,backend-3,true
0.317,feed,200,451.290,backend-1,true
0.317,feed,200,452.190,backend-3,true
0.317,feed,200,453.550,backend-3,true
0.317,feed,200,453.720,backend-1,true
0.447,feed,200,323.690,backend-2,true
0.723,message,201,48.470,backend-2,true
0.723,message,201,48.520,backend-2,true
0.767,message,201,4.190,backend-1,true
0.722,message,201,49.380,backend-2,true
0.722,message,201,49.410,backend-2,true
0.766,message,201,6.070,backend-1,true
0.764,message,201,7.750,backend-1,true
0.742,message,201,30.220,backend-2,true
0.744,message,201,28.350,backend-2,true
0.755,message,201,17.560,backend-2,true
0.744,message,201,28.380,backend-2,true
0.753,message,201,19.520,backend-2,true
0.744,message,201,28.470,backend-2,true
0.754,message,201,18.800,backend-2,true
0.744,message,201,28.380,backend-2,true
0.752,message,201,20.550,backend-2,true
0.738,message,201,34.670,backend-2,true
0.747,message,201,25.800,backend-2,true
0.750,message,201,22.740,backend-2,true
0.747,message,201,25.420,backend-2,true
0.748,message,201,24.850,backend-2,true
0.749,message,201,23.840,backend-2,true
0.749,message,201,24.000,backend-2,true
0.743,message,201,29.930,backend-2,true
0.731,message,201,41.940,backend-2,true
0.733,message,201,39.840,backend-2,true
0.734,message,201,38.430,backend-2,true
0.730,message,201,42.790,backend-2,true
0.743,message,201,29.460,backend-2,true
0.729,message,201,43.370,backend-2,true
0.727,message,201,45.310,backend-2,true
0.735,message,201,37.410,backend-2,true
0.731,message,201,42.110,backend-2,true
0.740,message,201,33.210,backend-2,true
0.731,message,201,42.030,backend-2,true
0.741,message,201,31.580,backend-2,true
0.731,message,201,42.020,backend-2,true
0.740,message,201,33.070,backend-2,true
0.744,message,201,29.030,backend-2,true
0.762,message,201,11.220,backend-2,true
0.757,message,201,15.980,backend-2,true
0.761,message,201,12.370,backend-2,true
0.736,message,201,37.260,backend-2,true
0.757,message,201,15.810,backend-2,true
0.760,message,201,13.180,backend-2,true
0.757,message,201,15.860,backend-2,true
0.755,message,201,17.480,backend-2,true
0.756,message,201,16.470,backend-2,true
0.757,message,201,15.810,backend-2,true
0.761,message,201,12.270,backend-2,true
0.756,message,201,17.070,backend-2,true
0.757,message,201,15.920,backend-2,true
0.757,message,201,15.530,backend-2,true
0.763,message,201,10.970,backend-2,true
0.763,message,201,10.950,backend-2,true
0.765,message,201,8.790,backend-2,true
0.762,message,201,11.930,backend-2,true
0.772,message,201,3.600,backend-1,true
0.772,message,201,3.640,backend-1,true
0.768,message,201,7.140,backend-1,true
0.772,message,201,3.600,backend-1,true
0.772,message,201,3.720,backend-1,true
0.772,message,201,3.650,backend-1,true
0.320,feed,200,457.240,backend-3,true
0.448,feed,200,329.350,backend-2,true
0.317,feed,200,460.820,backend-1,true
0.773,message,201,7.750,backend-1,true
0.772,message,201,8.330,backend-1,true
0.773,message,201,8.090,backend-1,true
0.766,message,201,14.650,backend-2,true
0.772,message,201,8.640,backend-1,true
0.773,message,201,8.560,backend-1,true
0.772,message,201,8.630,backend-1,true
0.767,message,201,14.390,backend-2,true
0.773,message,201,8.470,backend-1,true
0.773,message,201,8.220,backend-1,true
0.774,message,201,7.560,backend-1,true
0.773,message,201,8.250,backend-1,true
0.775,message,201,5.980,backend-1,true
0.772,message,201,8.810,backend-1,true
0.773,message,201,8.670,backend-1,true
0.773,message,201,9.000,backend-2,true
0.770,message,201,11.330,backend-2,true
0.769,message,201,12.800,backend-2,true
0.773,message,201,8.970,backend-2,true
0.772,message,201,10.200,backend-2,true
0.770,message,201,11.420,backend-2,true
0.771,message,201,10.860,backend-2,true
0.772,message,201,10.230,backend-2,true
0.773,message,201,9.200,backend-2,true
0.773,message,201,9.240,backend-2,true
0.773,message,201,9.220,backend-2,true
0.773,message,201,9.180,backend-2,true
0.773,message,201,9.220,backend-2,true
0.317,feed,200,465.260,backend-1,true
0.773,message,201,9.150,backend-2,true
0.773,message,201,10.020,backend-2,true
0.773,message,201,10.120,backend-2,true
0.773,message,201,10.170,backend-2,true
0.773,message,201,10.070,backend-2,true
0.774,message,201,9.370,backend-2,true
0.774,message,201,9.420,backend-2,true
0.774,message,201,9.490,backend-2,true
0.775,message,201,7.870,backend-2,true
0.775,message,201,7.930,backend-2,true
0.773,message,201,10.570,backend-2,true
0.773,message,201,10.230,backend-2,true
0.775,message,201,7.990,backend-2,true
0.773,message,201,10.670,backend-2,true
0.773,message,201,10.650,backend-2,true
0.772,message,201,10.800,backend-2,true
0.772,message,201,10.730,backend-2,true
0.773,message,201,10.290,backend-2,true
0.773,message,201,10.580,backend-2,true
0.773,message,201,10.680,backend-2,true
0.773,message,201,10.400,backend-2,true
0.773,message,201,10.720,backend-2,true
0.773,message,201,10.380,backend-2,true
0.773,message,201,10.540,backend-2,true
0.773,message,201,10.480,backend-2,true
0.773,message,201,10.380,backend-2,true
0.773,message,201,10.740,backend-2,true
0.773,message,201,10.490,backend-2,true
0.772,message,201,11.020,backend-2,true
0.773,message,201,10.550,backend-2,true
0.773,message,201,10.830,backend-2,true
0.773,message,201,10.610,backend-2,true
0.452,feed,200,331.600,backend-2,true
0.320,feed,200,464.410,backend-3,true
0.781,message,201,4.140,backend-2,true
0.777,message,201,7.280,backend-2,true
0.778,message,201,7.100,backend-2,true
0.778,message,201,7.760,backend-1,true
0.781,message,201,4.570,backend-1,true
0.781,message,201,4.650,backend-1,true
0.781,message,201,4.740,backend-1,true
0.781,message,201,4.930,backend-1,true
0.452,feed,200,336.950,backend-2,true
0.786,message,201,4.130,backend-2,true
0.782,message,201,7.890,backend-2,true
0.783,message,201,6.330,backend-2,true
0.785,message,201,4.410,backend-2,true
0.782,message,201,7.890,backend-2,true
0.786,message,201,4.090,backend-2,true
0.785,message,201,5.300,backend-2,true
0.782,message,201,7.950,backend-2,true
0.320,feed,200,469.740,backend-1,true
0.782,message,201,8.090,backend-2,true
0.783,message,201,6.790,backend-2,true
0.786,message,201,4.220,backend-2,true
0.783,message,201,6.620,backend-2,true
0.782,message,201,8.060,backend-2,true
0.783,message,201,6.730,backend-2,true
0.783,message,201,6.520,backend-2,true
0.783,message,201,6.730,backend-2,true
0.783,message,201,6.470,backend-2,true
0.785,message,201,5.190,backend-2,true
0.782,message,201,7.940,backend-2,true
0.782,message,201,8.140,backend-2,true
0.783,message,201,6.880,backend-2,true
0.325,feed,200,466.140,backend-3,true
0.781,message,201,10.300,backend-1,true
0.781,message,201,10.400,backend-1,true
0.781,message,201,10.370,backend-1,true
0.781,message,201,10.420,backend-1,true
0.781,message,201,10.500,backend-1,true
0.781,message,201,10.460,backend-1,true
0.781,message,201,10.510,backend-1,true
0.781,message,201,10.480,backend-1,true
0.781,message,201,10.530,backend-1,true
0.782,message,201,9.880,backend-1,true
0.782,message,201,9.760,backend-1,true
0.782,message,201,9.890,backend-1,true
0.783,message,201,8.710,backend-1,true
0.782,message,201,9.890,backend-1,true
0.782,message,201,9.820,backend-1,true
0.783,message,201,8.730,backend-1,true
0.782,message,201,9.940,backend-1,true
0.783,message,201,8.970,backend-1,true
0.782,message,201,9.920,backend-1,true
0.783,message,201,8.860,backend-1,true
0.783,message,201,8.890,backend-1,true
0.783,message,201,9.140,backend-1,true
0.783,message,201,9.110,backend-1,true
0.783,message,201,9.240,backend-1,true
0.783,message,201,9.300,backend-1,true
0.783,message,201,9.060,backend-1,true
0.783,message,201,9.060,backend-1,true
0.783,message,201,8.870,backend-1,true
0.783,message,201,9.020,backend-1,true
0.783,message,201,8.920,backend-1,true
0.783,message,201,8.890,backend-1,true
0.783,message,201,8.890,backend-1,true
0.783,message,201,9.010,backend-1,true
0.783,message,201,9.040,backend-1,true
0.784,message,201,8.880,backend-1,true
0.783,message,201,9.190,backend-1,true
0.783,message,201,9.100,backend-1,true
0.785,message,201,7.750,backend-1,true
0.785,message,201,7.780,backend-1,true
0.790,message,201,3.190,backend-1,true
0.789,message,201,3.810,backend-1,true
0.790,message,201,3.210,backend-1,true
0.790,message,201,3.300,backend-1,true
0.786,message,201,7.540,backend-1,true
0.790,message,201,3.370,backend-1,true
0.456,feed,200,339.470,backend-2,true
0.322,feed,200,474.050,backend-1,true
0.325,feed,200,472.180,backend-3,true
0.790,message,201,8.450,backend-1,true
0.792,message,201,7.430,backend-1,true
0.792,message,201,6.800,backend-1,true
0.792,message,201,7.330,backend-1,true
0.792,message,201,6.950,backend-1,true
0.792,message,201,6.930,backend-1,true
0.792,message,201,7.500,backend-1,true
0.792,message,201,7.040,backend-1,true
0.792,message,201,7.380,backend-1,true
0.792,message,201,7.660,backend-1,true
0.792,message,201,7.060,backend-1,true
0.792,message,201,7.470,backend-1,true
0.792,message,201,7.200,backend-1,true
0.790,message,201,9.470,backend-1,true
0.792,message,201,7.650,backend-1,true
0.792,message,201,7.070,backend-1,true
0.792,message,201,7.170,backend-1,true
0.791,message,201,8.000,backend-1,true
0.792,message,201,7.230,backend-1,true
0.792,message,201,7.500,backend-1,true
0.791,message,201,8.430,backend-1,true
0.792,message,201,7.730,backend-1,true
0.792,message,201,7.720,backend-1,true
0.792,message,201,6.990,backend-1,true
0.792,message,201,7.150,backend-1,true
0.792,message,201,7.550,backend-1,true
0.792,message,201,7.280,backend-1,true
0.792,message,201,7.140,backend-1,true
0.793,message,201,6.630,backend-1,true
0.792,message,201,7.420,backend-1,true
0.793,message,201,6.690,backend-1,true
0.793,message,201,6.660,backend-1,true
0.793,message,201,6.770,backend-1,true
0.790,message,201,10.310,backend-2,true
0.790,message,201,10.270,backend-2,true
0.790,message,201,10.330,backend-2,true
0.790,message,201,10.350,backend-2,true
0.790,message,201,10.670,backend-2,true
0.790,message,201,10.550,backend-2,true
0.790,message,201,10.760,backend-2,true
0.790,message,201,10.710,backend-2,true
0.790,message,201,10.600,backend-2,true
0.790,message,201,10.600,backend-2,true
0.792,message,201,8.890,backend-2,true
0.792,message,201,9.010,backend-2,true
0.790,message,201,10.760,backend-2,true
0.790,message,201,10.750,backend-2,true
0.792,message,201,8.940,backend-2,true
0.792,message,201,8.960,backend-2,true
0.325,feed,200,476.120,backend-1,true
0.796,message,201,5.860,backend-2,true
0.798,message,201,3.740,backend-2,true
0.796,message,201,6.820,backend-1,true
0.797,message,201,5.480,backend-1,true
0.799,message,201,3.380,backend-1,true
0.799,message,201,3.380,backend-1,true
0.460,feed,200,343.280,backend-2,true
0.325,feed,200,478.980,backend-3,true
0.331,feed,200,474.150,backend-1,true
0.800,message,201,8.070,backend-1,true
0.799,message,201,8.400,backend-1,true
0.800,message,201,8.390,backend-1,true
0.799,message,201,8.510,backend-1,true
0.799,message,201,8.590,backend-1,true
0.799,message,201,8.600,backend-1,true
0.799,message,201,8.620,backend-1,true
0.802,message,201,6.010,backend-1,true
0.801,message,201,7.490,backend-1,true
0.799,message,201,8.600,backend-1,true
0.800,message,201,7.540,backend-1,true
0.804,message,201,4.170,backend-1,true
0.801,message,201,7.480,backend-1,true
0.800,message,201,7.600,backend-1,true
0.803,message,201,5.380,backend-1,true
0.801,message,201,7.060,backend-1,true
0.460,feed,200,348.010,backend-2,true
0.803,message,201,4.800,backend-1,true
0.801,message,201,7.560,backend-1,true
0.800,message,201,7.920,backend-1,true
0.801,message,201,7.600,backend-1,true
0.800,message,201,8.290,backend-1,true
0.800,message,201,8.310,backend-1,true
0.801,message,201,7.500,backend-1,true
0.336,feed,200,472.570,backend-1,true
0.331,feed,200,477.670,backend-3,true
0.803,message,201,7.050,backend-2,true
0.805,message,201,4.220,backend-2,true
0.803,message,201,7.050,backend-2,true
0.464,feed,200,348.390,backend-2,true
0.336,feed,200,476.930,backend-1,true
0.809,message,201,5.460,backend-2,true
0.810,message,201,4.740,backend-2,true
0.808,message,201,6.340,backend-2,true
0.331,feed,200,483.560,backend-3,true
0.810,message,201,6.180,backend-1,true
0.808,message,201,7.810,backend-1,true
0.808,message,201,7.930,backend-1,true
0.808,message,201,7.830,backend-1,true
0.808,message,201,7.790,backend-1,true
0.808,message,201,7.900,backend-1,true
0.808,message,201,7.870,backend-1,true
0.808,message,201,7.850,backend-1,true
0.809,message,201,7.290,backend-1,true
0.810,message,201,6.350,backend-1,true
0.808,message,201,7.950,backend-1,true
0.465,feed,200,352.330,backend-2,true
0.336,feed,200,481.580,backend-1,true
0.331,feed,200,488.620,backend-3,true
0.816,message,201,4.170,backend-1,true
0.813,message,201,7.450,backend-1,true
0.813,message,201,6.970,backend-1,true
0.816,message,201,4.180,backend-1,true
0.816,message,201,4.240,backend-1,true
0.814,message,201,5.820,backend-1,true
0.816,message,201,4.380,backend-1,true
0.816,message,201,4.370,backend-1,true
0.816,message,201,4.350,backend-1,true
0.814,message,201,5.880,backend-1,true
0.816,message,201,4.270,backend-1,true
0.817,message,201,3.420,backend-1,true
0.814,message,201,6.390,backend-2,true
0.816,message,201,4.920,backend-2,true
0.816,message,201,4.890,backend-2,true
0.815,message,201,6.150,backend-2,true
0.337,feed,200,484.680,backend-1,true
0.467,feed,200,355.230,backend-2,true
0.820,message,201,4.240,backend-1,true
0.820,message,201,4.620,backend-1,true
0.820,message,201,4.290,backend-1,true
0.818,message,201,6.470,backend-1,true
0.820,message,201,4.200,backend-1,true
0.822,message,201,2.530,backend-1,true
0.820,message,201,4.270,backend-1,true
0.820,message,201,4.270,backend-1,true
0.821,message,201,3.650,backend-1,true
0.820,message,201,4.520,backend-1,true
0.820,message,201,4.450,backend-1,true
0.339,feed,200,486.400,backend-1,true
0.338,feed,200,487.510,backend-3,true
0.821,message,201,6.040,backend-2,true
0.821,message,201,6.000,backend-2,true
0.825,message,201,2.280,backend-2,true
0.820,message,201,6.880,backend-2,true
0.825,message,201,2.350,backend-2,true
0.820,message,201,6.730,backend-2,true
0.821,message,201,5.750,backend-2,true
0.469,feed,200,358.710,backend-2,true
0.344,feed,200,486.780,backend-1,true
0.338,feed,200,492.570,backend-3,true
0.825,message,201,6.510,backend-1,true
0.825,message,201,6.560,backend-1,true
0.824,message,201,6.620,backend-1,true
0.826,message,201,5.430,backend-1,true
0.825,message,201,6.770,backend-1,true
0.825,message,201,6.830,backend-1,true
0.827,message,201,3.890,backend-1,true
0.824,message,201,6.900,backend-1,true
0.825,message,201,6.810,backend-1,true
0.825,message,201,6.860,backend-1,true
0.826,message,201,5.590,backend-1,true
0.469,feed,200,363.820,backend-2,true
0.827,message,201,6.080,backend-2,true
0.827,message,201,6.250,backend-2,true
0.827,message,201,6.250,backend-2,true
0.831,message,201,2.420,backend-2,true
0.827,message,201,6.310,backend-2,true
0.351,feed,200,483.380,backend-1,true
0.344,feed,200,492.080,backend-3,true
0.471,feed,200,366.220,backend-2,true
0.833,message,201,4.180,backend-2,true
0.833,message,201,4.240,backend-2,true
0.834,message,201,3.450,backend-2,true
0.831,message,201,6.400,backend-2,true
0.831,message,201,6.070,backend-2,true
0.831,message,201,6.530,backend-2,true
0.357,feed,200,481.520,backend-1,true
0.831,message,201,7.070,backend-1,true
0.831,message,201,7.250,backend-1,true
0.831,message,201,7.100,backend-1,true
0.831,message,201,7.180,backend-1,true
0.831,message,201,7.490,backend-1,true
0.833,message,201,5.540,backend-1,true
0.833,message,201,5.450,backend-1,true
0.836,message,201,2.790,backend-1,true
0.833,message,201,5.910,backend-1,true
0.345,feed,200,495.780,backend-3,true
0.474,feed,200,367.190,backend-2,true
0.837,message,201,6.660,backend-2,true
0.837,message,201,7.180,backend-2,true
0.837,message,201,6.690,backend-2,true
0.837,message,201,6.730,backend-2,true
0.838,message,201,6.830,backend-2,true
0.837,message,201,7.200,backend-1,true
0.474,feed,200,370.460,backend-2,true
0.360,feed,200,485.170,backend-3,true
0.474,feed,200,375.650,backend-2,true
0.362,feed,200,489.090,backend-3,true
0.474,feed,200,376.950,backend-2,true
0.366,feed,200,485.790,backend-3,true
0.478,feed,200,373.870,backend-2,true
0.367,feed,200,485.460,backend-3,true
0.479,feed,200,374.020,backend-2,true
0.367,feed,200,486.430,backend-3,true
0.485,feed,200,368.660,backend-2,true
0.370,feed,200,484.550,backend-3,true
0.485,feed,200,369.650,backend-2,true
0.370,feed,200,485.130,backend-3,true
0.491,feed,200,365.090,backend-2,true
0.373,feed,200,483.210,backend-3,true
0.491,feed,200,365.520,backend-2,true
0.374,feed,200,483.560,backend-3,true
0.491,feed,200,366.450,backend-2,true
0.392,feed,200,466.110,backend-3,true
0.497,feed,200,361.430,backend-2,true
0.392,feed,200,467.180,backend-3,true
0.505,feed,200,354.480,backend-2,true
0.398,feed,200,462.400,backend-3,true
0.505,feed,200,355.830,backend-2,true
0.399,feed,200,462.060,backend-3,true
0.404,feed,200,458.150,backend-3,true
0.506,feed,200,356.910,backend-2,true
0.404,feed,200,458.990,backend-3,true
0.510,feed,200,353.560,backend-2,true
0.407,feed,200,457.430,backend-3,true
0.510,feed,200,354.570,backend-2,true
0.410,feed,200,455.120,backend-3,true
0.511,feed,200,354.340,backend-2,true
0.412,feed,200,453.770,backend-3,true
0.511,feed,200,355.240,backend-2,true
0.414,feed,200,452.610,backend-3,true
0.515,feed,200,352.020,backend-2,true
0.414,feed,200,453.570,backend-3,true
0.522,feed,200,346.080,backend-2,true
0.417,feed,200,451.620,backend-3,true
0.522,feed,200,347.310,backend-2,true
0.420,feed,200,450.070,backend-3,true
0.523,feed,200,348.170,backend-2,true
0.421,feed,200,451.220,backend-3,true
0.528,feed,200,343.540,backend-2,true
0.421,feed,200,452.050,backend-3,true
0.531,feed,200,341.800,backend-2,true
0.537,feed,200,336.230,backend-2,true
0.424,feed,200,449.320,backend-3,true
0.424,feed,200,450.190,backend-3,true
0.538,feed,200,336.220,backend-2,true
0.539,feed,200,336.400,backend-2,true
0.436,feed,200,439.310,backend-3,true
0.441,feed,200,435.890,backend-3,true
0.548,feed,200,329.050,backend-2,true
0.548,feed,200,329.610,backend-2,true
0.441,feed,200,436.420,backend-3,true
0.551,feed,200,327.870,backend-2,true
0.441,feed,200,437.580,backend-3,true
0.441,feed,200,438.340,backend-3,true
0.551,feed,200,328.780,backend-2,true
0.551,feed,200,329.590,backend-2,true
0.553,feed,200,328.310,backend-2,true
0.559,feed,200,323.140,backend-2,true
0.564,feed,200,319.320,backend-2,true
0.568,feed,200,316.300,backend-2,true
0.570,feed,200,315.950,backend-2,true
0.570,feed,200,318.830,backend-2,true
0.572,feed,200,317.670,backend-2,true
0.574,feed,200,317.000,backend-2,true
0.579,feed,200,312.510,backend-2,true
0.579,feed,200,313.420,backend-2,true
0.579,feed,200,314.350,backend-2,true
0.586,feed,200,308.460,backend-2,true
0.586,feed,200,309.360,backend-2,true
0.587,feed,200,310.400,backend-2,true
0.589,feed,200,308.460,backend-2,true
0.594,feed,200,304.250,backend-2,true
0.599,feed,200,299.930,backend-2,true
0.603,feed,200,297.300,backend-2,true
0.606,feed,200,295.100,backend-2,true
0.607,feed,200,294.650,backend-2,true
0.611,feed,200,291.410,backend-2,true
0.611,feed,200,292.250,backend-2,true
0.616,feed,200,287.960,backend-2,true
0.616,feed,200,288.700,backend-2,true
0.620,feed,200,285.820,backend-2,true
0.627,feed,200,279.620,backend-2,true
0.629,feed,200,278.840,backend-2,true
0.629,feed,200,279.750,backend-2,true
0.634,feed,200,275.460,backend-2,true
0.639,feed,200,271.900,backend-2,true
0.639,feed,200,272.910,backend-2,true
0.639,feed,200,273.690,backend-2,true
0.639,feed,200,274.900,backend-2,true
0.644,feed,200,271.180,backend-2,true
0.644,feed,200,272.250,backend-2,true
0.649,feed,200,268.200,backend-2,true
0.695,feed,200,223.560,backend-1,true
0.649,feed,200,269.430,backend-2,true
0.773,feed,200,146.530,backend-1,true
0.652,feed,200,268.080,backend-2,true
0.775,feed,200,145.190,backend-1,true
0.653,feed,200,267.270,backend-2,true
0.775,feed,200,146.390,backend-1,true
0.655,feed,200,266.600,backend-2,true
0.781,feed,200,141.130,backend-1,true
0.662,feed,200,260.400,backend-2,true
0.790,feed,200,133.340,backend-1,true
0.677,feed,200,246.200,backend-2,true
0.792,feed,200,132.260,backend-1,true
0.678,feed,200,246.750,backend-2,true
0.792,feed,200,133.090,backend-1,true
0.678,feed,200,247.670,backend-2,true
0.792,feed,200,133.410,backend-1,true
0.680,feed,200,246.140,backend-2,true
0.792,feed,200,134.260,backend-1,true
0.681,feed,200,245.820,backend-2,true
0.792,feed,200,135.160,backend-1,true
0.691,feed,200,236.760,backend-2,true
0.792,feed,200,135.940,backend-1,true
0.692,feed,200,237.600,backend-2,true
0.792,feed,200,137.800,backend-1,true
0.691,feed,200,238.730,backend-2,true
0.792,feed,200,138.680,backend-1,true
0.691,feed,200,239.660,backend-2,true
0.793,feed,200,138.760,backend-1,true
0.697,feed,200,235.440,backend-2,true
0.793,feed,200,139.550,backend-1,true
0.700,feed,200,232.600,backend-2,true
0.799,feed,200,134.150,backend-1,true
0.701,feed,200,232.440,backend-2,true
0.799,feed,200,134.640,backend-1,true
0.707,feed,200,227.780,backend-2,true
0.799,feed,200,135.430,backend-1,true
0.707,feed,200,228.570,backend-2,true
0.799,feed,200,136.270,backend-1,true
0.713,feed,200,222.870,backend-2,true
0.799,feed,200,137.090,backend-1,true
0.718,feed,200,218.700,backend-2,true
0.799,feed,200,137.840,backend-1,true
0.722,feed,200,215.580,backend-2,true
0.799,feed,200,138.610,backend-1,true
0.723,feed,200,215.370,backend-2,true
0.799,feed,200,139.320,backend-1,true
0.799,feed,200,140.080,backend-1,true
0.723,feed,200,216.270,backend-2,true
0.799,feed,200,140.850,backend-1,true
0.727,feed,200,213.020,backend-2,true
0.799,feed,200,141.590,backend-1,true
0.773,feed,200,168.440,backend-2,true
0.799,feed,200,142.300,backend-1,true
0.782,feed,200,160.160,backend-2,true
0.799,feed,200,143.030,backend-1,true
0.783,feed,200,159.840,backend-2,true
0.799,feed,200,144.110,backend-1,true
0.783,feed,200,160.980,backend-2,true
0.799,feed,200,145.470,backend-1,true
0.783,feed,200,161.910,backend-2,true
0.799,feed,200,146.010,backend-1,true
0.790,feed,200,156.130,backend-2,true
0.799,feed,200,146.820,backend-1,true
0.790,feed,200,157.010,backend-2,true
0.799,feed,200,147.600,backend-1,true
0.800,feed,200,148.120,backend-1,true
0.790,feed,200,158.040,backend-2,true
0.800,feed,200,148.700,backend-1,true
0.792,feed,200,157.180,backend-2,true
0.800,feed,200,149.100,backend-1,true
0.802,feed,200,147.550,backend-2,true
0.800,feed,200,149.800,backend-1,true
0.816,feed,200,134.570,backend-2,true
0.800,feed,200,150.500,backend-1,true
0.816,feed,200,135.550,backend-2,true
0.801,feed,200,150.920,backend-1,true
0.801,feed,200,151.610,backend-1,true
0.820,feed,200,132.030,backend-2,true
0.801,feed,200,152.520,backend-1,true
0.820,feed,200,132.910,backend-2,true
0.800,feed,200,153.360,backend-1,true
0.827,feed,200,127.100,backend-2,true
0.800,feed,200,154.260,backend-1,true
0.831,feed,200,123.660,backend-2,true
0.452,feed,200,503.000,backend-3,true
0.803,feed,200,152.920,backend-1,true
0.452,feed,200,503.360,backend-3,true
0.831,feed,200,124.360,backend-2,true
0.808,feed,200,148.550,backend-1,true
0.452,feed,200,504.140,backend-3,true
0.833,feed,200,123.400,backend-2,true
0.456,feed,200,500.940,backend-3,true
0.808,feed,200,149.410,backend-1,true
0.837,feed,200,119.930,backend-2,true
0.808,feed,200,149.860,backend-1,true
0.460,feed,200,498.040,backend-3,true
0.839,feed,200,119.690,backend-2,true
0.808,feed,200,150.600,backend-1,true
0.467,feed,200,492.170,backend-3,true
0.808,feed,200,151.260,backend-1,true
0.469,feed,200,490.850,backend-3,true
0.808,feed,200,151.940,backend-1,true
0.471,feed,200,489.720,backend-3,true
0.808,feed,200,152.700,backend-1,true
0.474,feed,200,486.580,backend-3,true
0.808,feed,200,153.220,backend-1,true
0.474,feed,200,487.340,backend-3,true
0.808,feed,200,153.860,backend-1,true
0.475,feed,200,487.290,backend-3,true
0.808,feed,200,154.600,backend-1,true
0.478,feed,200,484.990,backend-3,true
0.808,feed,200,155.300,backend-1,true
0.484,feed,200,480.000,backend-3,true
0.808,feed,200,156.050,backend-1,true
0.484,feed,200,480.630,backend-3,true
0.808,feed,200,156.670,backend-1,true
0.491,feed,200,474.680,backend-3,true
0.808,feed,200,157.420,backend-1,true
0.498,feed,200,467.530,backend-3,true
0.808,feed,200,158.040,backend-1,true
0.505,feed,200,462.080,backend-3,true
0.820,feed,200,146.770,backend-1,true
0.505,feed,200,462.060,backend-3,true
0.821,feed,200,146.590,backend-1,true
0.510,feed,200,458.290,backend-3,true
0.825,feed,200,143.740,backend-1,true
0.515,feed,200,453.810,backend-3,true
0.827,feed,200,142.120,backend-1,true
0.523,feed,200,446.990,backend-3,true
0.827,feed,200,142.780,backend-1,true
0.522,feed,200,448.450,backend-3,true
0.831,feed,200,139.620,backend-1,true
0.531,feed,200,442.590,backend-3,true
0.831,feed,200,141.840,backend-1,true
0.844,feed,200,133.650,backend-1,true
0.531,feed,200,447.420,backend-3,true
0.531,feed,200,448.450,backend-3,true
0.531,feed,200,449.220,backend-3,true
0.531,feed,200,449.360,backend-3,true
0.538,feed,200,443.390,backend-3,true
0.538,feed,200,443.630,backend-3,true
0.542,feed,200,440.650,backend-3,true
0.543,feed,200,440.590,backend-3,true
0.553,feed,200,431.200,backend-3,true
0.555,feed,200,430.030,backend-3,true
0.557,feed,200,427.730,backend-3,true
0.557,feed,200,428.380,backend-3,true
0.559,feed,200,427.170,backend-3,true
0.563,feed,200,423.830,backend-3,true
0.570,feed,200,417.790,backend-3,true
0.572,feed,200,416.330,backend-3,true
0.594,feed,200,394.690,backend-3,true
0.599,feed,200,390.200,backend-3,true
0.603,feed,200,387.490,backend-3,true
0.612,feed,200,379.350,backend-3,true
0.612,feed,200,379.930,backend-3,true
0.616,feed,200,376.020,backend-3,true
0.620,feed,200,372.490,backend-3,true
0.622,feed,200,371.430,backend-3,true
0.622,feed,200,371.950,backend-3,true
0.635,feed,200,359.710,backend-3,true
0.639,feed,200,356.620,backend-3,true
0.639,feed,200,356.650,backend-3,true
0.644,feed,200,352.650,backend-3,true
0.655,feed,200,341.950,backend-3,true
0.662,feed,200,335.490,backend-3,true
0.670,feed,200,328.830,backend-3,true
0.670,feed,200,329.580,backend-3,true
0.685,feed,200,314.970,backend-3,true
0.685,feed,200,315.070,backend-3,true
0.685,feed,200,315.650,backend-3,true
0.696,feed,200,305.130,backend-3,true
0.700,feed,200,301.830,backend-3,true
0.706,feed,200,296.290,backend-3,true
0.706,feed,200,296.840,backend-3,true
0.707,feed,200,297.230,backend-3,true
0.713,feed,200,291.540,backend-3,true
0.713,feed,200,292.010,backend-3,true
0.715,feed,200,290.490,backend-3,true
0.718,feed,200,288.270,backend-3,true
0.718,feed,200,288.890,backend-3,true
0.723,feed,200,284.480,backend-3,true
0.727,feed,200,280.850,backend-3,true
0.731,feed,200,278.190,backend-3,true
