t_s,route,status,latency_ms,backend,ok
0.002,message,201,12.030,backend-3,true
0.002,message,201,12.760,backend-3,true
0.004,message,201,10.500,backend-1,true
0.002,message,201,12.670,backend-3,true
0.002,message,201,12.390,backend-1,true
0.002,message,201,14.320,backend-2,true
0.001,message,201,15.830,backend-2,true
0.002,message,201,20.980,backend-1,true
0.001,message,201,21.440,backend-1,true
0.002,message,201,20.890,backend-1,true
0.002,message,201,21.090,backend-2,true
0.003,message,201,20.160,backend-2,true
0.002,message,201,20.850,backend-2,true
0.002,message,201,21.650,backend-3,true
0.002,message,201,22.140,backend-2,true
0.002,message,201,22.460,backend-1,true
0.002,message,201,21.800,backend-1,true
0.004,message,201,20.280,backend-2,true
0.003,message,201,21.860,backend-2,true
0.002,message,201,22.450,backend-2,true
0.003,message,201,21.630,backend-1,true
0.003,message,201,22.010,backend-1,true
0.001,message,201,23.400,backend-1,true
0.005,message,201,20.140,backend-1,true
0.002,message,201,23.200,backend-2,true
0.002,message,201,22.640,backend-1,true
0.002,message,201,23.240,backend-2,true
0.002,message,201,22.920,backend-1,true
0.003,message,201,22.790,backend-1,true
0.002,message,201,23.160,backend-1,true
0.002,message,201,23.110,backend-2,true
0.001,message,201,24.610,backend-1,true
0.003,message,201,23.110,backend-2,true
0.002,message,201,26.060,backend-1,true
0.001,message,201,27.510,backend-3,true
0.000,message,201,27.950,backend-1,true
0.003,message,201,25.920,backend-3,true
0.003,message,201,26.400,backend-2,true
0.003,message,201,28.940,backend-1,true
0.006,message,201,25.560,backend-2,true
0.003,message,201,28.720,backend-3,true
0.001,message,201,31.180,backend-3,true
0.006,message,201,25.700,backend-3,true
0.003,message,201,28.820,backend-3,true
0.001,message,201,30.560,backend-2,true
0.004,message,201,27.420,backend-3,true
0.002,message,201,29.760,backend-3,true
0.002,message,201,30.210,backend-3,true
0.006,message,201,26.060,backend-2,true
0.001,message,201,31.190,backend-2,true
0.001,message,201,31.120,backend-2,true
0.005,message,201,27.580,backend-2,true
0.005,message,201,27.760,backend-1,true
0.004,message,201,27.930,backend-3,true
0.004,message,201,27.940,backend-3,true
0.001,message,201,31.560,backend-3,true
0.004,message,201,28.880,backend-3,true
0.003,message,201,29.510,backend-3,true
0.001,message,201,31.920,backend-3,true
0.002,message,201,30.600,backend-3,true
0.014,message,201,19.240,backend-1,true
0.001,message,201,32.090,backend-1,true
0.002,message,201,31.000,backend-1,true
0.000,message,201,33.060,backend-2,true
0.001,message,201,31.490,backend-1,true
0.001,message,201,32.010,backend-3,true
0.001,message,201,32.240,backend-1,true
0.002,message,201,31.440,backend-1,true
0.002,message,201,31.460,backend-3,true
0.001,message,201,31.890,backend-1,true
0.000,message,201,33.150,backend-2,true
0.002,message,201,31.630,backend-1,true
0.003,message,201,30.340,backend-1,true
0.002,message,201,31.550,backend-2,true
0.002,message,201,30.920,backend-3,true
0.002,message,201,30.900,backend-3,true
0.002,message,201,30.920,backend-1,true
0.002,message,201,30.910,backend-3,true
0.003,message,201,30.430,backend-1,true
0.004,message,201,28.860,backend-3,true
0.001,message,201,32.120,backend-1,true
0.001,message,201,32.080,backend-3,true
0.001,message,201,32.570,backend-2,true
0.003,message,201,30.590,backend-3,true
0.002,message,201,31.130,backend-1,true
0.002,message,201,31.590,backend-3,true
0.001,message,201,32.670,backend-2,true
0.002,message,201,30.910,backend-2,true
0.013,message,201,20.180,backend-1,true
0.003,message,201,30.490,backend-3,true
0.002,message,201,31.000,backend-1,true
0.013,message,201,20.050,backend-1,true
0.007,message,201,26.920,backend-1,true
0.001,message,201,32.640,backend-3,true
0.002,message,201,31.940,backend-3,true
0.001,message,201,32.280,backend-3,true
0.002,message,201,31.770,backend-3,true
0.001,message,201,32.450,backend-3,true
0.005,message,201,28.850,backend-3,true
0.003,message,201,30.790,backend-3,true
0.002,message,201,31.890,backend-1,true
0.004,message,201,29.170,backend-3,true
0.001,message,201,32.690,backend-3,true
0.003,message,201,30.720,backend-1,true
0.005,message,201,28.840,backend-1,true
0.001,message,201,33.060,backend-1,true
0.003,message,201,30.490,backend-3,true
0.003,message,201,30.720,backend-1,true
0.001,message,201,32.230,backend-3,true
0.001,message,201,32.320,backend-1,true
0.002,message,201,31.410,backend-1,true
0.002,message,201,31.860,backend-1,true
0.000,message,201,33.350,backend-1,true
0.000,message,201,33.600,backend-1,true
0.002,message,201,32.160,backend-3,true
0.014,message,201,20.140,backend-2,true
0.014,message,201,20.110,backend-2,true
0.006,message,201,27.370,backend-2,true
0.007,message,201,26.660,backend-2,true
0.007,message,201,26.390,backend-2,true
0.003,message,201,31.090,backend-2,true
0.002,message,201,31.480,backend-3,true
0.006,message,201,28.340,backend-2,true
0.013,message,201,21.880,backend-1,true
0.009,message,201,25.530,backend-2,true
0.001,message,201,33.640,backend-1,true
0.007,message,201,28.420,backend-1,true
0.008,message,201,27.570,backend-1,true
0.013,message,201,22.430,backend-1,true
0.014,message,201,21.680,backend-1,true
0.008,message,201,27.810,backend-1,true
0.002,message,201,33.520,backend-2,true
0.007,message,201,28.840,backend-2,true
0.014,message,201,21.510,backend-1,true
0.002,message,201,33.560,backend-1,true
0.007,message,201,28.390,backend-1,true
0.002,message,201,33.260,backend-2,true
0.001,message,201,34.970,backend-1,true
0.007,message,201,28.220,backend-1,true
0.003,message,201,32.820,backend-2,true
0.001,message,201,34.690,backend-2,true
0.006,message,201,29.790,backend-2,true
0.004,message,201,32.140,backend-2,true
0.001,message,201,35.220,backend-2,true
0.003,message,201,33.490,backend-2,true
0.013,message,201,22.910,backend-2,true
0.007,message,201,28.920,backend-2,true
0.001,message,201,34.790,backend-2,true
0.000,message,201,36.110,backend-3,true
0.001,message,201,35.030,backend-1,true
0.014,message,201,22.010,backend-1,true
0.003,message,201,34.010,backend-2,true
0.015,message,201,21.680,backend-1,true
0.014,message,201,22.230,backend-2,true
0.001,message,201,35.260,backend-3,true
0.026,message,201,11.070,backend-1,true
0.032,message,201,4.970,backend-1,true
0.017,message,201,20.220,backend-1,true
0.001,message,201,35.820,backend-1,true
0.033,message,201,3.690,backend-1,true
0.007,message,201,30.110,backend-2,true
0.003,message,201,34.070,backend-2,true
0.025,message,201,12.150,backend-1,true
0.013,message,201,23.810,backend-1,true
0.026,message,201,11.270,backend-1,true
0.032,message,201,4.810,backend-1,true
0.006,message,201,30.850,backend-1,true
0.005,message,201,32.130,backend-2,true
0.014,message,201,23.420,backend-1,true
0.004,message,201,32.840,backend-2,true
0.013,message,201,23.580,backend-2,true
0.017,message,201,20.060,backend-1,true
0.007,message,201,30.310,backend-2,true
0.001,message,201,36.320,backend-2,true
0.007,message,201,29.850,backend-1,true
0.003,message,201,34.120,backend-2,true
0.023,message,201,13.820,backend-1,true
0.032,message,201,5.400,backend-1,true
0.007,message,201,30.080,backend-1,true
0.025,message,201,12.280,backend-1,true
0.014,message,201,23.210,backend-1,true
0.007,message,201,30.570,backend-1,true
0.003,message,201,34.500,backend-1,true
0.002,message,201,34.880,backend-1,true
0.007,message,201,30.420,backend-2,true
0.017,message,201,20.370,backend-1,true
0.007,message,201,30.310,backend-1,true
0.002,message,201,35.660,backend-1,true
0.002,message,201,35.140,backend-2,true
0.014,message,201,23.770,backend-2,true
0.024,message,201,16.520,backend-2,true
0.034,message,201,6.870,backend-1,true
0.033,message,201,7.730,backend-2,true
0.033,message,201,8.060,backend-2,true
0.033,message,201,8.150,backend-2,true
0.034,message,201,7.300,backend-1,true
0.007,message,201,33.930,backend-2,true
0.029,message,201,11.740,backend-2,true
0.018,message,201,23.210,backend-2,true
0.034,message,201,7.370,backend-1,true
0.007,message,201,33.540,backend-2,true
0.017,message,201,24.290,backend-1,true
0.034,message,201,7.370,backend-1,true
0.000,message,201,40.530,backend-2,true
0.008,message,201,33.370,backend-2,true
0.023,message,201,18.080,backend-1,true
0.018,message,201,23.130,backend-2,true
0.034,message,201,7.400,backend-2,true
0.017,message,201,24.420,backend-2,true
0.033,message,201,7.780,backend-1,true
0.033,message,201,7.870,backend-1,true
0.034,message,201,7.220,backend-1,true
0.007,message,201,34.270,backend-2,true
0.035,message,201,6.200,backend-1,true
0.034,message,201,7.370,backend-1,true
0.008,message,201,33.380,backend-2,true
0.011,message,201,29.910,backend-1,true
0.033,message,201,7.840,backend-1,true
0.033,message,201,7.810,backend-1,true
0.032,message,201,8.810,backend-2,true
0.003,message,201,38.070,backend-2,true
0.034,message,201,7.650,backend-1,true
0.036,message,201,5.560,backend-1,true
0.016,message,201,25.090,backend-2,true
0.001,message,201,39.910,backend-1,true
0.031,message,201,9.780,backend-2,true
0.028,message,201,12.840,backend-2,true
0.001,message,201,40.060,backend-3,true
0.025,message,201,16.430,backend-2,true
0.036,message,201,5.670,backend-1,true
0.004,message,201,36.880,backend-3,true
0.033,message,201,8.280,backend-2,true
0.001,message,201,39.970,backend-3,true
0.024,message,201,17.130,backend-2,true
0.009,message,201,32.770,backend-2,true
0.004,message,201,37.780,backend-1,true
0.033,message,201,8.460,backend-2,true
0.001,message,201,40.240,backend-3,true
0.003,message,201,38.600,backend-1,true
0.014,message,201,27.840,backend-1,true
0.001,message,201,40.820,backend-3,true
0.001,message,201,40.180,backend-2,true
0.014,message,201,27.700,backend-1,true
0.002,message,201,39.300,backend-3,true
0.035,message,201,6.170,backend-1,true
0.005,message,201,36.880,backend-2,true
0.035,message,201,6.110,backend-1,true
0.034,message,201,7.910,backend-1,true
0.006,message,201,35.460,backend-2,true
0.000,message,201,41.290,backend-3,true
0.002,message,201,39.330,backend-2,true
0.023,message,201,18.810,backend-2,true
0.014,message,201,27.640,backend-3,true
0.017,message,201,24.490,backend-2,true
0.006,message,201,35.260,backend-3,true
0.014,message,201,28.000,backend-3,true
0.014,message,201,27.840,backend-3,true
0.029,message,201,12.950,backend-1,true
0.009,message,201,32.340,backend-3,true
0.012,message,201,29.280,backend-1,true
0.001,message,201,40.940,backend-3,true
0.017,message,201,24.780,backend-2,true
0.007,message,201,34.910,backend-3,true
0.023,message,201,18.530,backend-3,true
0.002,message,201,39.700,backend-2,true
0.003,message,201,38.700,backend-3,true
0.001,message,201,41.110,backend-2,true
0.002,message,201,39.580,backend-3,true
0.001,message,201,40.740,backend-3,true
0.002,message,201,39.980,backend-2,true
0.005,message,201,37.010,backend-3,true
0.005,message,201,36.840,backend-3,true
0.006,message,201,35.620,backend-3,true
0.000,message,201,41.620,backend-1,true
0.001,message,201,41.040,backend-3,true
0.034,message,201,10.010,backend-1,true
0.003,message,201,40.620,backend-1,true
0.017,message,201,27.090,backend-1,true
0.035,message,201,8.260,backend-1,true
0.003,message,201,40.900,backend-2,true
0.014,message,201,29.970,backend-2,true
0.034,message,201,10.170,backend-1,true
0.033,message,201,10.450,backend-1,true
0.035,message,201,8.470,backend-1,true
0.001,message,201,42.720,backend-2,true
0.035,message,201,8.540,backend-1,true
0.033,message,201,10.780,backend-2,true
0.033,message,201,10.610,backend-1,true
0.028,message,201,15.850,backend-1,true
0.035,message,201,9.210,backend-1,true
0.013,message,201,31.480,backend-1,true
0.033,message,201,11.010,backend-1,true
0.036,message,201,8.280,backend-1,true
0.025,message,201,19.670,backend-1,true
0.035,message,201,8.900,backend-1,true
0.009,message,201,35.440,backend-2,true
0.033,message,201,10.920,backend-2,true
0.033,message,201,10.970,backend-1,true
0.034,message,201,10.840,backend-1,true
0.036,message,201,8.870,backend-2,true
0.033,message,201,10.980,backend-2,true
0.033,message,201,11.160,backend-2,true
0.034,message,201,10.790,backend-2,true
0.034,message,201,10.940,backend-1,true
0.033,message,201,11.120,backend-2,true
0.033,message,201,11.250,backend-1,true
0.033,message,201,11.130,backend-1,true
0.036,message,201,8.930,backend-1,true
0.007,message,201,37.610,backend-1,true
0.033,message,201,11.160,backend-2,true
0.003,message,201,41.460,backend-2,true
0.017,message,201,27.420,backend-2,true
0.023,message,201,21.720,backend-1,true
0.034,message,201,10.910,backend-1,true
0.033,message,201,12.850,backend-2,true
0.003,message,201,43.250,backend-3,true
0.037,message,201,9.110,backend-3,true
0.032,message,201,14.130,backend-3,true
0.034,message,201,12.780,backend-3,true
0.001,message,201,45.570,backend-3,true
0.034,message,201,12.770,backend-3,true
0.003,message,201,43.460,backend-3,true
0.013,message,201,33.060,backend-2,true
0.014,message,201,33.460,backend-3,true
0.013,message,201,33.580,backend-3,true
0.034,message,201,13.340,backend-3,true
0.006,message,201,41.040,backend-3,true
0.032,message,201,15.740,backend-3,true
0.014,message,201,33.540,backend-3,true
0.016,message,201,31.190,backend-3,true
0.014,message,201,33.850,backend-3,true
0.037,message,201,10.870,backend-3,true
0.037,message,201,10.750,backend-3,true
0.002,message,201,45.650,backend-3,true
0.014,message,201,34.110,backend-3,true
0.006,message,201,42.020,backend-3,true
0.032,message,201,16.260,backend-1,true
0.035,message,201,13.030,backend-1,true
0.032,message,201,16.540,backend-1,true
0.002,message,201,46.940,backend-3,true
0.001,message,201,47.150,backend-1,true
0.035,message,201,13.360,backend-3,true
0.034,message,201,14.930,backend-1,true
0.033,message,201,15.480,backend-1,true
0.037,message,201,11.570,backend-1,true
0.037,message,201,11.960,backend-1,true
0.025,message,201,23.460,backend-1,true
0.003,message,201,45.880,backend-3,true
0.032,message,201,16.910,backend-1,true
0.007,message,201,42.290,backend-1,true
0.036,message,201,12.830,backend-1,true
0.037,message,201,11.590,backend-3,true
0.017,message,201,32.260,backend-3,true
0.007,message,201,43.480,backend-3,true
0.037,message,201,13.730,backend-3,true
0.018,message,201,33.330,backend-3,true
0.033,message,201,17.730,backend-1,true
0.041,message,201,10.340,backend-2,true
0.037,message,201,14.280,backend-2,true
0.037,message,201,14.080,backend-3,true
0.042,message,201,9.310,backend-2,true
0.033,message,201,17.970,backend-1,true
0.037,message,201,14.450,backend-2,true
0.008,message,201,43.300,backend-1,true
0.002,message,201,49.130,backend-3,true
0.048,message,201,3.580,backend-2,true
0.034,message,201,17.360,backend-1,true
0.016,message,201,34.920,backend-2,true
0.037,message,201,14.420,backend-3,true
0.001,message,201,50.270,backend-1,true
0.014,message,201,37.570,backend-3,true
0.001,message,201,49.710,backend-3,true
0.006,message,201,44.770,backend-2,true
0.033,message,201,18.020,backend-1,true
0.042,message,201,9.720,backend-3,true
0.001,message,201,50.150,backend-1,true
0.025,message,201,26.550,backend-3,true
0.046,message,201,4.930,backend-2,true
0.037,message,201,14.140,backend-2,true
0.037,message,201,14.560,backend-2,true
0.037,message,201,14.150,backend-3,true
0.041,message,201,9.870,backend-3,true
0.025,message,201,25.870,backend-1,true
0.037,message,201,14.090,backend-2,true
0.034,message,201,17.520,backend-1,true
0.037,message,201,14.120,backend-2,true
0.048,message,201,3.250,backend-3,true
0.017,message,201,34.210,backend-1,true
0.041,message,201,10.490,backend-2,true
0.024,message,201,27.080,backend-1,true
0.028,message,201,22.970,backend-1,true
0.037,message,201,14.300,backend-2,true
0.047,message,201,4.350,backend-3,true
0.023,message,201,28.320,backend-2,true
0.036,message,201,15.480,backend-1,true
0.007,message,201,44.790,backend-1,true
0.042,message,201,9.850,backend-3,true
0.037,message,201,14.340,backend-3,true
0.037,message,201,14.890,backend-2,true
0.037,message,201,14.950,backend-2,true
0.037,message,201,14.960,backend-2,true
0.016,message,201,35.890,backend-1,true
0.037,message,201,15.460,backend-3,true
0.018,message,201,34.960,backend-1,true
0.016,message,201,36.600,backend-3,true
0.007,message,201,46.190,backend-3,true
0.037,message,201,15.710,backend-2,true
0.008,message,201,44.600,backend-2,true
0.034,message,201,19.410,backend-1,true
0.016,message,201,36.780,backend-1,true
0.048,message,201,5.110,backend-3,true
0.036,message,201,17.540,backend-1,true
0.025,message,201,28.120,backend-3,true
0.013,message,201,40.140,backend-2,true
0.044,message,201,9.250,backend-2,true
0.041,message,201,12.060,backend-1,true
0.034,message,201,19.770,backend-1,true
0.044,message,201,8.840,backend-1,true
0.044,message,201,8.860,backend-1,true
0.036,message,201,16.950,backend-2,true
0.032,message,201,21.740,backend-1,true
0.041,message,201,12.510,backend-1,true
0.036,message,201,17.130,backend-2,true
0.044,message,201,9.100,backend-1,true
0.037,message,201,16.400,backend-2,true
0.037,message,201,16.620,backend-2,true
0.041,message,201,12.110,backend-2,true
0.002,message,201,51.170,backend-2,true
0.037,message,201,16.790,backend-2,true
0.041,message,201,12.330,backend-1,true
0.037,message,201,16.830,backend-3,true
0.024,message,201,30.240,backend-1,true
0.017,message,201,37.890,backend-2,true
0.041,message,201,13.180,backend-1,true
0.041,message,201,13.650,backend-2,true
0.041,message,201,13.000,backend-2,true
0.042,message,201,12.850,backend-1,true
0.042,message,201,12.840,backend-1,true
0.008,message,201,46.880,backend-2,true
0.044,message,201,10.110,backend-1,true
0.042,message,201,12.840,backend-1,true
0.037,message,201,17.670,backend-3,true
0.044,message,201,10.120,backend-1,true
0.041,message,201,13.160,backend-1,true
0.033,message,201,21.530,backend-2,true
0.042,message,201,12.760,backend-1,true
0.041,message,201,13.200,backend-1,true
0.049,message,201,5.710,backend-3,true
0.041,message,201,13.630,backend-2,true
0.042,message,201,13.000,backend-1,true
0.033,message,201,21.700,backend-2,true
0.041,message,201,13.240,backend-1,true
0.047,message,201,7.530,backend-1,true
0.048,message,201,6.540,backend-1,true
0.041,message,201,13.610,backend-2,true
0.047,message,201,7.410,backend-2,true
0.042,message,201,12.870,backend-1,true
0.033,message,201,21.650,backend-2,true
0.045,message,201,10.090,backend-1,true
0.047,message,201,7.300,backend-1,true
0.033,message,201,21.660,backend-2,true
0.044,message,201,10.620,backend-2,true
0.042,message,201,12.950,backend-1,true
0.015,message,201,40.090,backend-3,true
0.042,message,201,12.950,backend-1,true
0.002,message,201,52.880,backend-3,true
0.006,message,201,48.610,backend-3,true
0.033,message,201,21.640,backend-2,true
0.045,message,201,10.110,backend-2,true
0.041,message,201,13.420,backend-1,true
0.041,message,201,13.690,backend-3,true
0.041,message,201,13.560,backend-2,true
0.042,message,201,13.110,backend-3,true
0.042,message,201,13.220,backend-3,true
0.041,message,201,13.840,backend-2,true
0.033,message,201,22.240,backend-3,true
0.024,message,201,30.310,backend-2,true
0.044,message,201,10.900,backend-2,true
0.046,message,201,8.410,backend-2,true
0.044,message,201,11.150,backend-2,true
0.044,message,201,10.880,backend-2,true
0.016,message,201,38.490,backend-3,true
0.047,message,201,7.480,backend-3,true
0.044,message,201,11.140,backend-2,true
0.045,message,201,10.330,backend-2,true
0.041,message,201,13.970,backend-3,true
0.045,message,201,10.360,backend-2,true
0.016,message,201,38.920,backend-3,true
0.008,message,201,47.420,backend-3,true
0.041,message,201,14.060,backend-1,true
0.046,message,201,8.500,backend-2,true
0.041,message,201,13.930,backend-3,true
0.042,message,201,13.290,backend-1,true
0.041,message,201,13.850,backend-3,true
0.044,message,201,11.340,backend-2,true
0.041,message,201,14.050,backend-2,true
0.041,message,201,13.700,backend-1,true
0.045,message,201,10.420,backend-2,true
0.041,message,201,14.000,backend-2,true
0.048,message,201,6.550,backend-3,true
0.044,message,201,10.560,backend-1,true
0.049,message,201,6.390,backend-3,true
0.048,message,201,6.620,backend-3,true
0.041,message,201,13.560,backend-3,true
0.045,message,201,10.530,backend-2,true
0.037,message,201,18.210,backend-2,true
0.044,message,201,10.970,backend-2,true
0.041,message,201,14.080,backend-2,true
0.042,message,201,13.560,backend-2,true
0.042,message,201,13.590,backend-3,true
0.047,message,201,8.570,backend-1,true
0.025,message,201,30.320,backend-1,true
0.032,message,201,23.270,backend-1,true
0.044,message,201,10.750,backend-1,true
0.041,message,201,13.930,backend-1,true
0.037,message,201,18.440,backend-2,true
0.048,message,201,7.160,backend-1,true
0.044,message,201,10.900,backend-1,true
0.046,message,201,8.700,backend-1,true
0.046,message,201,8.740,backend-1,true
0.044,message,201,11.170,backend-2,true
0.044,message,201,11.160,backend-2,true
0.041,message,201,14.120,backend-3,true
0.046,message,201,8.860,backend-1,true
0.049,message,201,6.410,backend-3,true
0.046,message,201,8.900,backend-1,true
0.045,message,201,10.670,backend-2,true
0.041,message,201,14.100,backend-1,true
0.041,message,201,13.980,backend-1,true
0.048,message,201,7.150,backend-3,true
0.044,message,201,10.860,backend-2,true
0.041,message,201,14.160,backend-1,true
0.041,message,201,13.970,backend-2,true
0.023,message,201,32.160,backend-2,true
0.035,message,201,20.380,backend-3,true
0.041,message,201,14.560,backend-1,true
0.042,message,201,13.640,backend-1,true
0.042,message,201,13.730,backend-3,true
0.026,message,201,29.730,backend-1,true
0.013,message,201,41.960,backend-3,true
0.042,message,201,13.850,backend-3,true
0.017,message,201,38.420,backend-3,true
0.041,message,201,14.150,backend-1,true
0.002,message,201,53.130,backend-1,true
0.015,message,201,40.640,backend-3,true
0.041,message,201,14.300,backend-2,true
0.047,message,201,8.420,backend-3,true
0.041,message,201,14.040,backend-1,true
0.037,message,201,18.900,backend-3,true
0.041,message,201,14.270,backend-2,true
0.041,message,201,14.240,backend-1,true
0.044,message,201,11.150,backend-1,true
0.035,message,201,20.490,backend-3,true
0.049,message,201,6.640,backend-3,true
0.014,message,201,41.350,backend-3,true
0.014,message,201,41.700,backend-3,true
0.041,message,201,14.300,backend-2,true
0.042,message,201,13.950,backend-2,true
0.041,message,201,14.110,backend-2,true
0.041,message,201,14.300,backend-1,true
0.037,message,201,19.040,backend-3,true
0.051,message,201,4.280,backend-3,true
0.041,message,201,14.540,backend-3,true
0.037,message,201,18.990,backend-2,true
0.049,message,201,6.970,backend-2,true
0.044,message,201,11.630,backend-2,true
0.037,message,201,18.820,backend-3,true
0.013,message,201,43.040,backend-3,true
0.044,message,201,11.830,backend-2,true
0.014,message,201,41.580,backend-3,true
0.042,message,201,13.930,backend-2,true
0.037,message,201,18.880,backend-2,true
0.008,message,201,48.020,backend-3,true
0.002,message,201,53.460,backend-3,true
0.041,message,201,14.660,backend-3,true
0.036,message,201,19.270,backend-3,true
0.042,message,201,14.200,backend-3,true
0.041,message,201,14.630,backend-2,true
0.041,message,201,14.790,backend-2,true
0.049,message,201,6.900,backend-3,true
0.037,message,201,18.860,backend-3,true
0.049,message,201,7.300,backend-3,true
0.041,message,201,14.730,backend-3,true
0.041,message,201,14.780,backend-2,true
0.017,message,201,39.060,backend-3,true
0.051,message,201,4.690,backend-2,true
0.049,message,201,6.960,backend-2,true
0.044,message,201,12.160,backend-2,true
0.049,message,201,7.030,backend-3,true
0.042,message,201,14.380,backend-2,true
0.014,message,201,42.590,backend-3,true
0.044,message,201,12.270,backend-2,true
0.037,message,201,19.400,backend-2,true
0.037,message,201,19.450,backend-2,true
0.033,message,201,23.700,backend-1,true
0.041,message,201,15.270,backend-3,true
0.037,message,201,19.330,backend-3,true
0.042,message,201,14.710,backend-2,true
0.044,message,201,12.810,backend-2,true
0.033,message,201,23.400,backend-1,true
0.016,message,201,40.170,backend-1,true
0.047,message,201,10.150,backend-1,true
0.051,message,201,6.930,backend-3,true
0.051,message,201,7.150,backend-3,true
0.051,message,201,7.010,backend-3,true
0.051,message,201,7.190,backend-3,true
0.051,message,201,7.010,backend-3,true
0.053,message,201,5.020,backend-2,true
0.053,message,201,5.630,backend-3,true
0.051,message,201,7.400,backend-3,true
0.051,message,201,7.260,backend-3,true
0.041,message,201,17.140,backend-2,true
0.053,message,201,5.240,backend-3,true
0.051,message,201,7.310,backend-3,true
0.051,message,201,7.440,backend-3,true
0.044,message,201,14.280,backend-2,true
0.049,message,201,9.600,backend-2,true
0.051,message,201,7.510,backend-3,true
0.051,message,201,7.320,backend-3,true
0.051,message,201,7.470,backend-3,true
0.049,message,201,9.850,backend-3,true
0.041,message,201,17.200,backend-2,true
0.041,message,201,17.230,backend-2,true
0.049,message,201,10.120,backend-2,true
0.048,message,201,10.340,backend-3,true
0.051,message,201,7.740,backend-3,true
0.051,message,201,7.520,backend-3,true
0.041,message,201,17.290,backend-2,true
0.051,message,201,7.560,backend-3,true
0.051,message,201,7.730,backend-3,true
0.051,message,201,7.560,backend-3,true
0.041,message,201,17.440,backend-2,true
0.042,message,201,17.210,backend-2,true
0.041,message,201,17.390,backend-2,true
0.051,message,201,7.710,backend-3,true
0.041,message,201,17.460,backend-2,true
0.041,message,201,17.500,backend-2,true
0.051,message,201,8.060,backend-3,true
0.051,message,201,7.860,backend-3,true
0.049,message,201,10.280,backend-3,true
0.051,message,201,7.550,backend-3,true
0.044,message,201,14.440,backend-2,true
0.051,message,201,7.630,backend-3,true
0.048,message,201,10.570,backend-2,true
0.053,message,201,5.680,backend-2,true
0.044,message,201,14.610,backend-2,true
0.051,message,201,7.300,backend-3,true
0.052,message,201,6.510,backend-2,true
0.049,message,201,10.070,backend-2,true
0.052,message,201,6.890,backend-2,true
0.055,feed,200,4.560,backend-3,true
0.051,message,201,7.820,backend-3,true
0.051,message,201,7.770,backend-3,true
0.044,message,201,14.910,backend-2,true
0.044,message,201,15.110,backend-2,true
0.051,message,201,8.650,backend-3,true
0.044,message,201,15.170,backend-2,true
0.051,message,201,8.230,backend-3,true
0.044,message,201,15.170,backend-2,true
0.036,message,201,23.320,backend-1,true
0.051,message,201,8.430,backend-2,true
0.055,message,201,5.060,backend-1,true
0.051,message,201,8.490,backend-2,true
0.054,message,201,5.240,backend-3,true
0.053,message,201,6.580,backend-3,true
0.051,message,201,8.450,backend-3,true
0.054,message,201,5.290,backend-3,true
0.054,message,201,5.270,backend-2,true
0.051,message,201,8.380,backend-3,true
0.052,message,201,7.700,backend-1,true
0.042,message,201,18.110,backend-2,true
0.051,message,201,8.590,backend-2,true
0.052,message,201,7.790,backend-1,true
0.055,message,201,5.140,backend-1,true
0.052,message,201,7.510,backend-1,true
0.053,message,201,6.610,backend-2,true
0.051,message,201,8.670,backend-1,true
0.053,message,201,6.680,backend-1,true
0.053,message,201,7.090,backend-1,true
0.051,message,201,8.500,backend-2,true
0.053,message,201,6.770,backend-1,true
0.052,message,201,7.620,backend-1,true
0.051,message,201,8.600,backend-1,true
0.053,message,201,6.420,backend-1,true
0.053,message,201,6.530,backend-1,true
0.051,message,201,8.600,backend-1,true
0.055,message,201,5.410,backend-2,true
0.053,message,201,6.740,backend-1,true
0.053,message,201,7.000,backend-1,true
0.055,message,201,5.030,backend-2,true
0.053,message,201,7.160,backend-1,true
0.053,message,201,7.160,backend-1,true
0.054,message,201,6.440,backend-1,true
0.053,message,201,6.530,backend-1,true
0.055,message,201,5.430,backend-3,true
0.051,message,201,8.670,backend-3,true
0.055,message,201,4.610,backend-1,true
0.055,message,201,5.550,backend-2,true
0.053,message,201,6.700,backend-1,true
0.055,message,201,5.410,backend-1,true
0.055,message,201,5.150,backend-2,true
0.054,message,201,5.630,backend-3,true
0.054,message,201,5.640,backend-3,true
0.055,message,201,5.600,backend-2,true
0.056,message,201,4.350,backend-1,true
0.055,message,201,5.340,backend-2,true
0.054,message,201,5.650,backend-3,true
0.053,message,201,6.890,backend-3,true
0.055,message,201,5.380,backend-2,true
0.055,message,201,5.490,backend-1,true
0.054,message,201,5.740,backend-3,true
0.056,message,201,5.620,backend-3,true
0.055,message,201,5.970,backend-2,true
0.053,message,201,8.220,backend-2,true
0.056,message,201,5.900,backend-2,true
0.055,message,201,6.230,backend-2,true
0.055,message,201,6.790,backend-2,true
0.056,message,201,5.760,backend-3,true
0.056,message,201,5.770,backend-2,true
0.055,message,201,6.610,backend-3,true
0.055,message,201,6.040,backend-3,true
0.055,message,201,6.590,backend-3,true
0.055,message,201,6.580,backend-2,true
0.055,message,201,6.830,backend-3,true
0.055,message,201,6.100,backend-3,true
0.055,message,201,6.940,backend-2,true
0.055,message,201,6.060,backend-3,true
0.055,message,201,6.670,backend-2,true
0.054,message,201,7.160,backend-3,true
0.055,message,201,6.390,backend-3,true
0.055,message,201,6.820,backend-3,true
0.056,message,201,5.860,backend-3,true
0.056,message,201,6.000,backend-2,true
0.055,message,201,6.410,backend-2,true
0.055,message,201,6.170,backend-3,true
0.055,message,201,6.980,backend-3,true
0.055,message,201,6.870,backend-3,true
0.055,message,201,6.570,backend-3,true
0.055,message,201,6.460,backend-2,true
0.055,message,201,6.220,backend-2,true
0.055,message,201,6.950,backend-3,true
0.056,message,201,6.020,backend-2,true
0.054,message,201,8.070,backend-1,true
0.056,message,201,5.990,backend-3,true
0.055,message,201,6.240,backend-2,true
0.055,message,201,7.150,backend-3,true
0.054,message,201,7.170,backend-3,true
0.051,message,201,10.490,backend-3,true
0.056,message,201,5.940,backend-3,true
0.056,message,201,5.970,backend-3,true
0.055,message,201,6.210,backend-2,true
0.056,message,201,6.190,backend-2,true
0.055,message,201,7.060,backend-3,true
0.055,message,201,6.930,backend-2,true
0.055,message,201,6.560,backend-3,true
0.056,message,201,6.210,backend-2,true
0.055,message,201,6.830,backend-2,true
0.055,message,201,6.480,backend-2,true
0.056,message,201,5.390,backend-2,true
0.055,message,201,6.540,backend-2,true
0.055,message,201,6.960,backend-3,true
0.015,message,201,47.180,backend-1,true
0.051,message,201,10.520,backend-2,true
0.056,message,201,6.040,backend-3,true
0.054,message,201,7.370,backend-3,true
0.056,message,201,5.930,backend-2,true
0.055,message,201,6.310,backend-2,true
0.054,message,201,8.150,backend-3,true
0.056,message,201,6.130,backend-2,true
0.055,message,201,7.270,backend-3,true
0.055,message,201,6.350,backend-3,true
0.056,message,201,6.170,backend-2,true
0.055,message,201,7.000,backend-3,true
0.054,message,201,7.460,backend-3,true
0.054,message,201,7.480,backend-1,true
0.025,message,201,37.310,backend-1,true
0.055,message,201,6.830,backend-2,true
0.055,message,201,7.310,backend-3,true
0.056,message,201,6.060,backend-3,true
0.054,message,201,8.210,backend-3,true
0.056,message,201,6.050,backend-3,true
0.055,message,201,7.010,backend-2,true
0.055,message,201,7.040,backend-3,true
0.055,message,201,6.410,backend-2,true
0.056,message,201,6.120,backend-2,true
0.055,message,201,7.210,backend-2,true
0.055,message,201,7.350,backend-3,true
0.055,message,201,7.070,backend-2,true
0.055,message,201,7.210,backend-2,true
0.056,message,201,5.450,backend-2,true
0.055,message,201,7.280,backend-2,true
0.055,message,201,7.340,backend-1,true
0.055,message,201,6.740,backend-3,true
0.055,message,201,7.160,backend-2,true
0.056,message,201,6.190,backend-2,true
0.055,message,201,6.940,backend-1,true
0.051,message,201,10.660,backend-3,true
0.054,message,201,7.570,backend-1,true
0.051,message,201,10.720,backend-2,true
0.058,feed,200,4.710,backend-1,true
0.060,feed,200,3.150,backend-1,true
0.060,feed,200,3.110,backend-2,true
0.060,feed,200,3.210,backend-2,true
0.060,feed,200,3.370,backend-2,true
0.059,feed,200,4.390,backend-1,true
0.060,feed,200,3.500,backend-2,true
0.055,message,201,8.530,backend-1,true
0.056,message,201,7.450,backend-1,true
0.054,message,201,10.060,backend-1,true
0.056,message,201,8.120,backend-1,true
0.057,message,201,7.170,backend-1,true
0.055,message,201,8.750,backend-1,true
0.056,message,201,8.130,backend-1,true
0.055,message,201,8.770,backend-1,true
0.056,message,201,8.130,backend-1,true
0.058,feed,200,5.470,backend-2,true
0.060,feed,200,4.050,backend-2,true
0.055,message,201,8.410,backend-1,true
0.056,message,201,7.800,backend-1,true
0.055,message,201,8.700,backend-1,true
0.055,message,201,8.500,backend-1,true
0.056,message,201,7.730,backend-1,true
0.055,message,201,8.640,backend-1,true
0.058,feed,200,5.560,backend-2,true
0.055,message,201,8.670,backend-1,true
0.055,message,201,8.750,backend-1,true
0.055,message,201,9.080,backend-1,true
0.055,message,201,8.850,backend-1,true
0.060,feed,200,4.200,backend-3,true
0.055,message,201,8.840,backend-1,true
0.059,message,201,5.580,backend-1,true
0.058,message,201,5.900,backend-1,true
0.060,feed,200,4.590,backend-2,true
0.059,message,201,5.610,backend-1,true
0.059,message,201,5.730,backend-1,true
0.059,message,201,5.720,backend-1,true
0.058,message,201,6.040,backend-1,true
0.060,message,201,4.900,backend-1,true
0.008,message,201,56.160,backend-1,true
0.059,message,201,5.440,backend-1,true
0.060,message,201,4.660,backend-1,true
0.059,message,201,5.810,backend-1,true
0.060,message,201,5.170,backend-1,true
0.059,message,201,5.790,backend-1,true
0.059,message,201,5.690,backend-1,true
0.060,message,201,5.130,backend-1,true
0.036,message,201,29.400,backend-1,true
0.059,message,201,5.540,backend-1,true
0.059,message,201,6.120,backend-1,true
0.060,message,201,5.090,backend-1,true
0.059,message,201,6.130,backend-1,true
0.060,feed,200,4.900,backend-3,true
0.060,feed,200,5.170,backend-2,true
0.059,message,201,6.150,backend-1,true
0.060,message,201,5.170,backend-1,true
0.059,message,201,6.240,backend-1,true
0.060,message,201,5.180,backend-1,true
0.059,message,201,6.310,backend-1,true
0.055,message,201,10.070,backend-2,true
0.060,feed,200,5.050,backend-3,true
0.056,message,201,9.380,backend-2,true
0.055,message,201,9.950,backend-2,true
0.056,message,201,9.330,backend-2,true
0.055,message,201,9.880,backend-2,true
0.059,message,201,7.220,backend-2,true
0.059,message,201,7.290,backend-2,true
0.065,feed,200,1.110,backend-1,true
0.058,message,201,7.610,backend-2,true
0.065,feed,200,1.130,backend-1,true
0.059,message,201,7.260,backend-2,true
0.060,message,201,6.130,backend-2,true
0.059,message,201,7.200,backend-2,true
0.062,message,201,4.070,backend-2,true
0.055,message,201,10.940,backend-2,true
0.058,message,201,7.390,backend-2,true
0.058,message,201,7.530,backend-2,true
0.055,message,201,10.830,backend-2,true
0.059,message,201,7.360,backend-2,true
0.060,message,201,6.200,backend-2,true
0.059,message,201,7.130,backend-2,true
0.059,message,201,7.210,backend-2,true
0.059,message,201,7.170,backend-2,true
0.060,message,201,5.890,backend-2,true
0.055,message,201,10.710,backend-2,true
0.059,message,201,7.090,backend-2,true
0.060,message,201,6.110,backend-2,true
0.059,message,201,7.220,backend-2,true
0.060,message,201,5.890,backend-2,true
0.060,message,201,6.320,backend-2,true
0.060,message,201,5.870,backend-2,true
0.060,message,201,5.900,backend-2,true
0.060,message,201,5.800,backend-2,true
0.055,message,201,10.740,backend-2,true
0.060,message,201,6.300,backend-2,true
0.059,message,201,7.350,backend-2,true
0.059,message,201,7.150,backend-2,true
0.055,message,201,10.640,backend-2,true
0.051,message,201,14.690,backend-2,true
0.060,feed,200,5.890,backend-3,true
0.058,message,201,7.870,backend-2,true
0.059,message,201,7.360,backend-2,true
0.059,message,201,7.380,backend-2,true
0.064,feed,200,2.720,backend-1,true
0.059,message,201,7.370,backend-2,true
0.060,message,201,6.470,backend-2,true
0.059,message,201,7.080,backend-2,true
0.060,message,201,6.580,backend-2,true
0.060,message,201,6.530,backend-2,true
0.059,message,201,7.640,backend-2,true
0.059,message,201,7.550,backend-2,true
0.059,message,201,7.560,backend-2,true
0.058,message,201,8.190,backend-2,true
0.059,message,201,7.240,backend-2,true
0.064,feed,200,2.600,backend-1,true
0.055,message,201,12.380,backend-3,true
0.060,feed,200,7.190,backend-2,true
0.056,message,201,11.410,backend-3,true
0.066,feed,200,1.050,backend-1,true
0.055,message,201,11.990,backend-3,true
0.065,feed,200,2.130,backend-1,true
0.066,feed,200,2.090,backend-1,true
0.066,feed,200,2.150,backend-1,true
0.065,feed,200,3.000,backend-1,true
0.055,message,201,13.030,backend-3,true
0.056,message,201,12.550,backend-3,true
0.064,feed,200,4.420,backend-2,true
0.066,feed,200,2.230,backend-1,true
0.066,feed,200,2.320,backend-1,true
0.066,feed,200,2.370,backend-1,true
0.066,feed,200,2.410,backend-2,true
0.066,feed,200,2.320,backend-1,true
0.066,feed,200,2.350,backend-1,true
0.064,feed,200,4.620,backend-2,true
0.067,feed,200,1.830,backend-2,true
0.067,message,201,3.050,backend-2,true
0.059,message,201,10.820,backend-2,true
0.060,message,201,10.270,backend-2,true
0.062,message,201,8.280,backend-2,true
0.060,message,201,10.330,backend-2,true
0.062,message,201,8.440,backend-2,true
0.062,feed,200,8.250,backend-2,true
0.062,message,201,8.570,backend-2,true
0.062,message,201,8.400,backend-2,true
0.067,feed,200,3.660,backend-1,true
0.066,feed,200,3.840,backend-1,true
0.066,message,201,4.270,backend-2,true
0.062,message,201,8.420,backend-2,true
0.062,feed,200,8.590,backend-2,true
0.066,message,201,3.750,backend-2,true
0.062,message,201,8.240,backend-2,true
0.060,message,201,10.360,backend-2,true
0.067,message,201,3.650,backend-2,true
0.064,message,201,6.480,backend-1,true
0.062,feed,200,8.380,backend-2,true
0.065,message,201,5.720,backend-2,true
0.066,feed,200,4.330,backend-1,true
0.066,feed,200,4.480,backend-2,true
0.064,message,201,6.600,backend-2,true
0.062,message,201,8.480,backend-2,true
0.064,message,201,6.730,backend-1,true
0.062,feed,200,8.420,backend-2,true
0.067,feed,200,3.750,backend-1,true
0.064,message,201,6.580,backend-1,true
0.062,message,201,8.500,backend-2,true
0.062,message,201,8.530,backend-2,true
0.067,message,201,3.320,backend-2,true
0.064,message,201,6.230,backend-2,true
0.066,message,201,3.890,backend-2,true
0.062,message,201,8.500,backend-2,true
0.062,message,201,8.770,backend-2,true
0.064,message,201,6.840,backend-2,true
0.066,feed,200,4.520,backend-1,true
0.065,feed,200,5.270,backend-1,true
0.061,message,201,8.970,backend-2,true
0.065,message,201,5.910,backend-1,true
0.063,message,201,6.960,backend-2,true
0.066,feed,200,4.640,backend-1,true
0.062,feed,200,8.570,backend-2,true
0.064,message,201,8.320,backend-1,true
0.057,message,201,15.310,backend-3,true
0.066,message,201,5.460,backend-1,true
0.070,feed,200,1.820,backend-2,true
0.064,message,201,8.180,backend-1,true
0.067,message,201,5.440,backend-1,true
0.062,message,201,10.030,backend-2,true
0.055,message,201,17.290,backend-3,true
0.064,message,201,8.010,backend-1,true
0.064,message,201,7.980,backend-1,true
0.064,message,201,7.670,backend-1,true
0.062,message,201,10.210,backend-2,true
0.062,message,201,10.020,backend-2,true
0.006,message,201,65.880,backend-1,true
0.064,message,201,8.360,backend-1,true
0.060,message,201,11.860,backend-2,true
0.065,message,201,7.370,backend-1,true
0.064,message,201,7.910,backend-1,true
0.060,message,201,12.270,backend-2,true
0.065,feed,200,7.360,backend-2,true
0.067,message,201,5.560,backend-1,true
0.063,message,201,8.910,backend-1,true
0.066,message,201,5.670,backend-1,true
0.056,message,201,16.540,backend-3,true
0.060,message,201,12.340,backend-2,true
0.062,message,201,10.440,backend-2,true
0.056,message,201,16.560,backend-3,true
0.062,feed,200,10.520,backend-2,true
0.062,feed,200,10.510,backend-2,true
0.062,feed,200,10.490,backend-2,true
0.056,message,201,16.030,backend-3,true
0.066,feed,200,5.650,backend-1,true
0.066,message,201,6.140,backend-1,true
0.062,message,201,10.470,backend-2,true
0.060,message,201,12.390,backend-2,true
0.056,message,201,16.600,backend-3,true
0.065,message,201,6.920,backend-2,true
0.066,message,201,6.300,backend-1,true
0.064,message,201,8.440,backend-1,true
0.066,message,201,6.360,backend-1,true
0.066,message,201,6.040,backend-1,true
0.064,message,201,8.170,backend-1,true
0.066,message,201,6.300,backend-1,true
0.062,message,201,10.560,backend-2,true
0.066,message,201,6.280,backend-1,true
0.066,message,201,5.920,backend-1,true
0.057,message,201,15.600,backend-3,true
0.057,message,201,15.570,backend-3,true
0.056,message,201,15.990,backend-3,true
0.065,message,201,7.130,backend-2,true
0.066,message,201,6.440,backend-1,true
0.062,message,201,10.320,backend-2,true
0.059,message,201,13.470,backend-2,true
0.056,message,201,16.130,backend-3,true
0.062,message,201,10.280,backend-2,true
0.066,message,201,5.800,backend-1,true
0.060,message,201,12.530,backend-2,true
0.066,message,201,6.450,backend-1,true
0.060,message,201,13.080,backend-2,true
0.060,message,201,12.430,backend-2,true
0.064,message,201,8.570,backend-1,true
0.066,message,201,6.350,backend-1,true
0.055,message,201,17.640,backend-3,true
0.032,message,201,40.430,backend-1,true
0.062,message,201,10.450,backend-2,true
0.064,message,201,8.470,backend-1,true
0.064,message,201,8.020,backend-1,true
0.070,feed,200,2.990,backend-2,true
0.070,feed,200,3.040,backend-2,true
0.064,message,201,9.470,backend-1,true
0.070,feed,200,3.110,backend-2,true
0.062,message,201,11.520,backend-2,true
0.066,message,201,7.430,backend-1,true
0.062,message,201,11.760,backend-2,true
0.062,message,201,11.450,backend-2,true
0.065,message,201,9.050,backend-1,true
0.066,message,201,7.730,backend-1,true
0.062,message,201,12.070,backend-2,true
0.066,message,201,7.790,backend-1,true
0.065,message,201,8.860,backend-1,true
0.070,feed,200,3.550,backend-2,true
0.065,message,201,8.750,backend-1,true
0.070,feed,200,3.530,backend-2,true
0.070,feed,200,3.760,backend-2,true
0.065,message,201,8.800,backend-1,true
0.066,message,201,8.060,backend-1,true
0.064,feed,200,10.240,backend-2,true
0.064,message,201,9.770,backend-1,true
0.055,message,201,20.290,backend-3,true
0.072,message,201,2.990,backend-2,true
0.056,message,201,18.470,backend-3,true
0.070,feed,200,4.580,backend-2,true
0.062,message,201,13.360,backend-2,true
0.064,message,201,10.930,backend-2,true
0.056,message,201,19.400,backend-3,true
0.070,feed,200,4.710,backend-2,true
0.064,message,201,11.240,backend-2,true
0.070,message,201,4.870,backend-2,true
0.062,message,201,13.350,backend-2,true
0.062,message,201,13.450,backend-2,true
0.072,feed,200,2.920,backend-2,true
0.061,message,201,13.560,backend-2,true
0.062,message,201,13.260,backend-2,true
0.068,feed,200,6.830,backend-1,true
0.064,message,201,10.860,backend-1,true
0.061,message,201,13.600,backend-2,true
0.070,feed,200,4.880,backend-2,true
0.067,message,201,7.970,backend-2,true
0.070,feed,200,4.620,backend-1,true
0.065,message,201,10.030,backend-1,true
0.070,feed,200,4.700,backend-1,true
0.061,message,201,13.690,backend-2,true
0.061,message,201,13.670,backend-2,true
0.072,feed,200,3.020,backend-2,true
0.062,message,201,13.360,backend-2,true
0.067,feed,200,8.000,backend-1,true
0.070,feed,200,4.750,backend-2,true
0.062,message,201,13.380,backend-2,true
0.062,message,201,13.600,backend-2,true
0.064,message,201,11.480,backend-2,true
0.063,message,201,11.730,backend-2,true
0.070,message,201,4.810,backend-2,true
0.062,message,201,13.650,backend-2,true
0.062,message,201,13.650,backend-2,true
0.070,message,201,4.940,backend-2,true
0.070,message,201,5.090,backend-2,true
0.063,message,201,12.320,backend-2,true
0.070,message,201,4.800,backend-2,true
0.070,feed,200,5.070,backend-1,true
0.072,feed,200,3.000,backend-2,true
0.070,feed,200,4.990,backend-2,true
0.072,feed,200,3.340,backend-2,true
0.072,feed,200,3.410,backend-1,true
0.070,feed,200,5.100,backend-2,true
0.073,feed,200,2.120,backend-1,true
0.072,feed,200,3.440,backend-2,true
0.073,feed,200,2.330,backend-1,true
0.070,feed,200,5.370,backend-2,true
0.072,feed,200,3.460,backend-1,true
0.074,feed,200,1.760,backend-2,true
0.073,feed,200,2.610,backend-1,true
0.070,feed,200,5.710,backend-1,true
0.070,feed,200,5.740,backend-1,true
0.072,feed,200,4.020,backend-2,true
0.072,feed,200,3.990,backend-2,true
0.073,feed,200,3.100,backend-1,true
0.070,feed,200,5.750,backend-2,true
0.074,feed,200,2.290,backend-1,true
0.070,feed,200,5.860,backend-1,true
0.073,feed,200,3.170,backend-1,true
0.072,feed,200,3.850,backend-2,true
0.074,feed,200,2.240,backend-1,true
0.072,feed,200,3.870,backend-2,true
0.072,feed,200,4.090,backend-2,true
0.072,feed,200,4.210,backend-2,true
0.072,feed,200,4.110,backend-2,true
0.072,feed,200,4.280,backend-2,true
0.055,message,201,21.330,backend-3,true
0.072,feed,200,4.420,backend-2,true
0.072,feed,200,4.430,backend-2,true
0.072,feed,200,4.290,backend-1,true
0.073,feed,200,3.520,backend-1,true
0.072,feed,200,4.320,backend-2,true
0.072,feed,200,4.240,backend-2,true
0.056,message,201,20.190,backend-3,true
0.074,feed,200,2.890,backend-1,true
0.072,feed,200,4.540,backend-2,true
0.055,message,201,21.650,backend-3,true
0.055,message,201,21.360,backend-3,true
0.073,feed,200,3.310,backend-1,true
0.072,feed,200,4.610,backend-2,true
0.072,feed,200,4.600,backend-2,true
0.056,message,201,20.870,backend-3,true
0.056,message,201,21.070,backend-3,true
0.055,message,201,21.470,backend-3,true
0.072,feed,200,4.660,backend-2,true
0.055,message,201,21.460,backend-3,true
0.072,feed,200,4.690,backend-2,true
0.070,message,201,6.870,backend-1,true
0.064,feed,200,13.100,backend-2,true
0.055,message,201,21.910,backend-3,true
0.055,message,201,22.220,backend-3,true
0.074,feed,200,3.190,backend-2,true
0.055,message,201,21.810,backend-3,true
0.055,message,201,22.130,backend-3,true
0.067,message,201,10.250,backend-1,true
0.068,message,201,9.180,backend-1,true
0.055,message,201,22.090,backend-3,true
0.055,message,201,22.510,backend-3,true
0.060,message,201,17.590,backend-3,true
0.059,message,201,18.690,backend-3,true
0.055,message,201,22.440,backend-3,true
0.075,feed,200,2.580,backend-2,true
0.075,feed,200,2.530,backend-2,true
0.067,message,201,10.370,backend-1,true
0.073,message,201,4.530,backend-2,true
0.068,message,201,9.460,backend-1,true
0.060,message,201,17.540,backend-3,true
0.068,message,201,9.310,backend-1,true
0.072,message,201,5.460,backend-2,true
0.072,message,201,5.310,backend-2,true
0.072,message,201,5.320,backend-2,true
0.072,message,201,5.510,backend-2,true
0.053,message,201,24.420,backend-3,true
0.068,message,201,9.290,backend-1,true
0.060,message,201,17.740,backend-3,true
0.070,message,201,7.430,backend-2,true
0.056,message,201,21.720,backend-3,true
0.070,message,201,7.250,backend-2,true
0.070,message,201,7.320,backend-2,true
0.068,message,201,9.390,backend-1,true
0.072,message,201,5.480,backend-2,true
0.054,message,201,24.100,backend-3,true
0.059,message,201,18.800,backend-3,true
0.068,message,201,9.530,backend-1,true
0.068,message,201,9.510,backend-1,true
0.055,message,201,22.370,backend-3,true
0.068,message,201,9.400,backend-1,true
0.075,feed,200,2.560,backend-2,true
0.072,message,201,5.430,backend-2,true
0.075,feed,200,2.640,backend-2,true
0.068,message,201,9.590,backend-1,true
0.072,message,201,5.740,backend-2,true
0.055,message,201,22.790,backend-3,true
0.072,message,201,6.090,backend-2,true
0.060,message,201,18.060,backend-3,true
0.070,message,201,7.740,backend-2,true
0.072,message,201,6.140,backend-2,true
0.072,message,201,6.020,backend-2,true
0.070,message,201,7.640,backend-2,true
0.059,message,201,19.300,backend-3,true
0.072,message,201,6.180,backend-2,true
0.072,message,201,6.350,backend-2,true
0.059,message,201,19.550,backend-3,true
0.072,message,201,6.220,backend-2,true
0.070,message,201,8.010,backend-2,true
0.072,message,201,6.120,backend-2,true
0.072,message,201,6.210,backend-2,true
0.072,message,201,6.240,backend-2,true
0.072,message,201,6.150,backend-2,true
0.072,message,201,6.420,backend-2,true
0.072,message,201,6.480,backend-2,true
0.072,message,201,6.530,backend-2,true
0.072,message,201,6.190,backend-2,true
0.072,message,201,6.450,backend-2,true
0.072,message,201,6.440,backend-2,true
0.072,message,201,6.450,backend-2,true
0.072,message,201,6.680,backend-2,true
0.072,message,201,6.500,backend-2,true
0.072,message,201,6.510,backend-2,true
0.072,message,201,6.530,backend-2,true
0.072,message,201,6.460,backend-2,true
0.075,message,201,3.710,backend-2,true
0.074,message,201,4.750,backend-2,true
0.073,message,201,5.520,backend-2,true
0.073,message,201,5.490,backend-2,true
0.072,message,201,6.770,backend-2,true
0.060,message,201,18.900,backend-3,true
0.075,message,201,3.800,backend-2,true
0.075,message,201,3.640,backend-2,true
0.074,message,201,4.830,backend-2,true
0.073,message,201,5.660,backend-2,true
0.075,message,201,3.960,backend-2,true
0.073,message,201,5.540,backend-2,true
0.075,message,201,3.710,backend-2,true
0.075,message,201,3.500,backend-2,true
0.075,message,201,3.500,backend-2,true
0.075,feed,200,4.160,backend-2,true
0.059,message,201,20.360,backend-3,true
0.059,message,201,20.500,backend-3,true
0.068,message,201,10.860,backend-1,true
0.075,feed,200,4.100,backend-2,true
0.075,feed,200,4.180,backend-2,true
0.064,feed,200,15.150,backend-2,true
0.070,message,201,8.990,backend-1,true
0.077,feed,200,2.290,backend-2,true
0.068,message,201,11.280,backend-1,true
0.079,feed,200,0.940,backend-2,true
0.060,feed,200,19.610,backend-3,true
0.070,message,201,9.350,backend-1,true
0.067,message,201,13.080,backend-1,true
0.068,message,201,11.690,backend-1,true
0.078,feed,200,2.330,backend-2,true
0.078,feed,200,2.410,backend-2,true
0.060,feed,200,20.370,backend-3,true
0.068,message,201,11.910,backend-1,true
0.070,message,201,9.980,backend-1,true
0.078,feed,200,2.690,backend-2,true
0.078,feed,200,2.560,backend-2,true
0.070,message,201,10.120,backend-1,true
0.078,feed,200,2.830,backend-2,true
0.070,message,201,10.200,backend-1,true
0.077,message,201,3.710,backend-2,true
0.076,message,201,4.720,backend-2,true
0.075,message,201,5.540,backend-2,true
0.075,message,201,5.650,backend-2,true
0.070,message,201,10.430,backend-1,true
0.075,message,201,5.610,backend-2,true
0.032,message,201,48.490,backend-1,true
0.075,message,201,5.650,backend-2,true
0.075,message,201,5.650,backend-2,true
0.070,message,201,10.480,backend-1,true
0.075,message,201,5.680,backend-2,true
0.074,message,201,6.730,backend-2,true
0.070,message,201,10.610,backend-1,true
0.075,message,201,5.740,backend-2,true
0.070,message,201,10.330,backend-1,true
0.075,message,201,5.860,backend-2,true
0.070,message,201,10.570,backend-1,true
0.070,message,201,10.440,backend-1,true
0.075,message,201,5.800,backend-2,true
0.079,message,201,2.280,backend-2,true
0.079,message,201,2.290,backend-2,true
0.079,message,201,2.220,backend-2,true
0.077,message,201,3.800,backend-2,true
0.075,message,201,5.710,backend-2,true
0.075,message,201,5.750,backend-2,true
0.072,message,201,8.690,backend-1,true
0.072,message,201,8.850,backend-1,true
0.079,message,201,1.900,backend-2,true
0.079,message,201,2.350,backend-2,true
0.075,message,201,5.990,backend-2,true
0.077,message,201,3.900,backend-2,true
0.079,message,201,2.360,backend-2,true
0.073,message,201,8.080,backend-1,true
0.074,message,201,7.240,backend-1,true
0.078,message,201,3.470,backend-2,true
0.073,message,201,8.130,backend-1,true
0.079,message,201,2.410,backend-2,true
0.074,message,201,7.320,backend-1,true
0.073,message,201,8.150,backend-1,true
0.079,message,201,2.190,backend-2,true
0.032,message,201,49.210,backend-1,true
0.077,message,201,4.630,backend-2,true
0.077,message,201,4.330,backend-2,true
0.077,message,201,4.460,backend-2,true
0.077,message,201,4.690,backend-2,true
0.077,message,201,4.320,backend-2,true
0.077,message,201,4.800,backend-2,true
0.077,message,201,4.300,backend-2,true
0.078,message,201,4.020,backend-2,true
0.077,message,201,4.630,backend-2,true
0.077,message,201,4.570,backend-2,true
0.078,message,201,4.090,backend-2,true
0.078,message,201,4.190,backend-2,true
0.078,message,201,4.410,backend-2,true
0.078,message,201,4.310,backend-2,true
0.078,message,201,4.280,backend-2,true
0.078,message,201,4.370,backend-2,true
0.078,message,201,4.440,backend-2,true
0.077,message,201,4.590,backend-2,true
0.078,message,201,4.330,backend-2,true
0.060,feed,200,21.970,backend-3,true
0.078,message,201,4.550,backend-2,true
0.078,message,201,4.340,backend-2,true
0.078,message,201,4.420,backend-2,true
0.078,message,201,4.550,backend-2,true
0.075,feed,200,7.040,backend-1,true
0.078,message,201,4.400,backend-2,true
0.078,feed,200,4.490,backend-2,true
0.078,feed,200,4.520,backend-2,true
0.078,feed,200,4.820,backend-2,true
0.078,feed,200,4.800,backend-2,true
0.078,feed,200,4.940,backend-2,true
0.078,feed,200,4.940,backend-2,true
0.062,feed,200,20.640,backend-3,true
0.078,feed,200,4.450,backend-2,true
0.078,feed,200,4.450,backend-2,true
0.078,feed,200,4.720,backend-2,true
0.062,feed,200,20.870,backend-3,true
0.078,feed,200,4.480,backend-2,true
0.078,feed,200,4.550,backend-2,true
0.079,feed,200,4.430,backend-2,true
0.079,feed,200,4.380,backend-2,true
0.062,feed,200,21.040,backend-3,true
0.078,feed,200,4.680,backend-2,true
0.079,feed,200,4.390,backend-2,true
0.075,feed,200,8.300,backend-1,true
0.062,feed,200,21.620,backend-3,true
0.075,feed,200,8.310,backend-1,true
0.064,feed,200,19.180,backend-2,true
0.062,feed,200,21.610,backend-3,true
0.073,feed,200,10.480,backend-1,true
0.062,feed,200,22.090,backend-3,true
0.078,message,201,6.390,backend-2,true
0.078,message,201,6.360,backend-2,true
0.062,feed,200,22.330,backend-3,true
0.078,message,201,6.420,backend-2,true
0.078,message,201,6.390,backend-2,true
0.078,message,201,6.320,backend-2,true
0.078,message,201,6.430,backend-2,true
0.078,message,201,6.340,backend-2,true
0.078,message,201,6.460,backend-2,true
0.075,feed,200,9.290,backend-1,true
0.078,message,201,6.590,backend-2,true
0.078,message,201,6.160,backend-2,true
0.078,message,201,6.600,backend-2,true
0.078,message,201,6.180,backend-2,true
0.078,message,201,6.180,backend-2,true
0.078,message,201,6.200,backend-2,true
0.078,message,201,5.950,backend-2,true
0.078,message,201,5.870,backend-2,true
0.078,message,201,5.940,backend-2,true
0.078,message,201,5.990,backend-2,true
0.078,message,201,5.930,backend-2,true
0.078,message,201,6.140,backend-2,true
0.079,message,201,6.020,backend-2,true
0.078,message,201,6.050,backend-2,true
0.079,message,201,5.900,backend-2,true
0.078,message,201,6.460,backend-2,true
0.078,message,201,6.140,backend-2,true
0.079,message,201,5.780,backend-2,true
0.078,message,201,6.180,backend-2,true
0.079,message,201,5.960,backend-2,true
0.078,message,201,6.500,backend-2,true
0.079,message,201,5.810,backend-2,true
0.079,message,201,5.810,backend-2,true
0.074,feed,200,10.870,backend-1,true
0.079,message,201,5.810,backend-2,true
0.079,message,201,5.790,backend-2,true
0.079,message,201,5.900,backend-2,true
0.075,feed,200,9.580,backend-1,true
0.079,message,201,5.770,backend-2,true
0.079,message,201,6.070,backend-2,true
0.079,message,201,5.790,backend-2,true
0.079,message,201,5.620,backend-2,true
0.079,message,201,6.160,backend-2,true
0.079,message,201,6.060,backend-2,true
0.081,message,201,4.110,backend-2,true
0.081,message,201,4.020,backend-2,true
0.081,message,201,4.350,backend-2,true
0.081,message,201,4.380,backend-2,true
0.081,message,201,4.180,backend-2,true
0.075,feed,200,9.840,backend-1,true
0.081,message,201,4.080,backend-2,true
0.081,message,201,4.120,backend-2,true
0.073,feed,200,12.160,backend-1,true
0.081,message,201,4.460,backend-2,true
0.080,message,201,5.540,backend-2,true
0.075,feed,200,10.070,backend-1,true
0.081,message,201,4.350,backend-2,true
0.081,feed,200,4.640,backend-2,true
0.082,feed,200,4.270,backend-2,true
0.082,feed,200,4.300,backend-2,true
0.082,feed,200,3.860,backend-2,true
0.082,feed,200,4.410,backend-2,true
0.082,feed,200,4.390,backend-2,true
0.082,feed,200,4.420,backend-2,true
0.082,feed,200,4.250,backend-2,true
0.082,feed,200,4.300,backend-2,true
0.062,feed,200,24.960,backend-3,true
0.060,message,201,27.440,backend-3,true
0.060,message,201,27.440,backend-3,true
0.060,message,201,27.510,backend-3,true
0.081,message,201,6.710,backend-2,true
0.081,message,201,6.580,backend-2,true
0.081,message,201,6.810,backend-2,true
0.082,message,201,5.580,backend-2,true
0.081,message,201,6.260,backend-2,true
0.062,message,201,26.140,backend-3,true
0.062,message,201,26.160,backend-3,true
0.062,message,201,26.260,backend-3,true
0.080,message,201,7.810,backend-2,true
0.082,message,201,6.040,backend-2,true
0.082,message,201,6.130,backend-2,true
0.080,message,201,8.040,backend-2,true
0.062,message,201,26.270,backend-3,true
0.082,message,201,6.120,backend-2,true
0.082,message,201,6.160,backend-2,true
0.082,message,201,6.230,backend-2,true
0.082,message,201,6.210,backend-2,true
0.082,message,201,6.790,backend-2,true
0.062,message,201,26.520,backend-3,true
0.082,message,201,6.660,backend-2,true
0.082,message,201,6.800,backend-2,true
0.080,message,201,8.410,backend-2,true
0.082,message,201,6.780,backend-2,true
0.082,message,201,6.450,backend-2,true
0.062,message,201,26.650,backend-3,true
0.082,message,201,6.550,backend-2,true
0.080,message,201,8.380,backend-2,true
0.062,message,201,26.700,backend-3,true
0.062,message,201,26.860,backend-3,true
0.080,message,201,8.390,backend-2,true
0.062,message,201,26.890,backend-3,true
0.062,message,201,27.060,backend-3,true
0.079,message,201,9.470,backend-2,true
0.080,feed,200,8.300,backend-2,true
0.081,feed,200,8.130,backend-2,true
0.080,message,201,8.430,backend-2,true
0.061,message,201,27.370,backend-3,true
0.083,message,201,5.930,backend-2,true
0.083,message,201,5.850,backend-2,true
0.065,feed,200,23.830,backend-3,true
0.080,message,201,8.500,backend-2,true
0.082,message,201,6.480,backend-2,true
0.081,feed,200,8.340,backend-2,true
0.083,message,201,6.360,backend-2,true
0.079,message,201,9.600,backend-2,true
0.080,message,201,9.090,backend-2,true
0.062,message,201,27.340,backend-3,true
0.080,message,201,8.930,backend-2,true
0.062,message,201,27.490,backend-3,true
0.062,message,201,27.340,backend-3,true
0.082,message,201,6.830,backend-2,true
0.083,message,201,6.280,backend-2,true
0.080,message,201,9.600,backend-2,true
0.083,message,201,6.420,backend-2,true
0.082,message,201,6.820,backend-2,true
0.062,message,201,27.280,backend-3,true
0.062,message,201,27.510,backend-3,true
0.083,message,201,6.130,backend-2,true
0.083,message,201,6.620,backend-2,true
0.080,message,201,9.280,backend-2,true
0.062,message,201,27.540,backend-3,true
0.079,message,201,9.820,backend-2,true
0.062,message,201,27.540,backend-3,true
0.055,message,201,34.240,backend-3,true
0.083,message,201,6.450,backend-2,true
0.062,message,201,27.560,backend-3,true
0.062,message,201,27.650,backend-3,true
0.079,message,201,9.860,backend-2,true
0.083,message,201,6.450,backend-2,true
0.080,message,201,9.210,backend-2,true
0.062,message,201,27.690,backend-3,true
0.082,message,201,7.100,backend-2,true
0.080,message,201,9.680,backend-2,true
0.080,message,201,9.570,backend-2,true
0.081,feed,200,8.410,backend-2,true
0.065,feed,200,24.760,backend-2,true
0.082,message,201,7.560,backend-2,true
0.085,feed,200,4.940,backend-2,true
0.089,feed,200,0.870,backend-3,true
0.085,feed,200,4.750,backend-2,true
0.085,feed,200,5.080,backend-2,true
0.082,message,201,7.620,backend-2,true
0.085,feed,200,4.800,backend-2,true
0.088,feed,200,1.770,backend-2,true
0.089,feed,200,0.980,backend-3,true
0.088,feed,200,1.910,backend-2,true
0.088,feed,200,1.970,backend-2,true
0.089,feed,200,1.470,backend-2,true
0.089,feed,200,1.070,backend-3,true
0.089,feed,200,1.050,backend-3,true
0.089,feed,200,0.900,backend-3,true
0.062,feed,200,28.580,backend-3,true
0.062,feed,200,28.940,backend-3,true
0.084,feed,200,6.590,backend-2,true
0.062,feed,200,29.040,backend-3,true
0.061,feed,200,29.130,backend-3,true
0.075,message,201,15.750,backend-1,true
0.084,feed,200,6.700,backend-2,true
0.075,message,201,15.610,backend-1,true
0.075,message,201,15.900,backend-1,true
0.084,feed,200,6.620,backend-2,true
0.061,feed,200,29.410,backend-3,true
0.076,message,201,15.150,backend-1,true
0.084,feed,200,6.630,backend-2,true
0.076,message,201,14.960,backend-1,true
0.084,feed,200,6.740,backend-2,true
0.076,message,201,15.010,backend-1,true
0.076,message,201,15.290,backend-1,true
0.084,feed,200,6.670,backend-2,true
0.076,message,201,15.180,backend-1,true
0.081,message,201,10.560,backend-2,true
0.080,message,201,10.760,backend-2,true
0.081,message,201,10.580,backend-2,true
0.076,message,201,15.290,backend-1,true
0.076,message,201,15.510,backend-1,true
0.080,message,201,10.770,backend-2,true
0.076,message,201,15.210,backend-1,true
0.076,message,201,15.180,backend-1,true
0.081,message,201,10.690,backend-2,true
0.081,message,201,10.710,backend-2,true
0.077,message,201,14.880,backend-1,true
0.081,message,201,10.600,backend-2,true
0.076,message,201,14.920,backend-1,true
0.081,message,201,10.880,backend-2,true
0.065,feed,200,26.430,backend-3,true
0.091,feed,200,0.450,backend-3,true
0.081,message,201,10.780,backend-2,true
0.081,message,201,10.890,backend-2,true
0.081,message,201,10.650,backend-2,true
0.077,message,201,14.900,backend-1,true
0.085,message,201,7.060,backend-2,true
0.085,message,201,7.130,backend-2,true
0.086,message,201,6.090,backend-2,true
0.055,message,201,36.970,backend-3,true
0.065,message,201,27.480,backend-3,true
0.085,message,201,7.050,backend-2,true
0.055,message,201,36.960,backend-3,true
0.065,message,201,26.990,backend-3,true
0.062,message,201,30.260,backend-3,true
0.055,message,201,36.710,backend-3,true
0.086,message,201,6.280,backend-2,true
0.055,message,201,36.830,backend-3,true
0.086,message,201,6.210,backend-2,true
0.055,message,201,37.070,backend-3,true
0.086,message,201,5.680,backend-2,true
0.055,message,201,37.050,backend-3,true
0.059,message,201,33.380,backend-3,true
0.085,message,201,7.460,backend-2,true
0.089,message,201,3.260,backend-3,true
0.085,message,201,7.110,backend-2,true
0.085,message,201,7.060,backend-2,true
0.085,message,201,7.110,backend-2,true
0.059,message,201,33.420,backend-3,true
0.065,message,201,27.020,backend-3,true
0.086,message,201,6.150,backend-2,true
0.089,message,201,3.010,backend-3,true
0.086,message,201,5.840,backend-2,true
0.089,message,201,3.060,backend-3,true
0.089,message,201,3.180,backend-3,true
0.086,message,201,6.170,backend-2,true
0.062,message,201,30.840,backend-3,true
0.089,message,201,3.500,backend-3,true
0.086,message,201,6.210,backend-2,true
0.089,message,201,3.400,backend-3,true
0.089,message,201,3.180,backend-3,true
0.088,message,201,4.000,backend-2,true
0.086,message,201,6.250,backend-2,true
0.089,message,201,3.250,backend-3,true
0.088,message,201,4.350,backend-2,true
0.089,message,201,3.320,backend-3,true
0.089,message,201,3.940,backend-2,true
0.088,message,201,4.350,backend-2,true
0.089,message,201,3.270,backend-3,true
0.089,message,201,3.360,backend-3,true
0.088,message,201,4.330,backend-2,true
0.090,message,201,2.560,backend-3,true
0.084,message,201,8.900,backend-2,true
0.090,message,201,2.630,backend-3,true
0.089,message,201,4.150,backend-2,true
0.089,message,201,4.230,backend-2,true
0.061,message,201,31.390,backend-3,true
0.090,message,201,2.740,backend-3,true
0.084,message,201,8.970,backend-2,true
0.061,message,201,31.530,backend-3,true
0.088,message,201,4.880,backend-2,true
0.088,message,201,4.660,backend-2,true
0.090,message,201,2.900,backend-3,true
0.084,message,201,8.770,backend-2,true
0.091,message,201,1.890,backend-3,true
0.061,message,201,31.650,backend-3,true
0.065,message,201,28.010,backend-3,true
0.089,message,201,4.590,backend-2,true
0.091,message,201,1.870,backend-3,true
0.089,message,201,3.840,backend-3,true
0.065,message,201,28.090,backend-3,true
0.091,message,201,1.990,backend-3,true
0.084,message,201,9.040,backend-2,true
0.065,message,201,28.170,backend-3,true
0.063,message,201,30.110,backend-3,true
0.084,message,201,8.990,backend-2,true
0.084,message,201,9.270,backend-2,true
0.084,message,201,8.990,backend-2,true
0.061,message,201,31.890,backend-3,true
0.084,message,201,9.340,backend-2,true
0.084,message,201,8.990,backend-2,true
0.084,message,201,9.080,backend-2,true
0.091,message,201,2.270,backend-3,true
0.091,message,201,1.890,backend-3,true
0.084,message,201,9.370,backend-2,true
0.084,message,201,9.350,backend-2,true
0.091,message,201,2.300,backend-3,true
0.091,message,201,1.930,backend-3,true
0.084,message,201,9.220,backend-2,true
0.091,message,201,2.140,backend-3,true
0.091,message,201,1.970,backend-3,true
0.065,message,201,28.120,backend-3,true
0.065,message,201,28.200,backend-3,true
0.062,message,201,31.810,backend-3,true
0.091,message,201,2.030,backend-3,true
0.092,feed,200,1.660,backend-3,true
0.092,feed,200,1.740,backend-3,true
0.084,feed,200,9.440,backend-2,true
0.092,feed,200,1.740,backend-3,true
0.092,feed,200,1.760,backend-3,true
0.093,feed,200,0.730,backend-3,true
0.084,feed,200,9.470,backend-2,true
0.092,feed,200,2.090,backend-3,true
0.092,feed,200,1.690,backend-3,true
0.092,feed,200,1.790,backend-3,true
0.093,feed,200,0.720,backend-3,true
0.092,feed,200,1.580,backend-3,true
0.085,feed,200,9.510,backend-2,true
0.085,feed,200,9.690,backend-2,true
0.093,feed,200,1.440,backend-3,true
0.065,feed,200,29.840,backend-2,true
0.074,message,201,20.590,backend-1,true
0.075,message,201,19.340,backend-1,true
0.093,feed,200,1.570,backend-3,true
0.093,feed,200,1.610,backend-3,true
0.092,feed,200,2.770,backend-2,true
0.093,feed,200,1.810,backend-3,true
0.093,feed,200,1.700,backend-3,true
0.092,feed,200,2.950,backend-2,true
0.092,feed,200,3.150,backend-2,true
0.093,feed,200,2.170,backend-3,true
0.093,feed,200,2.310,backend-3,true
0.085,message,201,11.010,backend-2,true
0.093,feed,200,2.510,backend-3,true
0.085,message,201,11.320,backend-2,true
0.085,message,201,11.380,backend-2,true
0.085,message,201,10.980,backend-2,true
0.085,message,201,11.450,backend-2,true
0.092,message,201,4.390,backend-3,true
0.092,message,201,4.390,backend-3,true
0.092,message,201,4.380,backend-2,true
0.085,message,201,11.490,backend-2,true
0.089,message,201,7.150,backend-2,true
0.089,message,201,6.820,backend-2,true
0.092,message,201,4.550,backend-3,true
0.090,message,201,6.660,backend-2,true
0.093,feed,200,2.980,backend-3,true
0.093,message,201,3.170,backend-3,true
0.091,message,201,6.050,backend-2,true
0.093,feed,200,3.380,backend-3,true
0.092,message,201,5.170,backend-2,true
0.085,message,201,12.210,backend-2,true
0.085,message,201,12.250,backend-2,true
0.085,message,201,12.280,backend-2,true
0.085,message,201,11.890,backend-2,true
0.093,message,201,3.860,backend-3,true
0.092,message,201,5.080,backend-3,true
0.093,message,201,3.850,backend-3,true
0.085,message,201,12.590,backend-2,true
0.090,message,201,7.250,backend-2,true
0.093,message,201,4.320,backend-2,true
0.092,message,201,4.770,backend-2,true
0.093,message,201,3.970,backend-3,true
0.066,message,201,31.220,backend-3,true
0.091,message,201,6.600,backend-2,true
0.093,message,201,4.170,backend-3,true
0.090,message,201,7.600,backend-2,true
0.085,message,201,12.280,backend-2,true
0.085,message,201,12.250,backend-2,true
0.090,message,201,7.290,backend-2,true
0.093,message,201,4.470,backend-2,true
0.085,message,201,12.710,backend-2,true
0.093,message,201,4.210,backend-3,true
0.093,message,201,4.160,backend-3,true
0.066,message,201,31.400,backend-3,true
0.093,message,201,4.050,backend-3,true
0.092,message,201,5.710,backend-2,true
0.093,message,201,4.560,backend-2,true
0.066,feed,200,31.450,backend-3,true
0.092,message,201,5.050,backend-3,true
0.075,message,201,22.250,backend-1,true
0.093,message,201,4.570,backend-3,true
0.092,message,201,5.030,backend-2,true
0.090,message,201,7.450,backend-2,true
0.092,message,201,5.030,backend-2,true
0.092,message,201,5.090,backend-2,true
0.092,message,201,5.120,backend-2,true
0.092,message,201,5.190,backend-3,true
0.090,message,201,7.630,backend-2,true
0.092,message,201,5.200,backend-3,true
0.092,message,201,5.220,backend-2,true
0.092,message,201,5.320,backend-3,true
0.093,message,201,4.860,backend-3,true
0.094,message,201,3.910,backend-3,true
0.094,message,201,3.940,backend-3,true
0.092,message,201,5.720,backend-2,true
0.093,message,201,4.890,backend-2,true
0.093,message,201,4.770,backend-3,true
0.092,message,201,5.600,backend-3,true
0.092,message,201,5.310,backend-3,true
0.093,message,201,4.430,backend-3,true
0.092,message,201,5.260,backend-2,true
0.092,message,201,5.360,backend-2,true
0.092,message,201,5.400,backend-2,true
0.094,message,201,4.020,backend-3,true
0.085,message,201,12.780,backend-2,true
0.092,message,201,5.690,backend-2,true
0.092,message,201,5.680,backend-3,true
0.092,message,201,5.680,backend-3,true
0.092,message,201,5.870,backend-2,true
0.092,message,201,5.750,backend-3,true
0.092,message,201,5.360,backend-3,true
0.092,message,201,5.820,backend-3,true
0.092,feed,200,5.900,backend-2,true
0.093,feed,200,4.660,backend-3,true
0.092,feed,200,5.420,backend-2,true
0.093,feed,200,4.670,backend-3,true
0.092,message,201,5.870,backend-3,true
0.092,message,201,5.920,backend-2,true
0.092,message,201,5.900,backend-3,true
0.091,message,201,6.560,backend-3,true
0.092,message,201,6.330,backend-2,true
0.093,feed,200,5.110,backend-3,true
0.085,message,201,13.040,backend-2,true
0.092,feed,200,6.060,backend-2,true
0.085,message,201,13.030,backend-2,true
0.092,message,201,6.040,backend-3,true
0.093,message,201,4.730,backend-3,true
0.091,message,201,7.520,backend-2,true
0.093,message,201,4.830,backend-3,true
0.093,message,201,4.910,backend-3,true
0.093,message,201,4.880,backend-3,true
0.093,message,201,4.880,backend-3,true
0.093,message,201,4.850,backend-3,true
0.093,message,201,4.810,backend-3,true
0.093,message,201,4.830,backend-3,true
0.093,message,201,4.970,backend-3,true
0.093,message,201,4.890,backend-3,true
0.092,message,201,6.580,backend-2,true
0.093,message,201,5.040,backend-3,true
0.081,feed,200,17.340,backend-2,true
0.093,message,201,4.980,backend-3,true
0.094,message,201,4.510,backend-3,true
0.093,message,201,5.080,backend-3,true
0.096,feed,200,2.520,backend-3,true
0.075,message,201,23.650,backend-1,true
0.075,message,201,23.380,backend-1,true
0.096,feed,200,2.280,backend-3,true
0.096,feed,200,2.610,backend-3,true
0.074,message,201,24.850,backend-1,true
0.075,message,201,23.590,backend-1,true
0.066,feed,200,32.860,backend-3,true
0.097,feed,200,1.710,backend-3,true
0.075,message,201,23.740,backend-1,true
0.075,message,201,23.740,backend-1,true
0.075,message,201,24.050,backend-1,true
0.097,feed,200,1.550,backend-3,true
0.097,feed,200,1.470,backend-3,true
0.076,message,201,23.540,backend-1,true
0.076,message,201,23.600,backend-1,true
0.098,feed,200,1.480,backend-3,true
0.098,feed,200,1.570,backend-3,true
0.098,feed,200,1.450,backend-3,true
0.075,message,201,23.900,backend-1,true
0.075,message,201,23.960,backend-1,true
0.094,message,201,5.660,backend-3,true
0.094,message,201,5.610,backend-3,true
0.098,feed,200,1.730,backend-2,true
0.094,message,201,5.720,backend-3,true
0.094,message,201,5.710,backend-3,true
0.094,message,201,5.410,backend-3,true
0.094,message,201,5.780,backend-3,true
0.096,message,201,3.560,backend-3,true
0.094,message,201,5.640,backend-3,true
0.094,message,201,5.830,backend-3,true
0.094,message,201,5.830,backend-3,true
0.095,message,201,5.110,backend-3,true
0.095,message,201,4.860,backend-3,true
0.094,message,201,5.460,backend-3,true
0.096,message,201,3.520,backend-3,true
0.094,message,201,5.260,backend-3,true
0.096,message,201,4.120,backend-3,true
0.095,message,201,4.760,backend-3,true
0.096,message,201,4.220,backend-3,true
0.095,message,201,4.890,backend-3,true
0.095,message,201,4.990,backend-3,true
0.096,message,201,4.340,backend-3,true
0.098,feed,200,2.140,backend-2,true
0.095,message,201,4.620,backend-3,true
0.095,message,201,5.240,backend-3,true
0.095,message,201,5.130,backend-3,true
0.096,message,201,3.820,backend-3,true
0.096,message,201,4.150,backend-3,true
0.095,message,201,5.340,backend-3,true
0.096,message,201,4.090,backend-3,true
0.096,message,201,4.030,backend-3,true
0.098,message,201,1.920,backend-3,true
0.096,message,201,4.250,backend-3,true
0.096,message,201,4.210,backend-3,true
0.096,message,201,4.110,backend-3,true
0.097,message,201,3.490,backend-3,true
0.098,message,201,2.670,backend-3,true
0.097,message,201,3.030,backend-3,true
0.095,message,201,5.170,backend-3,true
0.098,message,201,1.860,backend-3,true
0.098,message,201,2.700,backend-3,true
0.097,message,201,2.750,backend-3,true
0.099,message,201,1.720,backend-3,true
0.097,message,201,2.970,backend-3,true
0.097,message,201,2.980,backend-3,true
0.098,message,201,2.600,backend-3,true
0.098,message,201,2.590,backend-3,true
0.098,message,201,2.440,backend-3,true
0.098,message,201,2.630,backend-3,true
0.098,message,201,2.490,backend-3,true
0.098,message,201,2.640,backend-3,true
0.098,message,201,2.530,backend-3,true
0.098,feed,200,2.470,backend-3,true
0.098,feed,200,2.600,backend-3,true
0.098,feed,200,2.510,backend-3,true
0.098,feed,200,2.610,backend-3,true
0.098,feed,200,2.580,backend-3,true
0.076,message,201,24.770,backend-1,true
0.099,feed,200,2.360,backend-3,true
0.098,feed,200,2.660,backend-3,true
0.066,feed,200,35.050,backend-3,true
0.076,message,201,24.860,backend-1,true
0.076,message,201,25.050,backend-1,true
0.076,message,201,24.960,backend-1,true
0.076,message,201,25.050,backend-1,true
0.100,feed,200,0.960,backend-3,true
0.076,message,201,25.070,backend-1,true
0.100,feed,200,0.990,backend-3,true
0.076,message,201,25.260,backend-1,true
0.076,message,201,25.240,backend-1,true
0.076,message,201,25.310,backend-1,true
0.097,feed,200,4.130,backend-2,true
0.076,message,201,25.030,backend-1,true
0.076,message,201,25.100,backend-1,true
0.076,message,201,25.080,backend-1,true
0.100,feed,200,1.300,backend-3,true
0.076,message,201,25.190,backend-1,true
0.077,message,201,24.880,backend-1,true
0.077,message,201,24.780,backend-1,true
0.077,message,201,24.880,backend-1,true
0.077,message,201,24.930,backend-1,true
0.077,message,201,24.970,backend-1,true
0.077,message,201,25.080,backend-1,true
0.077,message,201,25.160,backend-1,true
0.100,feed,200,1.570,backend-3,true
0.033,message,201,69.390,backend-1,true
0.097,feed,200,4.740,backend-2,true
0.100,feed,200,1.910,backend-3,true
0.099,feed,200,3.350,backend-3,true
0.091,message,201,11.510,backend-2,true
0.098,message,201,4.470,backend-3,true
0.098,message,201,4.640,backend-3,true
0.098,message,201,4.380,backend-3,true
0.098,message,201,4.290,backend-3,true
0.098,message,201,4.430,backend-3,true
0.098,message,201,4.390,backend-3,true
0.091,message,201,11.770,backend-2,true
0.098,message,201,4.470,backend-3,true
0.091,message,201,11.900,backend-2,true
0.098,message,201,4.570,backend-3,true
0.098,message,201,4.500,backend-3,true
0.098,message,201,4.640,backend-3,true
0.098,message,201,4.520,backend-3,true
0.098,message,201,4.500,backend-3,true
0.098,message,201,4.790,backend-3,true
0.100,message,201,3.080,backend-3,true
0.099,message,201,4.470,backend-3,true
0.098,message,201,4.720,backend-3,true
0.098,message,201,4.740,backend-3,true
0.099,message,201,4.220,backend-3,true
0.098,message,201,4.760,backend-3,true
0.100,message,201,2.780,backend-3,true
0.099,message,201,4.170,backend-3,true
0.100,message,201,2.830,backend-3,true
0.100,message,201,3.140,backend-3,true
0.100,message,201,3.170,backend-3,true
0.100,message,201,3.210,backend-3,true
0.099,message,201,4.240,backend-3,true
0.100,message,201,2.840,backend-3,true
0.100,message,201,2.910,backend-3,true
0.100,message,201,3.130,backend-3,true
0.100,message,201,3.120,backend-3,true
0.099,message,201,4.180,backend-3,true
0.100,message,201,3.140,backend-3,true
0.099,message,201,4.040,backend-3,true
0.099,message,201,4.120,backend-3,true
0.089,message,201,14.240,backend-2,true
0.100,message,201,3.220,backend-3,true
0.089,message,201,14.290,backend-2,true
0.100,message,201,3.260,backend-3,true
0.101,message,201,2.910,backend-3,true
0.100,message,201,2.990,backend-3,true
0.101,message,201,2.760,backend-3,true
0.089,message,201,14.250,backend-2,true
0.101,message,201,2.860,backend-3,true
0.089,message,201,14.160,backend-2,true
0.099,message,201,4.950,backend-3,true
0.089,message,201,14.150,backend-2,true
0.099,message,201,4.750,backend-3,true
0.099,message,201,4.790,backend-3,true
0.089,message,201,14.350,backend-2,true
0.089,message,201,14.310,backend-2,true
0.099,message,201,4.900,backend-3,true
0.099,message,201,4.550,backend-3,true
0.099,message,201,4.920,backend-3,true
0.090,message,201,14.260,backend-2,true
0.099,message,201,4.490,backend-3,true
0.099,message,201,4.470,backend-3,true
0.099,message,201,4.810,backend-3,true
0.099,message,201,4.490,backend-3,true
0.100,feed,200,4.540,backend-3,true
0.090,message,201,14.480,backend-2,true
0.090,message,201,14.550,backend-2,true
0.100,feed,200,4.610,backend-3,true
0.100,feed,200,4.440,backend-3,true
0.090,message,201,14.590,backend-2,true
0.090,message,201,14.710,backend-2,true
0.101,feed,200,4.170,backend-3,true
0.100,feed,200,4.490,backend-3,true
0.091,message,201,14.050,backend-2,true
0.090,message,201,14.210,backend-2,true
0.066,feed,200,38.800,backend-3,true
0.091,message,201,14.330,backend-2,true
0.091,message,201,14.390,backend-2,true
0.103,feed,200,2.230,backend-3,true
0.103,feed,200,2.020,backend-3,true
0.091,message,201,14.210,backend-2,true
0.091,message,201,14.300,backend-2,true
0.091,message,201,14.300,backend-2,true
0.091,message,201,14.220,backend-2,true
0.091,message,201,14.250,backend-2,true
0.100,message,201,5.870,backend-3,true
0.100,message,201,5.840,backend-3,true
0.100,message,201,5.980,backend-3,true
0.099,message,201,6.040,backend-3,true
0.100,message,201,5.940,backend-3,true
0.091,message,201,14.320,backend-2,true
0.091,message,201,14.370,backend-2,true
0.091,message,201,14.560,backend-2,true
0.100,message,201,6.030,backend-3,true
0.099,message,201,6.140,backend-3,true
0.099,message,201,6.120,backend-3,true
0.100,message,201,5.910,backend-3,true
0.100,message,201,5.970,backend-3,true
0.099,message,201,6.130,backend-3,true
0.100,message,201,5.950,backend-3,true
0.091,message,201,14.370,backend-2,true
0.091,message,201,14.410,backend-2,true
0.098,message,201,8.240,backend-2,true
0.100,message,201,6.130,backend-3,true
0.100,message,201,6.040,backend-3,true
0.100,message,201,6.170,backend-3,true
0.098,message,201,8.300,backend-2,true
0.100,message,201,5.820,backend-3,true
0.100,message,201,5.800,backend-3,true
0.100,message,201,6.150,backend-3,true
0.100,message,201,6.200,backend-3,true
0.098,message,201,8.360,backend-2,true
0.100,message,201,6.160,backend-3,true
0.100,message,201,5.740,backend-3,true
0.092,message,201,13.910,backend-2,true
0.092,message,201,13.680,backend-2,true
0.100,message,201,6.370,backend-3,true
0.098,message,201,8.230,backend-2,true
0.100,message,201,6.200,backend-3,true
0.100,message,201,6.230,backend-3,true
0.100,message,201,5.800,backend-3,true
0.101,message,201,5.480,backend-3,true
0.103,message,201,3.220,backend-3,true
0.100,message,201,6.020,backend-3,true
0.103,message,201,3.310,backend-3,true
0.100,message,201,5.990,backend-3,true
0.097,message,201,9.060,backend-2,true
0.089,feed,200,17.800,backend-1,true
0.098,message,201,8.530,backend-2,true
0.103,message,201,3.300,backend-3,true
0.103,message,201,3.090,backend-3,true
0.103,message,201,3.310,backend-3,true
0.103,message,201,3.320,backend-3,true
0.101,message,201,5.190,backend-3,true
0.103,message,201,3.130,backend-3,true
0.098,message,201,8.820,backend-2,true
0.103,message,201,3.400,backend-3,true
0.101,message,201,5.610,backend-3,true
0.103,message,201,3.440,backend-3,true
0.098,message,201,8.790,backend-2,true
0.103,message,201,3.180,backend-3,true
0.103,message,201,3.390,backend-3,true
0.101,message,201,5.230,backend-3,true
0.101,message,201,5.100,backend-3,true
0.103,message,201,3.400,backend-3,true
0.101,message,201,5.950,backend-3,true
0.103,message,201,3.530,backend-3,true
0.103,message,201,3.450,backend-3,true
0.103,message,201,3.480,backend-3,true
0.103,message,201,3.500,backend-3,true
0.103,message,201,3.250,backend-3,true
0.102,feed,200,6.020,backend-3,true
0.103,feed,200,5.130,backend-3,true
0.103,feed,200,5.140,backend-3,true
0.104,feed,200,4.930,backend-3,true
0.097,message,201,11.340,backend-2,true
0.097,message,201,11.400,backend-2,true
0.102,feed,200,6.220,backend-3,true
0.103,feed,200,6.010,backend-3,true
0.102,feed,200,7.000,backend-3,true
0.102,feed,200,6.960,backend-3,true
0.102,feed,200,6.730,backend-3,true
0.102,feed,200,7.130,backend-3,true
0.097,message,201,11.490,backend-2,true
0.102,feed,200,6.240,backend-3,true
0.103,feed,200,5.950,backend-3,true
0.103,feed,200,6.160,backend-3,true
0.103,feed,200,6.220,backend-3,true
0.104,feed,200,5.940,backend-3,true
0.097,message,201,12.050,backend-2,true
0.102,message,201,7.510,backend-3,true
0.097,message,201,12.200,backend-2,true
0.103,message,201,6.130,backend-3,true
0.103,message,201,6.220,backend-3,true
0.097,message,201,12.410,backend-2,true
0.096,message,201,13.260,backend-2,true
0.102,message,201,7.640,backend-3,true
0.103,message,201,6.240,backend-3,true
0.098,message,201,11.940,backend-2,true
0.104,message,201,6.140,backend-3,true
0.089,feed,200,21.110,backend-1,true
0.089,feed,200,21.120,backend-1,true
0.104,message,201,6.140,backend-3,true
0.103,feed,200,6.380,backend-3,true
0.104,message,201,6.170,backend-3,true
0.097,message,201,12.500,backend-2,true
0.102,message,201,7.610,backend-3,true
0.097,message,201,12.420,backend-2,true
0.104,message,201,6.010,backend-3,true
0.097,message,201,12.690,backend-2,true
0.104,message,201,6.010,backend-3,true
0.104,message,201,6.190,backend-3,true
0.104,message,201,6.210,backend-3,true
0.104,message,201,6.180,backend-3,true
0.104,message,201,5.840,backend-3,true
0.104,message,201,5.950,backend-3,true
0.101,message,201,9.000,backend-3,true
0.104,message,201,6.130,backend-3,true
0.101,message,201,9.010,backend-3,true
0.101,message,201,8.900,backend-3,true
0.101,message,201,8.880,backend-3,true
0.102,message,201,8.850,backend-3,true
0.102,message,201,8.880,backend-3,true
0.102,message,201,8.990,backend-3,true
0.102,message,201,8.910,backend-3,true
0.102,message,201,9.020,backend-3,true
0.102,message,201,8.900,backend-3,true
0.102,message,201,8.890,backend-3,true
0.102,message,201,8.620,backend-3,true
0.089,feed,200,21.580,backend-1,true
0.102,message,201,8.640,backend-3,true
0.102,message,201,8.850,backend-3,true
0.102,message,201,8.610,backend-3,true
0.102,message,201,8.250,backend-3,true
0.102,message,201,8.430,backend-3,true
0.103,message,201,8.220,backend-3,true
0.103,message,201,8.210,backend-3,true
0.103,message,201,8.380,backend-3,true
0.102,message,201,8.510,backend-3,true
0.103,message,201,8.220,backend-3,true
0.103,message,201,7.760,backend-3,true
0.104,message,201,7.490,backend-3,true
0.102,message,201,8.650,backend-3,true
0.103,message,201,7.590,backend-3,true
0.103,message,201,7.970,backend-3,true
0.103,message,201,7.800,backend-3,true
0.104,message,201,7.560,backend-3,true
0.104,message,201,7.290,backend-3,true
0.104,message,201,7.280,backend-3,true
0.104,message,201,7.490,backend-3,true
0.104,message,201,7.630,backend-3,true
0.066,feed,200,45.500,backend-3,true
0.097,feed,200,14.220,backend-2,true
0.089,feed,200,22.220,backend-1,true
0.106,feed,200,5.710,backend-3,true
0.089,feed,200,22.600,backend-1,true
0.106,feed,200,5.500,backend-3,true
0.106,feed,200,5.500,backend-3,true
0.098,feed,200,14.140,backend-2,true
0.106,feed,200,5.770,backend-3,true
0.084,message,201,28.880,backend-1,true
0.084,message,201,28.920,backend-1,true
0.084,message,201,28.960,backend-1,true
0.083,message,201,28.990,backend-1,true
0.088,message,201,24.370,backend-1,true
0.088,message,201,25.060,backend-1,true
0.088,message,201,25.050,backend-1,true
0.088,message,201,25.050,backend-1,true
0.104,message,201,8.830,backend-3,true
0.104,message,201,8.620,backend-3,true
0.084,message,201,29.360,backend-1,true
0.106,message,201,6.930,backend-3,true
0.106,message,201,6.970,backend-3,true
0.106,message,201,6.850,backend-3,true
0.105,message,201,7.980,backend-3,true
0.088,message,201,25.330,backend-1,true
0.088,message,201,25.340,backend-1,true
0.106,message,201,6.880,backend-3,true
0.106,message,201,6.890,backend-3,true
0.084,message,201,29.210,backend-1,true
0.106,message,201,6.610,backend-3,true
0.106,message,201,7.000,backend-3,true
0.106,message,201,6.710,backend-3,true
0.105,message,201,7.970,backend-3,true
0.088,message,201,24.930,backend-1,true
0.106,message,201,7.180,backend-3,true
0.088,message,201,24.860,backend-1,true
0.106,message,201,7.130,backend-3,true
0.106,message,201,7.240,backend-3,true
0.106,message,201,7.270,backend-3,true
0.106,message,201,7.260,backend-3,true
0.106,message,201,6.970,backend-3,true
0.106,message,201,6.980,backend-3,true
0.088,message,201,25.000,backend-1,true
0.098,feed,200,15.570,backend-2,true
0.106,message,201,7.360,backend-3,true
0.110,message,201,3.800,backend-3,true
0.110,message,201,3.730,backend-3,true
0.110,message,201,3.800,backend-3,true
0.089,message,201,24.900,backend-1,true
0.110,message,201,3.910,backend-3,true
0.110,message,201,3.810,backend-3,true
0.089,message,201,24.600,backend-1,true
0.089,message,201,24.600,backend-1,true
0.088,message,201,25.280,backend-1,true
0.109,message,201,4.010,backend-3,true
0.110,message,201,3.840,backend-3,true
0.106,message,201,7.100,backend-3,true
0.106,message,201,7.070,backend-3,true
0.098,feed,200,15.510,backend-2,true
0.089,message,201,24.790,backend-1,true
0.106,message,201,7.490,backend-3,true
0.110,message,201,3.790,backend-3,true
0.110,message,201,3.770,backend-3,true
0.088,message,201,25.210,backend-1,true
0.088,message,201,25.440,backend-1,true
0.088,message,201,25.600,backend-1,true
0.110,message,201,3.790,backend-3,true
0.110,message,201,3.610,backend-3,true
0.110,message,201,3.820,backend-3,true
0.110,message,201,4.040,backend-3,true
0.110,message,201,3.960,backend-3,true
0.110,message,201,3.890,backend-3,true
0.110,message,201,4.050,backend-3,true
0.089,message,201,24.910,backend-1,true
0.089,message,201,24.960,backend-1,true
0.098,feed,200,16.030,backend-2,true
0.109,message,201,5.640,backend-3,true
0.111,feed,200,3.200,backend-3,true
0.111,feed,200,3.250,backend-3,true
0.110,message,201,4.550,backend-3,true
0.110,message,201,3.870,backend-3,true
0.110,message,201,4.470,backend-3,true
0.110,message,201,4.010,backend-3,true
0.111,message,201,3.740,backend-3,true
0.109,message,201,5.620,backend-3,true
0.110,message,201,3.990,backend-3,true
0.089,message,201,25.160,backend-1,true
0.089,message,201,25.390,backend-1,true
0.032,message,201,82.000,backend-1,true
0.089,message,201,25.070,backend-1,true
0.109,message,201,5.700,backend-3,true
0.111,feed,200,3.280,backend-3,true
0.111,message,201,3.200,backend-3,true
0.109,message,201,5.330,backend-3,true
0.089,message,201,25.440,backend-1,true
0.089,message,201,25.330,backend-1,true
0.089,message,201,25.400,backend-1,true
0.111,feed,200,3.330,backend-3,true
0.089,message,201,25.390,backend-1,true
0.089,message,201,25.140,backend-1,true
0.089,message,201,25.020,backend-1,true
0.089,message,201,25.660,backend-1,true
0.111,feed,200,3.470,backend-3,true
0.089,message,201,25.180,backend-1,true
0.106,feed,200,9.180,backend-3,true
0.110,feed,200,5.160,backend-2,true
0.097,message,201,18.280,backend-2,true
0.097,message,201,18.490,backend-2,true
0.097,message,201,18.350,backend-2,true
0.108,message,201,7.420,backend-3,true
0.109,message,201,7.240,backend-3,true
0.114,feed,200,2.360,backend-3,true
0.110,message,201,6.430,backend-3,true
0.111,message,201,4.840,backend-3,true
0.111,message,201,4.910,backend-3,true
0.109,message,201,7.380,backend-3,true
0.097,message,201,18.680,backend-2,true
0.109,message,201,7.560,backend-3,true
0.109,message,201,7.560,backend-3,true
0.111,message,201,5.060,backend-3,true
0.111,message,201,5.130,backend-3,true
0.111,message,201,5.410,backend-3,true
0.111,message,201,5.070,backend-3,true
0.098,message,201,18.610,backend-2,true
0.110,message,201,6.410,backend-3,true
0.111,message,201,5.200,backend-3,true
0.098,message,201,18.700,backend-2,true
0.105,message,201,11.130,backend-3,true
0.105,message,201,11.600,backend-3,true
0.096,message,201,20.100,backend-2,true
0.111,message,201,5.320,backend-3,true
0.105,message,201,11.640,backend-3,true
0.105,message,201,11.640,backend-3,true
0.106,message,201,11.010,backend-3,true
0.106,message,201,11.000,backend-3,true
0.106,message,201,11.100,backend-3,true
0.105,message,201,11.320,backend-3,true
0.097,message,201,19.330,backend-2,true
0.105,message,201,11.380,backend-3,true
0.105,message,201,11.150,backend-3,true
0.097,message,201,20.100,backend-2,true
0.106,message,201,11.100,backend-3,true
0.106,message,201,11.090,backend-3,true
0.106,message,201,11.040,backend-3,true
0.106,message,201,11.120,backend-3,true
0.106,message,201,11.140,backend-3,true
0.106,message,201,11.200,backend-3,true
0.097,message,201,19.480,backend-2,true
0.105,message,201,11.220,backend-3,true
0.106,message,201,11.100,backend-3,true
0.097,message,201,19.470,backend-2,true
0.106,message,201,11.190,backend-3,true
0.106,message,201,11.150,backend-3,true
0.106,message,201,11.210,backend-3,true
0.116,feed,200,0.670,backend-1,true
0.106,message,201,11.370,backend-3,true
0.106,message,201,10.920,backend-3,true
0.106,message,201,11.440,backend-3,true
0.106,message,201,10.930,backend-3,true
0.106,message,201,10.510,backend-3,true
0.106,message,201,10.560,backend-3,true
0.106,message,201,10.970,backend-3,true
0.106,message,201,11.030,backend-3,true
0.106,message,201,10.690,backend-3,true
0.106,message,201,10.690,backend-3,true
0.106,message,201,10.770,backend-3,true
0.066,message,201,51.300,backend-3,true
0.114,message,201,3.640,backend-3,true
0.114,message,201,3.560,backend-3,true
0.114,feed,200,3.690,backend-3,true
0.116,feed,200,1.310,backend-1,true
0.113,feed,200,4.660,backend-3,true
0.113,feed,200,4.510,backend-3,true
0.113,feed,200,4.730,backend-3,true
0.113,feed,200,4.770,backend-3,true
0.113,feed,200,4.660,backend-3,true
0.113,feed,200,4.880,backend-3,true
0.113,feed,200,4.810,backend-3,true
0.113,feed,200,4.860,backend-3,true
0.113,feed,200,5.040,backend-3,true
0.113,feed,200,4.980,backend-3,true
0.113,feed,200,5.080,backend-3,true
0.114,feed,200,4.850,backend-3,true
0.113,feed,200,5.190,backend-3,true
0.113,feed,200,5.320,backend-3,true
0.098,message,201,21.060,backend-2,true
0.113,feed,200,5.560,backend-3,true
0.098,message,201,21.190,backend-2,true
0.114,feed,200,4.810,backend-3,true
0.098,message,201,21.340,backend-2,true
0.098,message,201,21.370,backend-2,true
0.098,message,201,21.450,backend-2,true
0.098,message,201,21.570,backend-2,true
0.098,message,201,21.600,backend-2,true
0.098,message,201,21.670,backend-2,true
0.114,message,201,5.780,backend-3,true
0.114,message,201,5.940,backend-3,true
0.114,message,201,6.680,backend-3,true
0.114,message,201,6.560,backend-3,true
0.098,message,201,22.360,backend-2,true
0.114,message,201,6.450,backend-3,true
0.113,message,201,6.700,backend-3,true
0.109,message,201,11.540,backend-2,true
0.111,message,201,9.990,backend-2,true
0.113,message,201,7.280,backend-3,true
0.114,message,201,6.790,backend-3,true
0.109,message,201,11.890,backend-2,true
0.111,message,201,10.010,backend-2,true
0.110,message,201,10.160,backend-2,true
0.114,message,201,6.920,backend-3,true
0.114,message,201,6.250,backend-3,true
0.113,message,201,7.590,backend-3,true
0.114,message,201,6.820,backend-3,true
0.101,message,201,19.680,backend-2,true
0.101,message,201,19.710,backend-2,true
0.113,message,201,7.540,backend-3,true
0.113,message,201,7.530,backend-3,true
0.098,message,201,22.820,backend-2,true
0.112,message,201,8.780,backend-3,true
0.113,message,201,7.630,backend-3,true
0.113,message,201,7.260,backend-3,true
0.114,message,201,6.330,backend-3,true
0.098,message,201,22.860,backend-2,true
0.114,message,201,6.370,backend-3,true
0.113,message,201,7.570,backend-3,true
0.110,message,201,10.380,backend-2,true
0.114,message,201,6.380,backend-3,true
0.112,message,201,8.250,backend-3,true
0.114,message,201,7.180,backend-3,true
0.114,feed,200,7.100,backend-3,true
0.113,message,201,7.250,backend-3,true
0.113,message,201,8.010,backend-3,true
0.114,message,201,7.120,backend-3,true
0.114,message,201,6.450,backend-3,true
0.114,message,201,7.230,backend-3,true
0.114,message,201,7.040,backend-3,true
0.113,message,201,7.370,backend-3,true
0.113,message,201,7.470,backend-3,true
0.109,message,201,12.130,backend-2,true
0.113,message,201,7.290,backend-3,true
0.110,message,201,10.530,backend-2,true
0.111,message,201,10.190,backend-2,true
0.113,message,201,7.300,backend-3,true
0.115,message,201,5.550,backend-3,true
0.109,message,201,12.100,backend-2,true
0.112,message,201,8.320,backend-3,true
0.114,message,201,7.230,backend-3,true
0.109,message,201,12.230,backend-2,true
0.113,message,201,7.480,backend-3,true
0.113,message,201,7.390,backend-3,true
0.114,message,201,7.030,backend-3,true
0.114,message,201,7.260,backend-3,true
0.114,message,201,7.300,backend-3,true
0.113,message,201,7.550,backend-3,true
0.109,message,201,12.190,backend-2,true
0.098,message,201,22.740,backend-2,true
0.098,message,201,23.080,backend-2,true
0.114,message,201,7.130,backend-3,true
0.114,message,201,6.590,backend-3,true
0.113,message,201,7.770,backend-3,true
0.111,message,201,10.280,backend-2,true
0.113,message,201,7.850,backend-3,true
0.097,message,201,24.010,backend-2,true
0.113,message,201,7.880,backend-3,true
0.113,feed,200,7.450,backend-3,true
0.080,message,201,40.440,backend-2,true
0.114,message,201,7.330,backend-3,true
0.111,message,201,10.300,backend-2,true
0.098,message,201,23.260,backend-2,true
0.111,message,201,10.380,backend-2,true
0.098,message,201,23.110,backend-2,true
0.113,message,201,8.250,backend-3,true
0.113,message,201,8.550,backend-3,true
0.109,message,201,12.290,backend-2,true
0.119,feed,200,2.130,backend-3,true
0.110,message,201,11.330,backend-2,true
0.120,feed,200,1.460,backend-3,true
0.110,message,201,11.560,backend-2,true
0.116,feed,200,5.650,backend-3,true
0.117,feed,200,5.170,backend-1,true
0.111,message,201,10.610,backend-2,true
0.112,message,201,10.460,backend-2,true
0.113,message,201,9.530,backend-1,true
0.113,message,201,9.560,backend-1,true
0.117,feed,200,5.610,backend-3,true
0.111,message,201,11.010,backend-1,true
0.008,message,201,114.940,backend-1,true
0.114,message,201,8.270,backend-3,true
0.032,message,201,90.170,backend-1,true
0.018,message,201,105.110,backend-1,true
0.114,message,201,8.280,backend-3,true
0.114,message,201,8.240,backend-3,true
0.114,message,201,8.260,backend-3,true
0.114,message,201,8.390,backend-3,true
0.119,message,201,3.350,backend-3,true
0.120,message,201,3.210,backend-3,true
0.104,message,201,18.500,backend-3,true
0.120,message,201,3.280,backend-3,true
0.033,message,201,89.360,backend-1,true
0.119,message,201,3.490,backend-3,true
0.119,message,201,3.830,backend-3,true
0.017,message,201,105.990,backend-1,true
0.118,message,201,4.880,backend-3,true
0.118,message,201,4.970,backend-3,true
0.119,message,201,3.950,backend-3,true
0.118,message,201,4.530,backend-3,true
0.034,message,201,89.270,backend-1,true
0.119,message,201,3.780,backend-3,true
0.034,message,201,89.500,backend-1,true
0.117,message,201,5.590,backend-3,true
0.118,message,201,5.210,backend-3,true
0.118,message,201,5.190,backend-3,true
0.032,message,201,90.610,backend-1,true
0.118,message,201,5.280,backend-3,true
0.119,message,201,4.460,backend-3,true
0.118,message,201,5.470,backend-3,true
0.119,message,201,4.530,backend-3,true
0.118,message,201,5.530,backend-3,true
0.033,message,201,90.090,backend-1,true
0.033,message,201,90.100,backend-1,true
0.118,message,201,4.780,backend-3,true
0.116,message,201,7.490,backend-3,true
0.036,message,201,87.440,backend-1,true
0.116,message,201,7.290,backend-3,true
0.119,message,201,4.430,backend-3,true
0.033,message,201,90.080,backend-1,true
0.036,message,201,87.150,backend-1,true
0.119,message,201,4.320,backend-3,true
0.036,message,201,87.120,backend-1,true
0.116,message,201,7.290,backend-3,true
0.118,message,201,5.080,backend-3,true
0.076,message,201,46.900,backend-1,true
0.025,message,201,98.150,backend-1,true
0.118,message,201,5.100,backend-3,true
0.116,message,201,7.350,backend-3,true
0.041,message,201,82.220,backend-1,true
0.034,message,201,89.580,backend-1,true
0.035,message,201,88.600,backend-1,true
0.116,message,201,7.400,backend-3,true
0.116,message,201,7.290,backend-3,true
0.116,message,201,7.620,backend-1,true
0.116,message,201,7.660,backend-1,true
0.117,message,201,6.900,backend-3,true
0.117,message,201,6.910,backend-3,true
0.117,message,201,6.910,backend-3,true
0.117,message,201,6.960,backend-3,true
0.116,message,201,7.560,backend-1,true
0.076,message,201,47.550,backend-1,true
0.116,message,201,7.700,backend-1,true
0.117,message,201,7.110,backend-3,true
0.117,message,201,7.160,backend-3,true
0.116,message,201,7.490,backend-1,true
0.117,message,201,7.160,backend-3,true
0.117,message,201,7.140,backend-3,true
0.117,message,201,6.840,backend-3,true
0.116,message,201,7.790,backend-1,true
0.117,message,201,7.210,backend-3,true
0.076,message,201,47.350,backend-1,true
0.116,message,201,7.680,backend-1,true
0.116,message,201,7.590,backend-1,true
0.117,message,201,6.950,backend-3,true
0.116,message,201,7.660,backend-1,true
0.116,message,201,7.840,backend-1,true
0.121,message,201,3.420,backend-3,true
0.122,message,201,2.430,backend-3,true
0.117,message,201,7.030,backend-3,true
0.104,message,201,19.680,backend-3,true
0.116,message,201,7.870,backend-1,true
0.116,message,201,7.880,backend-1,true
0.116,message,201,8.110,backend-1,true
0.122,feed,200,2.050,backend-3,true
0.076,message,201,47.880,backend-1,true
0.121,feed,200,3.720,backend-3,true
0.121,feed,200,3.670,backend-3,true
0.117,message,201,7.670,backend-1,true
0.121,feed,200,3.770,backend-3,true
0.116,message,201,8.290,backend-1,true
0.116,message,201,8.340,backend-1,true
0.116,message,201,8.390,backend-1,true
0.117,message,201,7.990,backend-1,true
0.117,message,201,7.980,backend-1,true
0.121,feed,200,3.780,backend-3,true
0.117,message,201,8.050,backend-1,true
0.120,feed,200,4.510,backend-3,true
0.117,message,201,8.120,backend-1,true
0.121,feed,200,4.220,backend-3,true
0.120,feed,200,4.690,backend-3,true
0.099,feed,200,26.240,backend-2,true
0.117,message,201,8.240,backend-1,true
0.121,feed,200,4.240,backend-3,true
0.117,message,201,8.340,backend-1,true
0.117,message,201,8.530,backend-1,true
0.117,message,201,8.550,backend-1,true
0.121,feed,200,4.660,backend-3,true
0.121,feed,200,4.540,backend-3,true
0.121,feed,200,4.580,backend-3,true
0.121,feed,200,4.860,backend-3,true
0.121,feed,200,4.940,backend-3,true
0.121,feed,200,4.340,backend-3,true
0.117,feed,200,8.730,backend-1,true
0.111,feed,200,14.770,backend-2,true
0.111,feed,200,15.210,backend-2,true
0.122,message,201,4.230,backend-3,true
0.117,feed,200,8.860,backend-1,true
0.121,message,201,5.520,backend-3,true
0.121,message,201,5.500,backend-3,true
0.121,message,201,5.550,backend-3,true
0.121,message,201,5.640,backend-3,true
0.120,message,201,5.830,backend-3,true
0.121,message,201,5.540,backend-3,true
0.121,message,201,5.350,backend-3,true
0.121,message,201,5.550,backend-3,true
0.121,message,201,5.490,backend-3,true
0.121,message,201,5.470,backend-3,true
0.121,message,201,5.740,backend-3,true
0.121,message,201,5.570,backend-3,true
0.121,message,201,5.530,backend-3,true
0.121,message,201,5.620,backend-3,true
0.121,message,201,5.440,backend-3,true
0.121,message,201,5.790,backend-3,true
0.121,message,201,5.640,backend-3,true
0.121,message,201,5.580,backend-3,true
0.121,message,201,5.790,backend-3,true
0.121,message,201,5.520,backend-3,true
0.121,message,201,5.530,backend-3,true
0.121,message,201,5.470,backend-3,true
0.121,message,201,5.550,backend-3,true
0.121,message,201,5.510,backend-3,true
0.121,message,201,5.710,backend-3,true
0.121,message,201,5.660,backend-3,true
0.121,message,201,5.870,backend-3,true
0.121,message,201,5.950,backend-3,true
0.120,message,201,6.390,backend-3,true
0.121,message,201,5.750,backend-3,true
0.121,message,201,5.780,backend-3,true
0.121,message,201,5.920,backend-3,true
0.121,message,201,5.520,backend-3,true
0.121,message,201,5.950,backend-3,true
0.120,message,201,6.520,backend-3,true
0.121,message,201,5.850,backend-3,true
0.121,message,201,5.800,backend-3,true
0.121,message,201,5.780,backend-3,true
0.121,message,201,5.540,backend-3,true
0.121,message,201,5.820,backend-3,true
0.122,message,201,5.350,backend-3,true
0.124,message,201,2.650,backend-3,true
0.122,message,201,5.020,backend-3,true
0.117,feed,200,9.880,backend-1,true
0.122,message,201,5.170,backend-3,true
0.122,message,201,4.880,backend-3,true
0.122,message,201,5.290,backend-3,true
0.104,message,201,22.700,backend-3,true
0.124,message,201,2.800,backend-3,true
0.124,message,201,2.870,backend-3,true
0.124,feed,200,2.870,backend-1,true
0.123,feed,200,4.610,backend-3,true
0.124,feed,200,3.080,backend-1,true
0.124,feed,200,3.240,backend-1,true
0.125,feed,200,3.160,backend-1,true
0.125,feed,200,3.100,backend-1,true
0.123,feed,200,4.690,backend-3,true
0.123,feed,200,4.600,backend-3,true
0.123,feed,200,4.600,backend-3,true
0.123,feed,200,4.630,backend-3,true
0.125,feed,200,3.050,backend-1,true
0.098,message,201,30.400,backend-2,true
0.101,message,201,27.670,backend-2,true
0.101,message,201,27.670,backend-2,true
0.101,message,201,27.520,backend-2,true
0.123,feed,200,5.270,backend-3,true
0.124,feed,200,5.010,backend-3,true
0.124,feed,200,5.020,backend-3,true
0.105,message,201,23.790,backend-2,true
0.105,message,201,24.170,backend-2,true
0.111,message,201,18.170,backend-2,true
0.101,message,201,27.760,backend-2,true
0.111,message,201,18.210,backend-2,true
0.126,feed,200,2.760,backend-3,true
0.111,message,201,17.820,backend-2,true
0.111,message,201,18.300,backend-2,true
0.111,message,201,17.930,backend-2,true
0.111,message,201,17.610,backend-2,true
0.112,message,201,17.350,backend-2,true
0.124,feed,200,5.380,backend-1,true
0.112,message,201,17.390,backend-2,true
0.124,feed,200,5.410,backend-1,true
0.112,message,201,17.450,backend-2,true
0.112,message,201,17.070,backend-2,true
0.113,message,201,16.820,backend-2,true
0.081,message,201,48.720,backend-2,true
0.113,message,201,16.800,backend-2,true
0.126,feed,200,3.210,backend-3,true
0.124,feed,200,5.740,backend-1,true
0.112,message,201,17.120,backend-2,true
0.112,message,201,17.080,backend-2,true
0.124,message,201,5.280,backend-3,true
0.124,feed,200,5.780,backend-1,true
0.124,feed,200,5.600,backend-1,true
0.124,message,201,5.250,backend-3,true
0.122,message,201,7.220,backend-3,true
0.124,feed,200,5.800,backend-1,true
0.123,message,201,7.170,backend-3,true
0.123,message,201,7.170,backend-3,true
0.122,message,201,7.490,backend-3,true
0.122,message,201,7.390,backend-3,true
0.124,feed,200,5.880,backend-1,true
0.123,message,201,7.120,backend-3,true
0.123,message,201,7.130,backend-3,true
0.123,message,201,7.200,backend-3,true
0.123,message,201,7.140,backend-3,true
0.123,message,201,7.150,backend-3,true
0.123,message,201,7.230,backend-3,true
0.123,message,201,7.210,backend-3,true
0.123,message,201,7.290,backend-3,true
0.123,message,201,7.260,backend-3,true
0.123,message,201,7.220,backend-3,true
0.123,message,201,7.350,backend-3,true
0.123,message,201,7.300,backend-3,true
0.123,message,201,7.230,backend-3,true
0.123,message,201,7.330,backend-3,true
0.123,message,201,7.240,backend-3,true
0.123,message,201,7.390,backend-3,true
0.124,feed,200,6.430,backend-1,true
0.123,message,201,7.350,backend-3,true
0.123,message,201,7.370,backend-3,true
0.123,message,201,7.390,backend-3,true
0.123,message,201,7.510,backend-3,true
0.123,message,201,7.380,backend-3,true
0.124,feed,200,6.620,backend-1,true
0.123,message,201,7.530,backend-3,true
0.123,message,201,7.490,backend-3,true
0.123,message,201,7.350,backend-3,true
0.123,message,201,7.340,backend-3,true
0.123,message,201,7.350,backend-3,true
0.123,message,201,7.550,backend-3,true
0.123,message,201,7.260,backend-3,true
0.121,feed,200,10.140,backend-2,true
0.124,feed,200,6.680,backend-1,true
0.124,message,201,7.150,backend-3,true
0.124,message,201,7.300,backend-3,true
0.123,message,201,7.440,backend-3,true
0.125,feed,200,6.120,backend-1,true
0.123,message,201,7.480,backend-3,true
0.124,message,201,7.240,backend-3,true
0.125,feed,200,6.190,backend-1,true
0.127,message,201,4.000,backend-3,true
0.121,feed,200,10.160,backend-2,true
0.127,message,201,3.970,backend-3,true
0.105,message,201,26.270,backend-3,true
0.127,message,201,4.030,backend-3,true
0.126,message,201,4.860,backend-3,true
0.126,message,201,4.950,backend-3,true
0.126,message,201,5.030,backend-3,true
0.126,message,201,5.050,backend-3,true
0.126,message,201,5.010,backend-3,true
0.125,feed,200,6.410,backend-1,true
0.126,message,201,5.100,backend-3,true
0.121,feed,200,10.700,backend-2,true
0.126,feed,200,5.270,backend-3,true
0.127,feed,200,5.190,backend-3,true
0.127,feed,200,5.000,backend-3,true
0.127,feed,200,5.010,backend-3,true
0.121,feed,200,11.350,backend-2,true
0.131,feed,200,1.070,backend-3,true
0.121,feed,200,11.380,backend-2,true
0.131,feed,200,1.080,backend-3,true
0.121,feed,200,11.610,backend-2,true
0.121,feed,200,11.850,backend-2,true
0.117,message,201,15.720,backend-1,true
0.117,message,201,15.700,backend-1,true
0.117,message,201,16.110,backend-1,true
0.131,feed,200,2.210,backend-3,true
0.126,message,201,6.480,backend-3,true
0.117,message,201,15.920,backend-1,true
0.126,message,201,6.510,backend-3,true
0.126,message,201,6.570,backend-3,true
0.126,message,201,6.600,backend-3,true
0.126,message,201,6.640,backend-3,true
0.126,message,201,6.620,backend-3,true
0.127,message,201,6.490,backend-3,true
0.127,message,201,6.530,backend-3,true
0.117,message,201,16.190,backend-1,true
0.127,message,201,6.510,backend-3,true
0.127,message,201,6.600,backend-3,true
0.127,message,201,6.480,backend-3,true
0.127,message,201,6.410,backend-3,true
0.127,message,201,6.440,backend-3,true
0.127,message,201,6.380,backend-3,true
0.127,message,201,6.400,backend-3,true
0.117,message,201,16.480,backend-1,true
0.127,message,201,6.440,backend-3,true
0.127,message,201,6.610,backend-3,true
0.117,message,201,16.300,backend-1,true
0.117,message,201,16.420,backend-1,true
0.105,message,201,28.540,backend-3,true
0.131,message,201,2.620,backend-3,true
0.127,message,201,6.520,backend-3,true
0.076,message,201,57.230,backend-1,true
0.131,message,201,2.590,backend-3,true
0.127,message,201,6.550,backend-3,true
0.132,message,201,2.150,backend-3,true
0.125,message,201,9.000,backend-1,true
0.129,message,201,4.520,backend-3,true
0.131,message,201,2.420,backend-3,true
0.117,message,201,16.670,backend-1,true
0.117,message,201,16.360,backend-1,true
0.132,message,201,2.110,backend-3,true
0.130,message,201,3.340,backend-3,true
0.131,message,201,2.840,backend-3,true
0.125,message,201,9.140,backend-1,true
0.127,message,201,6.820,backend-3,true
0.130,message,201,3.490,backend-3,true
0.129,message,201,4.600,backend-3,true
0.131,message,201,2.540,backend-3,true
0.129,message,201,4.600,backend-3,true
0.131,message,201,2.870,backend-3,true
0.131,message,201,2.800,backend-3,true
0.130,message,201,3.460,backend-3,true
0.124,message,201,9.490,backend-1,true
0.132,message,201,2.260,backend-3,true
0.130,message,201,3.600,backend-3,true
0.131,message,201,3.350,backend-3,true
0.131,message,201,3.520,backend-3,true
0.132,message,201,2.270,backend-3,true
0.130,message,201,3.810,backend-3,true
0.130,message,201,3.740,backend-3,true
0.131,message,201,3.490,backend-3,true
0.130,message,201,3.770,backend-3,true
0.130,message,201,3.770,backend-3,true
0.131,message,201,3.560,backend-3,true
0.131,message,201,3.540,backend-3,true
0.131,message,201,3.530,backend-3,true
0.130,message,201,3.780,backend-3,true
0.125,message,201,9.530,backend-1,true
0.126,message,201,8.330,backend-1,true
0.131,feed,200,3.650,backend-3,true
0.125,message,201,9.300,backend-1,true
0.125,message,201,9.590,backend-1,true
0.131,feed,200,3.110,backend-3,true
0.126,message,201,8.940,backend-1,true
0.126,message,201,8.860,backend-1,true
0.127,message,201,7.730,backend-1,true
0.123,feed,200,12.090,backend-2,true
0.117,message,201,17.610,backend-1,true
0.118,message,201,17.340,backend-1,true
0.124,message,201,11.310,backend-1,true
0.134,feed,200,1.390,backend-3,true
0.123,feed,200,12.440,backend-2,true
0.124,message,201,11.190,backend-1,true
0.124,message,201,11.280,backend-1,true
0.124,message,201,11.280,backend-1,true
0.134,feed,200,1.400,backend-3,true
0.124,message,201,11.380,backend-1,true
0.124,message,201,11.350,backend-1,true
0.121,feed,200,14.550,backend-2,true
0.124,message,201,11.270,backend-1,true
0.124,message,201,11.260,backend-1,true
0.121,feed,200,14.620,backend-2,true
0.124,message,201,11.440,backend-1,true
0.134,feed,200,1.580,backend-3,true
0.134,feed,200,1.700,backend-3,true
0.125,message,201,11.050,backend-1,true
0.125,message,201,10.600,backend-1,true
0.125,message,201,10.670,backend-1,true
0.125,message,201,10.690,backend-1,true
0.125,message,201,10.370,backend-1,true
0.121,feed,200,14.950,backend-2,true
0.125,message,201,10.360,backend-1,true
0.125,message,201,10.460,backend-1,true
0.125,message,201,10.400,backend-1,true
0.126,message,201,10.430,backend-1,true
0.125,message,201,10.500,backend-1,true
0.126,message,201,10.150,backend-1,true
0.133,feed,200,3.490,backend-3,true
0.126,message,201,10.220,backend-1,true
0.126,message,201,10.200,backend-1,true
0.133,feed,200,3.520,backend-3,true
0.126,message,201,10.160,backend-1,true
0.133,feed,200,3.430,backend-3,true
0.126,message,201,10.220,backend-1,true
0.126,message,201,10.260,backend-1,true
0.133,feed,200,3.380,backend-3,true
0.126,message,201,10.350,backend-1,true
0.133,feed,200,3.580,backend-3,true
0.133,feed,200,3.450,backend-3,true
0.126,message,201,10.310,backend-1,true
0.133,feed,200,3.420,backend-3,true
0.133,feed,200,3.460,backend-3,true
0.131,message,201,6.020,backend-3,true
0.134,message,201,3.320,backend-3,true
0.132,message,201,5.050,backend-3,true
0.131,message,201,5.990,backend-3,true
0.131,message,201,6.170,backend-3,true
0.131,message,201,6.170,backend-3,true
0.105,message,201,31.850,backend-3,true
0.134,message,201,2.980,backend-3,true
0.134,message,201,3.010,backend-3,true
0.132,message,201,4.680,backend-3,true
0.131,message,201,5.520,backend-3,true
0.134,message,201,3.310,backend-3,true
0.134,message,201,3.430,backend-3,true
0.134,message,201,3.090,backend-3,true
0.133,message,201,3.610,backend-3,true
0.134,message,201,3.520,backend-3,true
0.126,feed,200,10.750,backend-1,true
0.134,message,201,3.390,backend-3,true
0.132,message,201,4.960,backend-3,true
0.134,message,201,3.270,backend-3,true
0.134,message,201,3.530,backend-3,true
0.134,message,201,3.390,backend-3,true
0.134,message,201,3.650,backend-3,true
0.134,message,201,3.560,backend-3,true
0.134,message,201,3.550,backend-3,true
0.134,message,201,3.640,backend-3,true
0.134,message,201,3.770,backend-3,true
0.134,message,201,3.720,backend-3,true
0.134,message,201,3.720,backend-3,true
0.134,message,201,3.770,backend-3,true
0.134,message,201,3.720,backend-3,true
0.133,message,201,4.540,backend-3,true
0.126,feed,200,11.180,backend-1,true
0.134,message,201,3.660,backend-3,true
0.134,message,201,3.840,backend-3,true
0.134,message,201,3.770,backend-3,true
0.134,message,201,3.720,backend-3,true
0.135,message,201,3.140,backend-3,true
0.135,message,201,3.150,backend-3,true
0.133,message,201,5.470,backend-3,true
0.132,message,201,5.660,backend-3,true
0.133,message,201,5.490,backend-3,true
0.133,message,201,5.120,backend-3,true
0.127,feed,200,11.240,backend-1,true
0.133,message,201,5.340,backend-3,true
0.132,message,201,5.950,backend-3,true
0.134,feed,200,4.190,backend-3,true
0.134,feed,200,3.900,backend-3,true
0.133,message,201,5.190,backend-3,true
0.133,message,201,5.110,backend-3,true
0.133,message,201,4.820,backend-3,true
0.133,message,201,5.230,backend-3,true
0.133,message,201,5.090,backend-3,true
0.133,message,201,5.140,backend-3,true
0.133,message,201,4.860,backend-3,true
0.134,feed,200,4.160,backend-3,true
0.134,feed,200,4.280,backend-3,true
0.134,feed,200,4.290,backend-3,true
0.134,feed,200,4.340,backend-3,true
0.135,feed,200,4.020,backend-3,true
0.129,feed,200,9.680,backend-1,true
0.137,feed,200,1.790,backend-3,true
0.137,feed,200,1.790,backend-3,true
0.130,feed,200,9.470,backend-1,true
0.120,message,201,18.850,backend-2,true
0.135,feed,200,3.990,backend-3,true
0.121,message,201,18.390,backend-2,true
0.121,message,201,18.660,backend-2,true
0.137,feed,200,2.020,backend-1,true
0.137,feed,200,2.470,backend-1,true
0.121,message,201,18.600,backend-2,true
0.137,feed,200,2.090,backend-3,true
0.137,feed,200,2.600,backend-1,true
0.137,feed,200,2.970,backend-1,true
0.120,message,201,19.410,backend-2,true
0.121,message,201,18.980,backend-2,true
0.137,feed,200,3.140,backend-1,true
0.121,message,201,19.130,backend-2,true
0.121,message,201,18.830,backend-2,true
0.138,feed,200,2.260,backend-1,true
0.135,feed,200,4.500,backend-3,true
0.121,message,201,19.260,backend-2,true
0.121,message,201,19.360,backend-2,true
0.121,message,201,19.500,backend-2,true
0.135,feed,200,4.720,backend-3,true
0.123,message,201,17.580,backend-2,true
0.122,message,201,18.050,backend-2,true
0.121,message,201,19.600,backend-2,true
0.123,message,201,17.970,backend-2,true
0.121,message,201,20.030,backend-2,true
0.123,message,201,18.020,backend-2,true
0.123,message,201,17.360,backend-2,true
0.123,message,201,17.340,backend-2,true
0.121,message,201,19.930,backend-2,true
0.123,message,201,17.570,backend-2,true
0.123,message,201,17.560,backend-2,true
0.129,feed,200,11.900,backend-1,true
0.123,message,201,17.580,backend-2,true
0.126,message,201,14.720,backend-1,true
0.123,message,201,17.730,backend-2,true
0.123,message,201,17.700,backend-2,true
0.123,message,201,17.700,backend-2,true
0.126,message,201,14.750,backend-1,true
0.126,message,201,14.730,backend-1,true
0.127,message,201,14.600,backend-1,true
0.123,message,201,17.930,backend-2,true
0.127,message,201,14.290,backend-1,true
0.123,message,201,17.920,backend-2,true
0.124,message,201,17.710,backend-2,true
0.128,message,201,13.850,backend-1,true
0.127,message,201,14.030,backend-1,true
0.128,message,201,13.910,backend-1,true
0.124,message,201,17.940,backend-2,true
0.128,message,201,13.780,backend-1,true
0.124,message,201,17.780,backend-2,true
0.124,message,201,17.980,backend-2,true
0.128,message,201,13.610,backend-1,true
0.128,message,201,13.920,backend-1,true
0.129,message,201,12.650,backend-1,true
0.124,message,201,18.050,backend-2,true
0.129,message,201,12.630,backend-1,true
0.130,message,201,12.260,backend-1,true
0.129,message,201,12.710,backend-1,true
0.081,message,201,60.790,backend-2,true
0.130,message,201,12.230,backend-1,true
0.130,message,201,11.730,backend-1,true
0.131,message,201,11.490,backend-1,true
0.138,feed,200,4.060,backend-3,true
0.131,message,201,11.460,backend-1,true
0.131,message,201,11.370,backend-1,true
0.131,message,201,11.420,backend-1,true
0.137,message,201,5.000,backend-1,true
0.137,message,201,5.190,backend-1,true
0.137,message,201,5.680,backend-1,true
0.136,feed,200,6.300,backend-3,true
0.136,message,201,6.610,backend-1,true
0.136,message,201,6.470,backend-1,true
0.136,message,201,6.500,backend-1,true
0.137,message,201,5.900,backend-1,true
0.137,message,201,6.160,backend-1,true
0.137,message,201,6.230,backend-1,true
0.128,message,201,14.920,backend-1,true
0.137,message,201,5.870,backend-1,true
0.128,message,201,14.960,backend-1,true
0.127,message,201,15.550,backend-1,true
0.128,message,201,15.020,backend-1,true
0.138,feed,200,4.970,backend-2,true
0.128,message,201,14.950,backend-1,true
0.128,message,201,14.790,backend-1,true
0.129,message,201,14.700,backend-1,true
0.129,message,201,14.710,backend-1,true
0.129,message,201,14.750,backend-1,true
0.129,message,201,14.760,backend-1,true
0.138,feed,200,5.250,backend-3,true
0.129,message,201,14.930,backend-1,true
0.129,message,201,14.990,backend-1,true
0.129,message,201,14.880,backend-1,true
0.138,feed,200,6.210,backend-2,true
0.129,message,201,14.910,backend-1,true
0.129,message,201,14.900,backend-1,true
0.129,message,201,14.980,backend-1,true
0.129,message,201,14.960,backend-1,true
0.129,message,201,15.170,backend-1,true
0.129,message,201,15.070,backend-1,true
0.130,feed,200,14.750,backend-1,true
0.130,feed,200,14.800,backend-1,true
0.130,feed,200,14.910,backend-1,true
0.138,feed,200,6.550,backend-3,true
0.130,feed,200,14.870,backend-1,true
0.130,feed,200,14.870,backend-1,true
0.138,feed,200,6.810,backend-3,true
0.081,feed,200,63.920,backend-2,true
0.140,feed,200,5.150,backend-1,true
0.135,feed,200,10.600,backend-3,true
0.143,feed,200,2.980,backend-1,true
0.135,feed,200,10.570,backend-3,true
0.143,feed,200,3.150,backend-1,true
0.133,message,201,12.510,backend-3,true
0.140,feed,200,6.090,backend-1,true
0.134,message,201,12.310,backend-3,true
0.138,message,201,8.170,backend-2,true
0.138,message,201,8.150,backend-2,true
0.134,message,201,12.820,backend-2,true
0.134,message,201,12.460,backend-3,true
0.133,message,201,12.920,backend-2,true
0.138,feed,200,8.910,backend-1,true
0.133,message,201,13.040,backend-2,true
0.138,message,201,8.990,backend-2,true
0.137,message,201,9.290,backend-2,true
0.137,message,201,9.660,backend-2,true
0.134,message,201,12.610,backend-3,true
0.136,message,201,11.140,backend-2,true
0.140,feed,200,6.570,backend-1,true
0.081,message,201,65.870,backend-2,true
0.143,message,201,3.950,backend-2,true
0.134,message,201,12.950,backend-3,true
0.129,message,201,17.940,backend-1,true
0.130,message,201,17.630,backend-1,true
0.144,message,201,3.590,backend-2,true
0.130,message,201,17.730,backend-1,true
0.130,message,201,17.790,backend-1,true
0.143,message,201,4.360,backend-2,true
0.130,message,201,17.870,backend-1,true
0.130,message,201,17.850,backend-1,true
0.130,message,201,17.700,backend-1,true
0.130,message,201,17.930,backend-1,true
0.134,message,201,13.490,backend-3,true
0.130,message,201,17.800,backend-1,true
0.143,message,201,4.480,backend-2,true
0.143,message,201,4.360,backend-2,true
0.130,message,201,17.880,backend-1,true
0.130,message,201,17.960,backend-1,true
0.144,message,201,4.040,backend-2,true
0.144,message,201,4.100,backend-2,true
0.130,message,201,18.060,backend-1,true
0.144,message,201,4.100,backend-2,true
0.130,message,201,18.080,backend-1,true
0.130,message,201,17.940,backend-1,true
0.130,message,201,18.000,backend-1,true
0.081,message,201,66.880,backend-2,true
0.130,message,201,18.050,backend-1,true
0.144,message,201,3.790,backend-2,true
0.145,message,201,3.510,backend-2,true
0.130,message,201,17.960,backend-1,true
0.130,message,201,17.960,backend-1,true
0.130,message,201,17.970,backend-1,true
0.145,message,201,3.500,backend-2,true
0.081,message,201,67.110,backend-2,true
0.130,message,201,17.870,backend-1,true
0.081,message,201,67.060,backend-2,true
0.081,message,201,67.240,backend-2,true
0.131,message,201,17.470,backend-1,true
0.081,message,201,67.260,backend-2,true
0.131,message,201,17.470,backend-1,true
0.130,message,201,18.040,backend-1,true
0.081,message,201,66.940,backend-2,true
0.131,message,201,17.430,backend-1,true
0.082,message,201,66.890,backend-2,true
0.081,message,201,67.310,backend-2,true
0.131,message,201,17.450,backend-1,true
0.081,message,201,67.020,backend-2,true
0.082,message,201,66.980,backend-2,true
0.139,message,201,9.820,backend-1,true
0.139,message,201,9.570,backend-1,true
0.083,message,201,65.840,backend-2,true
0.082,message,201,66.170,backend-2,true
0.143,message,201,6.030,backend-1,true
0.140,message,201,8.610,backend-1,true
0.083,message,201,65.650,backend-2,true
0.083,message,201,65.650,backend-2,true
0.140,message,201,8.830,backend-1,true
0.143,message,201,5.930,backend-1,true
0.143,message,201,6.260,backend-1,true
0.143,message,201,6.120,backend-1,true
0.134,message,201,14.790,backend-3,true
0.143,message,201,6.290,backend-1,true
0.140,message,201,9.110,backend-1,true
0.140,message,201,9.320,backend-1,true
0.143,message,201,6.280,backend-1,true
0.141,message,201,8.300,backend-1,true
0.134,message,201,15.010,backend-3,true
0.145,message,201,4.170,backend-1,true
0.144,message,201,4.870,backend-1,true
0.145,message,201,4.440,backend-1,true
0.138,message,201,11.340,backend-1,true
0.145,message,201,4.700,backend-1,true
0.134,message,201,15.300,backend-3,true
0.138,message,201,11.420,backend-1,true
0.138,message,201,11.440,backend-1,true
0.134,message,201,15.350,backend-3,true
0.138,message,201,11.660,backend-1,true
0.140,message,201,9.520,backend-1,true
0.135,message,201,15.230,backend-3,true
0.140,message,201,9.570,backend-1,true
0.135,message,201,15.240,backend-3,true
0.140,message,201,9.370,backend-1,true
0.105,message,201,44.630,backend-3,true
0.141,message,201,9.240,backend-1,true
0.137,message,201,13.160,backend-3,true
0.137,message,201,13.040,backend-3,true
0.137,message,201,13.080,backend-3,true
0.137,message,201,13.130,backend-3,true
0.137,message,201,13.180,backend-3,true
0.135,message,201,15.240,backend-3,true
0.147,feed,200,2.980,backend-2,true
0.137,message,201,13.130,backend-3,true
0.137,message,201,12.920,backend-3,true
0.141,feed,200,9.760,backend-1,true
0.137,message,201,13.200,backend-3,true
0.137,message,201,13.180,backend-3,true
0.148,feed,200,2.120,backend-1,true
0.137,message,201,13.140,backend-3,true
0.149,feed,200,2.120,backend-1,true
0.137,message,201,13.210,backend-3,true
0.138,message,201,13.290,backend-3,true
0.137,message,201,13.310,backend-3,true
0.138,message,201,13.300,backend-3,true
0.138,message,201,12.910,backend-3,true
0.138,message,201,13.030,backend-3,true
0.148,feed,200,3.390,backend-2,true
0.138,message,201,13.610,backend-3,true
0.136,message,201,14.960,backend-3,true
0.149,feed,200,1.690,backend-1,true
0.148,feed,200,3.450,backend-2,true
0.138,message,201,13.720,backend-3,true
0.138,message,201,13.800,backend-3,true
0.148,feed,200,3.620,backend-2,true
0.136,message,201,15.090,backend-3,true
0.148,feed,200,3.690,backend-2,true
0.138,message,201,14.060,backend-3,true
0.138,message,201,14.090,backend-3,true
0.146,feed,200,5.590,backend-1,true
0.148,feed,200,3.780,backend-2,true
0.148,feed,200,3.840,backend-2,true
0.138,message,201,13.900,backend-3,true
0.146,feed,200,5.660,backend-1,true
0.136,message,201,15.640,backend-3,true
0.146,feed,200,5.590,backend-1,true
0.147,feed,200,5.140,backend-1,true
0.138,message,201,14.170,backend-3,true
0.148,feed,200,4.060,backend-2,true
0.148,feed,200,4.050,backend-2,true
0.148,feed,200,4.170,backend-1,true
0.138,message,201,14.430,backend-3,true
0.139,message,201,13.960,backend-3,true
0.138,message,201,14.270,backend-3,true
0.138,message,201,14.190,backend-3,true
0.141,message,201,12.200,backend-1,true
0.138,message,201,14.360,backend-3,true
0.141,message,201,12.250,backend-1,true
0.138,message,201,14.420,backend-3,true
0.141,message,201,12.040,backend-1,true
0.135,message,201,18.350,backend-3,true
0.145,message,201,7.840,backend-1,true
0.135,message,201,18.420,backend-3,true
0.148,message,201,4.720,backend-1,true
0.149,message,201,4.680,backend-1,true
0.149,message,201,4.720,backend-1,true
0.147,message,201,6.600,backend-2,true
0.149,message,201,4.630,backend-1,true
0.147,message,201,6.710,backend-2,true
0.135,message,201,18.720,backend-3,true
0.145,message,201,8.110,backend-1,true
0.147,message,201,6.830,backend-2,true
0.135,message,201,18.640,backend-3,true
0.147,message,201,6.940,backend-2,true
0.149,message,201,5.160,backend-1,true
0.147,message,201,7.200,backend-2,true
0.149,message,201,5.450,backend-1,true
0.147,message,201,7.160,backend-2,true
0.135,feed,200,19.350,backend-3,true
0.146,message,201,8.560,backend-1,true
0.147,message,201,7.280,backend-2,true
0.146,message,201,8.630,backend-1,true
0.149,message,201,5.620,backend-1,true
0.149,message,201,5.850,backend-1,true
0.149,message,201,5.890,backend-1,true
0.149,message,201,5.740,backend-1,true
0.149,message,201,5.900,backend-1,true
0.149,message,201,5.970,backend-1,true
0.149,message,201,5.700,backend-1,true
0.149,message,201,5.730,backend-1,true
0.146,message,201,8.670,backend-1,true
0.149,message,201,5.850,backend-1,true
0.149,message,201,5.740,backend-1,true
0.150,message,201,5.680,backend-1,true
0.150,message,201,5.690,backend-1,true
0.147,message,201,8.100,backend-2,true
0.147,message,201,8.450,backend-1,true
0.150,message,201,5.710,backend-1,true
0.149,message,201,6.020,backend-1,true
0.150,message,201,5.210,backend-1,true
0.150,message,201,5.780,backend-1,true
0.150,message,201,5.790,backend-1,true
0.147,message,201,8.140,backend-2,true
0.145,message,201,10.280,backend-1,true
0.147,message,201,8.130,backend-2,true
0.147,message,201,10.160,backend-1,true
0.135,feed,200,21.620,backend-3,true
0.148,message,201,8.460,backend-1,true
0.148,message,201,8.480,backend-1,true
0.148,message,201,8.470,backend-1,true
0.145,message,201,11.330,backend-1,true
0.148,message,201,8.670,backend-1,true
0.148,message,201,8.920,backend-1,true
0.148,message,201,8.680,backend-1,true
0.146,message,201,10.950,backend-1,true
0.147,message,201,9.740,backend-1,true
0.135,feed,200,21.640,backend-3,true
0.146,message,201,10.570,backend-1,true
0.148,message,201,8.570,backend-1,true
0.148,message,201,9.430,backend-2,true
0.146,message,201,10.740,backend-1,true
0.148,message,201,8.770,backend-1,true
0.146,message,201,10.590,backend-1,true
0.148,feed,200,8.510,backend-1,true
0.147,message,201,9.960,backend-1,true
0.149,feed,200,8.690,backend-1,true
0.146,message,201,11.170,backend-1,true
0.149,feed,200,8.280,backend-1,true
0.148,message,201,9.990,backend-2,true
0.150,feed,200,8.010,backend-1,true
0.148,message,201,10.290,backend-2,true
0.148,message,201,10.270,backend-2,true
0.148,message,201,9.950,backend-2,true
0.148,message,201,10.140,backend-2,true
0.147,message,201,10.500,backend-2,true
0.148,message,201,10.300,backend-2,true
0.148,message,201,10.050,backend-2,true
0.148,message,201,10.050,backend-2,true
0.150,feed,200,8.130,backend-1,true
0.148,message,201,10.140,backend-2,true
0.148,message,201,10.300,backend-2,true
0.150,feed,200,8.220,backend-1,true
0.148,message,201,10.260,backend-2,true
0.150,feed,200,8.220,backend-1,true
0.148,message,201,10.370,backend-2,true
0.083,message,201,75.400,backend-2,true
0.152,message,201,6.200,backend-2,true
0.152,message,201,6.190,backend-2,true
0.152,message,201,6.490,backend-2,true
0.152,message,201,6.550,backend-2,true
0.152,message,201,6.550,backend-2,true
0.152,message,201,6.580,backend-2,true
0.083,message,201,75.760,backend-2,true
0.155,feed,200,3.750,backend-1,true
0.136,feed,200,23.110,backend-3,true
0.155,feed,200,4.050,backend-1,true
0.158,feed,200,1.670,backend-1,true
0.153,feed,200,6.960,backend-2,true
0.153,feed,200,6.940,backend-2,true
0.157,feed,200,2.970,backend-1,true
0.152,feed,200,7.770,backend-1,true
0.158,feed,200,1.970,backend-1,true
0.158,feed,200,2.100,backend-1,true
0.157,feed,200,3.150,backend-1,true
0.137,feed,200,23.430,backend-3,true
0.153,feed,200,6.940,backend-2,true
0.158,feed,200,2.390,backend-1,true
0.157,feed,200,2.970,backend-1,true
0.148,message,201,12.170,backend-1,true
0.149,message,201,12.030,backend-1,true
0.148,message,201,12.200,backend-1,true
0.135,message,201,25.690,backend-3,true
0.149,message,201,12.070,backend-1,true
0.154,feed,200,7.040,backend-2,true
0.149,message,201,12.110,backend-1,true
0.135,message,201,25.800,backend-3,true
0.135,message,201,25.690,backend-3,true
0.135,message,201,25.700,backend-3,true
0.149,message,201,12.080,backend-1,true
0.149,message,201,12.060,backend-1,true
0.149,message,201,12.120,backend-1,true
0.135,message,201,25.630,backend-3,true
0.135,message,201,25.450,backend-3,true
0.149,message,201,11.760,backend-1,true
0.150,message,201,11.230,backend-1,true
0.150,message,201,11.210,backend-1,true
0.135,message,201,25.570,backend-3,true
0.150,message,201,11.270,backend-1,true
0.150,message,201,11.280,backend-1,true
0.136,message,201,25.660,backend-3,true
0.150,message,201,11.400,backend-1,true
0.135,message,201,25.780,backend-3,true
0.150,message,201,11.410,backend-1,true
0.150,message,201,11.300,backend-1,true
0.150,message,201,11.320,backend-1,true
0.136,message,201,25.950,backend-3,true
0.150,message,201,11.500,backend-1,true
0.151,message,201,11.000,backend-1,true
0.136,message,201,26.040,backend-3,true
0.155,message,201,6.680,backend-1,true
0.151,message,201,10.510,backend-1,true
0.151,message,201,11.030,backend-1,true
0.155,message,201,6.730,backend-1,true
0.155,message,201,6.740,backend-1,true
0.155,message,201,6.650,backend-1,true
0.154,feed,200,7.430,backend-2,true
0.155,message,201,6.730,backend-1,true
0.158,message,201,3.560,backend-1,true
0.155,message,201,6.790,backend-1,true
0.136,message,201,26.340,backend-3,true
0.155,message,201,6.640,backend-1,true
0.136,message,201,26.470,backend-3,true
0.155,message,201,6.670,backend-1,true
0.136,message,201,26.400,backend-3,true
0.155,message,201,6.780,backend-1,true
0.158,message,201,4.340,backend-1,true
0.158,message,201,4.080,backend-1,true
0.136,message,201,26.610,backend-3,true
0.152,message,201,10.700,backend-1,true
0.136,message,201,26.630,backend-3,true
0.157,message,201,5.670,backend-1,true
0.158,message,201,4.470,backend-1,true
0.158,message,201,4.670,backend-1,true
0.136,message,201,26.790,backend-3,true
0.158,message,201,4.710,backend-1,true
0.152,message,201,10.750,backend-1,true
0.157,message,201,5.860,backend-1,true
0.157,message,201,5.770,backend-1,true
0.155,feed,200,7.340,backend-2,true
0.158,message,201,5.250,backend-1,true
0.157,message,201,5.420,backend-1,true
0.136,message,201,26.890,backend-3,true
0.158,message,201,4.910,backend-1,true
0.136,message,201,26.860,backend-3,true
0.136,message,201,26.740,backend-3,true
0.157,message,201,6.150,backend-1,true
0.157,message,201,6.190,backend-1,true
0.157,message,201,6.140,backend-1,true
0.157,message,201,6.330,backend-1,true
0.158,message,201,5.700,backend-1,true
0.158,message,201,5.020,backend-1,true
0.137,message,201,26.710,backend-3,true
0.137,message,201,26.770,backend-3,true
0.137,message,201,26.640,backend-3,true
0.137,message,201,26.850,backend-3,true
0.158,feed,200,5.150,backend-1,true
0.137,message,201,26.770,backend-3,true
0.155,feed,200,8.190,backend-2,true
0.106,message,201,57.320,backend-3,true
0.151,feed,200,13.170,backend-1,true
0.157,feed,200,7.110,backend-2,true
0.157,feed,200,7.020,backend-2,true
0.157,feed,200,7.310,backend-2,true
0.151,feed,200,12.990,backend-1,true
0.157,feed,200,7.410,backend-2,true
0.162,feed,200,2.930,backend-1,true
0.159,message,201,5.620,backend-2,true
0.139,feed,200,25.370,backend-3,true
0.162,feed,200,2.970,backend-1,true
0.153,message,201,11.840,backend-2,true
0.153,message,201,12.130,backend-2,true
0.152,message,201,12.300,backend-2,true
0.162,feed,200,3.120,backend-1,true
0.153,message,201,12.180,backend-2,true
0.153,message,201,11.810,backend-2,true
0.159,message,201,6.050,backend-2,true
0.153,message,201,12.030,backend-2,true
0.162,feed,200,2.780,backend-1,true
0.153,message,201,11.990,backend-2,true
0.153,message,201,11.830,backend-2,true
0.153,message,201,11.760,backend-2,true
0.154,message,201,11.430,backend-2,true
0.153,message,201,11.850,backend-2,true
0.154,message,201,11.430,backend-2,true
0.153,message,201,11.680,backend-2,true
0.153,message,201,11.960,backend-2,true
0.154,message,201,10.940,backend-2,true
0.153,message,201,11.730,backend-2,true
0.153,message,201,11.750,backend-2,true
0.154,message,201,11.270,backend-2,true
0.153,message,201,11.750,backend-2,true
0.154,message,201,11.380,backend-2,true
0.154,message,201,11.140,backend-2,true
0.154,message,201,10.870,backend-2,true
0.155,message,201,10.580,backend-2,true
0.155,message,201,10.470,backend-2,true
0.155,message,201,10.300,backend-2,true
0.155,message,201,10.630,backend-2,true
0.154,message,201,10.890,backend-2,true
0.155,message,201,10.790,backend-2,true
0.156,message,201,9.800,backend-2,true
0.163,feed,200,2.770,backend-1,true
0.156,message,201,9.910,backend-2,true
0.159,message,201,6.650,backend-2,true
0.155,message,201,10.360,backend-2,true
0.156,message,201,9.940,backend-2,true
0.156,message,201,10.020,backend-2,true
0.156,message,201,10.090,backend-2,true
0.163,feed,200,3.040,backend-1,true
0.162,feed,200,3.250,backend-1,true
0.157,message,201,8.890,backend-2,true
0.155,message,201,10.570,backend-2,true
0.157,message,201,8.880,backend-2,true
0.151,message,201,15.010,backend-1,true
0.157,message,201,8.820,backend-2,true
0.151,message,201,15.360,backend-1,true
0.150,message,201,15.700,backend-1,true
0.157,message,201,9.370,backend-2,true
0.151,message,201,15.260,backend-1,true
0.151,message,201,15.560,backend-1,true
0.151,message,201,15.320,backend-1,true
0.150,message,201,15.900,backend-1,true
0.085,message,201,81.080,backend-2,true
0.152,message,201,14.530,backend-1,true
0.152,message,201,14.410,backend-1,true
0.151,message,201,15.180,backend-1,true
0.151,message,201,15.190,backend-1,true
0.151,message,201,15.080,backend-1,true
0.151,message,201,15.230,backend-1,true
0.162,message,201,4.800,backend-1,true
0.151,message,201,15.040,backend-1,true
0.152,message,201,14.690,backend-1,true
0.161,message,201,4.970,backend-1,true
0.152,message,201,14.400,backend-1,true
0.151,message,201,15.060,backend-1,true
0.151,message,201,15.080,backend-1,true
0.157,message,201,9.570,backend-2,true
0.151,message,201,15.710,backend-1,true
0.152,message,201,14.770,backend-1,true
0.157,message,201,9.640,backend-2,true
0.161,message,201,5.050,backend-1,true
0.162,message,201,4.950,backend-1,true
0.157,message,201,9.720,backend-2,true
0.152,message,201,14.590,backend-1,true
0.150,message,201,16.150,backend-1,true
0.152,message,201,15.050,backend-1,true
0.157,message,201,9.840,backend-2,true
0.162,message,201,4.830,backend-1,true
0.159,message,201,7.450,backend-1,true
0.162,message,201,4.360,backend-1,true
0.162,message,201,4.860,backend-1,true
0.163,message,201,4.160,backend-1,true
0.162,message,201,4.470,backend-1,true
0.162,message,201,4.750,backend-1,true
0.159,message,201,7.420,backend-1,true
0.162,message,201,4.790,backend-1,true
0.162,message,201,5.150,backend-1,true
0.163,feed,200,4.000,backend-1,true
0.163,message,201,4.230,backend-1,true
0.160,message,201,7.000,backend-1,true
0.163,message,201,4.410,backend-1,true
0.160,message,201,7.240,backend-1,true
0.163,message,201,4.450,backend-1,true
0.163,message,201,4.540,backend-1,true
0.165,feed,200,1.810,backend-2,true
0.163,feed,200,3.900,backend-1,true
0.160,message,201,7.020,backend-1,true
0.160,message,201,7.500,backend-1,true
0.165,feed,200,1.980,backend-2,true
0.162,message,201,4.660,backend-1,true
0.160,message,201,7.340,backend-1,true
0.162,message,201,4.900,backend-1,true
0.160,message,201,7.300,backend-1,true
0.163,message,201,4.460,backend-1,true
0.163,feed,200,4.040,backend-1,true
0.165,feed,200,2.000,backend-2,true
0.142,feed,200,24.980,backend-3,true
0.161,feed,200,6.860,backend-1,true
0.161,feed,200,6.760,backend-1,true
0.161,feed,200,6.870,backend-1,true
0.161,feed,200,6.460,backend-1,true
0.161,feed,200,6.420,backend-1,true
0.166,feed,200,2.320,backend-2,true
0.162,feed,200,6.280,backend-1,true
0.162,feed,200,6.110,backend-1,true
0.162,feed,200,5.760,backend-1,true
0.140,feed,200,28.630,backend-3,true
0.140,feed,200,28.760,backend-3,true
0.141,feed,200,27.640,backend-3,true
0.163,message,201,5.450,backend-1,true
0.163,message,201,5.440,backend-1,true
0.160,message,201,8.280,backend-1,true
0.163,message,201,5.110,backend-1,true
0.158,message,201,10.170,backend-1,true
0.159,message,201,10.110,backend-1,true
0.163,message,201,5.420,backend-1,true
0.160,message,201,8.410,backend-1,true
0.159,message,201,10.180,backend-1,true
0.159,message,201,10.000,backend-1,true
0.159,message,201,9.790,backend-1,true
0.159,message,201,10.180,backend-1,true
0.160,message,201,8.910,backend-1,true
0.160,message,201,8.570,backend-1,true
0.161,message,201,8.250,backend-1,true
0.159,message,201,10.300,backend-1,true
0.160,message,201,9.070,backend-1,true
0.160,message,201,8.590,backend-1,true
0.161,message,201,8.260,backend-1,true
0.161,message,201,7.980,backend-1,true
0.161,message,201,7.980,backend-1,true
0.161,message,201,8.360,backend-1,true
0.161,message,201,7.850,backend-1,true
0.162,message,201,7.100,backend-1,true
0.162,message,201,7.450,backend-1,true
0.162,message,201,6.950,backend-1,true
0.162,message,201,7.490,backend-1,true
0.162,message,201,7.350,backend-1,true
0.162,message,201,7.500,backend-1,true
0.163,message,201,6.280,backend-1,true
0.163,message,201,6.290,backend-1,true
0.162,message,201,6.800,backend-1,true
0.163,message,201,6.290,backend-1,true
0.164,message,201,5.770,backend-1,true
0.163,message,201,6.000,backend-1,true
0.163,message,201,5.900,backend-1,true
0.163,message,201,6.410,backend-1,true
0.163,message,201,6.440,backend-1,true
0.163,message,201,6.080,backend-1,true
0.164,message,201,5.740,backend-1,true
0.165,message,201,4.640,backend-1,true
0.163,message,201,5.940,backend-1,true
0.164,message,201,5.780,backend-1,true
0.165,message,201,4.540,backend-1,true
0.167,message,201,2.880,backend-1,true
0.164,message,201,5.740,backend-1,true
0.167,message,201,2.590,backend-1,true
0.165,message,201,4.700,backend-1,true
0.166,message,201,3.150,backend-1,true
0.159,message,201,10.060,backend-1,true
0.167,feed,200,3.030,backend-1,true
0.141,feed,200,28.700,backend-3,true
0.166,feed,200,4.640,backend-1,true
0.167,feed,200,3.550,backend-1,true
0.167,feed,200,3.740,backend-1,true
0.165,feed,200,5.630,backend-1,true
0.165,feed,200,5.480,backend-1,true
0.165,feed,200,5.520,backend-1,true
0.165,feed,200,5.390,backend-1,true
0.161,feed,200,9.810,backend-2,true
0.142,feed,200,29.400,backend-3,true
0.169,feed,200,1.700,backend-1,true
0.169,feed,200,1.600,backend-1,true
0.161,feed,200,9.800,backend-2,true
0.167,feed,200,4.550,backend-1,true
0.169,feed,200,2.090,backend-1,true
0.169,feed,200,1.730,backend-1,true
0.169,feed,200,1.690,backend-1,true
0.169,feed,200,2.170,backend-1,true
0.169,feed,200,2.140,backend-1,true
0.142,feed,200,29.590,backend-3,true
0.164,message,201,6.990,backend-2,true
0.161,message,201,10.500,backend-2,true
0.142,feed,200,29.510,backend-3,true
0.161,message,201,10.560,backend-2,true
0.161,message,201,10.750,backend-2,true
0.142,feed,200,29.910,backend-3,true
0.161,message,201,10.800,backend-2,true
0.165,message,201,6.460,backend-2,true
0.165,message,201,6.350,backend-2,true
0.165,message,201,6.420,backend-2,true
0.164,message,201,7.260,backend-2,true
0.165,message,201,6.620,backend-2,true
0.165,message,201,6.690,backend-2,true
0.139,message,201,32.910,backend-3,true
0.172,feed,200,0.190,backend-1,true
0.139,message,201,32.970,backend-3,true
0.172,feed,200,0.180,backend-1,true
0.165,message,201,6.800,backend-2,true
0.165,message,201,6.790,backend-2,true
0.165,message,201,6.770,backend-2,true
0.165,message,201,7.240,backend-2,true
0.172,feed,200,0.180,backend-1,true
0.166,message,201,6.590,backend-2,true
0.164,message,201,8.140,backend-2,true
0.164,message,201,8.290,backend-2,true
0.164,message,201,8.310,backend-2,true
0.164,message,201,8.090,backend-2,true
0.141,message,201,31.590,backend-3,true
0.166,message,201,6.710,backend-2,true
0.166,message,201,6.480,backend-2,true
0.164,message,201,8.200,backend-2,true
0.164,message,201,7.880,backend-2,true
0.139,message,201,32.990,backend-3,true
0.172,feed,200,0.190,backend-1,true
0.161,message,201,11.610,backend-2,true
0.172,feed,200,0.360,backend-1,true
0.141,message,201,31.860,backend-3,true
0.161,message,201,11.630,backend-2,true
0.161,message,201,11.730,backend-2,true
0.172,feed,200,0.170,backend-1,true
0.161,message,201,11.600,backend-2,true
0.161,message,201,11.740,backend-2,true
0.143,message,201,29.320,backend-3,true
0.161,message,201,11.540,backend-2,true
0.161,message,201,11.730,backend-2,true
0.139,message,201,33.620,backend-3,true
0.144,message,201,28.360,backend-3,true
0.164,message,201,8.320,backend-2,true
0.164,message,201,8.340,backend-2,true
0.139,message,201,33.640,backend-3,true
0.142,message,201,30.970,backend-3,true
0.139,message,201,33.660,backend-3,true
0.161,message,201,11.960,backend-2,true
0.139,message,201,33.590,backend-3,true
0.085,message,201,87.840,backend-2,true
0.173,feed,200,0.310,backend-1,true
0.139,message,201,33.630,backend-3,true
0.167,message,201,6.600,backend-1,true
0.167,message,201,6.110,backend-1,true
0.165,message,201,7.900,backend-1,true
0.169,feed,200,4.560,backend-2,true
0.139,message,201,33.810,backend-3,true
0.166,message,201,6.760,backend-1,true
0.167,message,201,6.690,backend-1,true
0.166,message,201,6.750,backend-1,true
0.166,message,201,6.750,backend-1,true
0.139,message,201,33.790,backend-3,true
0.165,message,201,8.450,backend-1,true
0.167,message,201,6.600,backend-1,true
0.166,feed,200,7.510,backend-2,true
0.167,message,201,6.870,backend-1,true
0.167,message,201,6.950,backend-1,true
0.140,message,201,33.760,backend-3,true
0.140,message,201,33.910,backend-3,true
0.167,message,201,6.930,backend-1,true
0.141,message,201,32.600,backend-3,true
0.167,message,201,7.030,backend-1,true
0.167,message,201,6.900,backend-1,true
0.140,message,201,33.730,backend-3,true
0.141,message,201,32.650,backend-3,true
0.166,message,201,8.020,backend-1,true
0.166,feed,200,7.540,backend-2,true
0.167,message,201,6.820,backend-1,true
0.167,message,201,6.930,backend-1,true
0.167,message,201,7.160,backend-1,true
0.167,message,201,6.750,backend-1,true
0.167,message,201,6.930,backend-1,true
0.166,feed,200,7.580,backend-2,true
0.167,message,201,7.160,backend-1,true
0.167,message,201,6.660,backend-1,true
0.166,feed,200,7.380,backend-2,true
0.167,message,201,6.940,backend-1,true
0.165,message,201,8.970,backend-1,true
0.166,feed,200,7.400,backend-2,true
0.165,message,201,9.100,backend-1,true
0.165,message,201,9.020,backend-1,true
0.165,message,201,9.150,backend-1,true
0.141,message,201,32.990,backend-3,true
0.169,feed,200,5.150,backend-2,true
0.165,message,201,9.110,backend-1,true
0.167,feed,200,7.040,backend-2,true
0.165,message,201,8.820,backend-1,true
0.165,message,201,9.080,backend-1,true
0.165,message,201,9.110,backend-1,true
0.165,message,201,9.250,backend-1,true
0.165,message,201,9.240,backend-1,true
0.169,message,201,5.200,backend-1,true
0.169,message,201,4.970,backend-1,true
0.167,message,201,7.680,backend-1,true
0.171,message,201,2.820,backend-1,true
0.141,message,201,33.200,backend-3,true
0.169,message,201,5.030,backend-1,true
0.172,message,201,2.080,backend-1,true
0.166,message,201,8.570,backend-1,true
0.165,message,201,8.910,backend-1,true
0.166,message,201,8.630,backend-1,true
0.165,message,201,8.980,backend-1,true
0.141,message,201,33.270,backend-3,true
0.141,message,201,33.210,backend-3,true
0.166,message,201,8.490,backend-1,true
0.169,message,201,5.260,backend-1,true
0.165,message,201,8.930,backend-1,true
0.172,message,201,2.060,backend-1,true
0.173,feed,200,1.640,backend-1,true
0.173,feed,200,1.440,backend-1,true
0.141,message,201,33.440,backend-3,true
0.173,feed,200,1.460,backend-1,true
0.174,feed,200,1.180,backend-1,true
0.174,feed,200,1.260,backend-1,true
0.174,feed,200,1.330,backend-1,true
0.174,feed,200,1.140,backend-1,true
0.174,feed,200,1.340,backend-1,true
0.141,message,201,33.670,backend-3,true
0.174,feed,200,1.340,backend-1,true
0.174,feed,200,1.330,backend-1,true
0.174,feed,200,1.350,backend-1,true
0.141,message,201,33.750,backend-3,true
0.174,feed,200,0.910,backend-1,true
0.141,message,201,33.780,backend-3,true
0.174,feed,200,0.950,backend-1,true
0.141,message,201,33.890,backend-3,true
0.175,feed,200,0.550,backend-1,true
0.174,feed,200,0.990,backend-1,true
0.141,message,201,33.850,backend-3,true
0.174,feed,200,0.940,backend-1,true
0.174,feed,200,1.060,backend-1,true
0.174,feed,200,1.020,backend-1,true
0.141,message,201,33.930,backend-3,true
0.174,feed,200,1.060,backend-1,true
0.142,message,201,33.830,backend-3,true
0.142,message,201,33.810,backend-3,true
0.174,feed,200,1.060,backend-1,true
0.174,feed,200,1.060,backend-1,true
0.175,feed,200,0.330,backend-1,true
0.174,feed,200,1.130,backend-1,true
0.142,message,201,33.890,backend-3,true
0.175,feed,200,0.400,backend-1,true
0.142,message,201,33.870,backend-3,true
0.142,message,201,33.880,backend-3,true
0.142,message,201,33.690,backend-3,true
0.174,feed,200,1.770,backend-1,true
0.142,message,201,33.720,backend-3,true
0.175,feed,200,0.250,backend-1,true
0.142,message,201,33.850,backend-3,true
0.176,feed,200,0.240,backend-1,true
0.148,message,201,27.570,backend-3,true
0.106,message,201,69.750,backend-3,true
0.148,message,201,27.800,backend-3,true
0.087,feed,200,89.180,backend-2,true
0.106,feed,200,70.210,backend-3,true
0.106,feed,200,70.320,backend-3,true
0.110,feed,200,66.890,backend-3,true
0.107,feed,200,70.620,backend-3,true
0.110,feed,200,67.420,backend-3,true
0.167,message,201,10.370,backend-2,true
0.167,message,201,10.380,backend-2,true
0.167,message,201,10.440,backend-2,true
0.166,message,201,11.320,backend-2,true
0.166,message,201,11.310,backend-2,true
0.166,message,201,11.250,backend-2,true
0.166,message,201,11.230,backend-2,true
0.166,message,201,11.270,backend-2,true
0.166,message,201,11.470,backend-2,true
0.166,message,201,11.360,backend-2,true
0.166,message,201,11.250,backend-2,true
0.166,message,201,11.240,backend-2,true
0.166,message,201,11.470,backend-2,true
0.166,message,201,11.440,backend-2,true
0.166,message,201,11.330,backend-2,true
0.166,message,201,11.360,backend-2,true
0.166,message,201,11.670,backend-2,true
0.178,feed,200,0.290,backend-1,true
0.178,feed,200,0.320,backend-1,true
0.167,message,201,10.840,backend-2,true
0.178,feed,200,0.300,backend-1,true
0.175,message,201,2.920,backend-1,true
0.169,message,201,8.900,backend-2,true
0.085,message,201,92.730,backend-2,true
0.173,message,201,4.760,backend-1,true
0.085,message,201,92.750,backend-2,true
0.085,message,201,92.760,backend-2,true
0.085,message,201,92.720,backend-2,true
0.087,message,201,91.340,backend-2,true
0.087,message,201,90.820,backend-2,true
0.087,message,201,91.000,backend-2,true
0.178,feed,200,0.150,backend-1,true
0.178,feed,200,0.200,backend-1,true
0.114,feed,200,64.230,backend-3,true
0.116,feed,200,62.960,backend-3,true
0.116,feed,200,62.950,backend-3,true
0.143,feed,200,36.330,backend-3,true
0.106,message,201,73.430,backend-3,true
0.110,message,201,70.090,backend-3,true
0.106,message,201,73.770,backend-3,true
0.106,message,201,73.800,backend-3,true
0.180,feed,200,0.320,backend-1,true
0.109,message,201,71.630,backend-3,true
0.106,message,201,73.980,backend-3,true
0.106,message,201,74.250,backend-3,true
0.106,message,201,74.270,backend-3,true
0.181,feed,200,0.330,backend-1,true
0.106,message,201,74.970,backend-3,true
0.106,message,201,75.070,backend-3,true
0.107,message,201,74.990,backend-3,true
0.107,message,201,75.040,backend-3,true
0.106,message,201,75.190,backend-3,true
0.110,message,201,71.750,backend-3,true
0.114,message,201,67.380,backend-3,true
0.182,feed,200,0.240,backend-1,true
0.110,message,201,71.730,backend-3,true
0.181,feed,200,0.330,backend-1,true
0.110,message,201,71.800,backend-3,true
0.181,feed,200,0.340,backend-1,true
0.114,message,201,67.550,backend-3,true
0.115,message,201,67.440,backend-3,true
0.114,message,201,67.770,backend-3,true
0.182,feed,200,0.450,backend-1,true
0.182,feed,200,0.490,backend-1,true
0.114,message,201,67.900,backend-3,true
0.182,feed,200,0.360,backend-1,true
0.114,message,201,67.830,backend-3,true
0.114,message,201,67.930,backend-3,true
0.114,message,201,67.910,backend-3,true
0.114,message,201,67.890,backend-3,true
0.114,message,201,68.130,backend-3,true
0.114,message,201,68.020,backend-3,true
0.114,message,201,67.970,backend-3,true
0.114,message,201,68.010,backend-3,true
0.182,feed,200,0.240,backend-1,true
0.115,message,201,67.220,backend-3,true
0.142,message,201,40.460,backend-3,true
0.142,message,201,40.660,backend-3,true
0.142,message,201,40.610,backend-3,true
0.142,message,201,40.560,backend-3,true
0.142,message,201,40.570,backend-3,true
0.142,message,201,40.480,backend-3,true
0.183,feed,200,0.170,backend-1,true
0.142,message,201,40.590,backend-3,true
0.183,feed,200,0.270,backend-2,true
0.142,message,201,40.460,backend-3,true
0.143,message,201,40.030,backend-3,true
0.143,message,201,40.100,backend-3,true
0.183,feed,200,0.200,backend-2,true
0.183,feed,200,0.180,backend-1,true
0.143,message,201,40.170,backend-3,true
0.143,message,201,40.050,backend-3,true
0.143,message,201,39.870,backend-3,true
0.143,message,201,39.870,backend-3,true
0.144,feed,200,40.710,backend-3,true
0.182,message,201,5.010,backend-1,true
0.182,message,201,4.330,backend-1,true
0.144,message,201,45.850,backend-3,true
0.143,message,201,46.020,backend-3,true
0.144,message,201,45.680,backend-3,true
0.144,message,201,45.480,backend-3,true
0.144,message,201,45.480,backend-3,true
0.144,message,201,45.530,backend-3,true
0.190,feed,200,0.220,backend-3,true
