t_s,route,status,latency_ms,backend,ok
0.001,message,201,31.000,backend-2,true
0.001,message,201,30.850,backend-2,true
0.000,message,201,31.320,backend-2,true
0.001,message,201,31.340,backend-1,true
0.001,message,201,31.300,backend-2,true
0.000,message,201,32.920,backend-2,true
0.001,message,201,33.300,backend-2,true
0.001,message,201,33.860,backend-2,true
0.000,message,201,35.340,backend-2,true
0.001,message,201,35.060,backend-2,true
0.000,message,201,35.620,backend-2,true
0.001,message,201,35.140,backend-2,true
0.001,message,201,35.170,backend-2,true
0.001,message,201,35.180,backend-2,true
0.001,message,201,35.270,backend-2,true
0.001,message,201,36.940,backend-3,true
0.003,message,201,35.030,backend-3,true
0.001,message,201,37.100,backend-1,true
0.001,message,201,37.510,backend-2,true
0.001,message,201,37.840,backend-2,true
0.001,message,201,37.640,backend-3,true
0.001,message,201,37.770,backend-1,true
0.001,message,201,38.030,backend-3,true
0.000,message,201,38.120,backend-3,true
0.000,message,201,38.180,backend-1,true
0.000,message,201,38.300,backend-2,true
0.000,message,201,38.500,backend-3,true
0.001,message,201,37.840,backend-3,true
0.001,message,201,38.310,backend-1,true
0.003,message,201,35.970,backend-1,true
0.001,message,201,38.360,backend-1,true
0.001,message,201,38.260,backend-3,true
0.003,message,201,35.920,backend-2,true
0.003,message,201,35.660,backend-1,true
0.001,message,201,38.390,backend-3,true
0.001,message,201,37.840,backend-2,true
0.003,message,201,35.680,backend-1,true
0.000,message,201,39.110,backend-1,true
0.000,message,201,38.940,backend-2,true
0.000,message,201,38.750,backend-3,true
0.002,message,201,37.460,backend-3,true
0.001,message,201,38.420,backend-3,true
0.000,message,201,38.820,backend-2,true
0.001,message,201,38.600,backend-1,true
0.003,message,201,36.060,backend-1,true
0.001,message,201,38.690,backend-1,true
0.003,message,201,36.050,backend-3,true
0.001,message,201,38.680,backend-3,true
0.000,message,201,38.940,backend-1,true
0.001,message,201,38.370,backend-1,true
0.001,message,201,38.210,backend-2,true
0.000,message,201,38.950,backend-1,true
0.001,message,201,37.970,backend-1,true
0.001,message,201,38.050,backend-1,true
0.003,message,201,36.410,backend-1,true
0.000,message,201,39.100,backend-1,true
0.001,message,201,38.350,backend-2,true
0.001,message,201,38.810,backend-3,true
0.002,message,201,37.920,backend-2,true
0.003,message,201,36.280,backend-2,true
0.003,message,201,36.200,backend-2,true
0.003,message,201,36.480,backend-1,true
0.001,message,201,38.950,backend-3,true
0.001,message,201,38.810,backend-2,true
0.001,message,201,38.890,backend-2,true
0.001,message,201,39.030,backend-3,true
0.000,message,201,39.470,backend-3,true
0.000,message,201,39.420,backend-3,true
0.000,message,201,39.470,backend-3,true
0.001,message,201,39.180,backend-1,true
0.003,message,201,36.640,backend-2,true
0.001,message,201,38.620,backend-3,true
0.003,message,201,36.590,backend-1,true
0.001,message,201,39.360,backend-2,true
0.002,message,201,38.240,backend-1,true
0.003,message,201,36.790,backend-2,true
0.002,message,201,38.510,backend-2,true
0.002,message,201,38.480,backend-1,true
0.001,message,201,39.360,backend-3,true
0.000,message,201,39.700,backend-3,true
0.002,message,201,38.420,backend-3,true
0.001,message,201,39.130,backend-3,true
0.003,message,201,36.830,backend-3,true
0.001,message,201,39.360,backend-1,true
0.003,message,201,37.440,backend-2,true
0.003,message,201,37.320,backend-1,true
0.003,message,201,37.500,backend-1,true
0.002,message,201,39.040,backend-1,true
0.001,message,201,39.500,backend-2,true
0.003,message,201,37.470,backend-1,true
0.000,message,201,40.470,backend-3,true
0.002,message,201,39.200,backend-3,true
0.003,message,201,37.650,backend-1,true
0.001,message,201,40.110,backend-3,true
0.003,message,201,37.560,backend-2,true
0.007,message,201,33.930,backend-1,true
0.004,message,201,37.200,backend-1,true
0.001,message,201,40.130,backend-1,true
0.004,message,201,36.500,backend-1,true
0.002,message,201,39.200,backend-1,true
0.001,message,201,40.220,backend-1,true
0.001,message,201,40.360,backend-3,true
0.001,message,201,39.540,backend-1,true
0.002,message,201,39.220,backend-1,true
0.001,message,201,40.290,backend-1,true
0.003,message,201,37.740,backend-1,true
0.001,message,201,39.740,backend-2,true
0.000,message,201,40.810,backend-3,true
0.001,message,201,40.530,backend-1,true
0.001,message,201,39.630,backend-1,true
0.000,message,201,40.740,backend-3,true
0.002,message,201,39.580,backend-1,true
0.001,message,201,39.700,backend-2,true
0.003,message,201,37.860,backend-2,true
0.003,message,201,37.970,backend-3,true
0.003,message,201,38.070,backend-3,true
0.001,message,201,40.270,backend-3,true
0.001,message,201,40.040,backend-1,true
0.001,message,201,40.540,backend-2,true
0.003,message,201,37.990,backend-3,true
0.001,message,201,40.710,backend-1,true
0.001,message,201,39.990,backend-1,true
0.003,message,201,38.030,backend-1,true
0.002,message,201,39.520,backend-3,true
0.004,message,201,37.690,backend-3,true
0.003,message,201,37.910,backend-3,true
0.001,message,201,40.450,backend-2,true
0.001,message,201,39.870,backend-2,true
0.003,message,201,38.240,backend-3,true
0.001,message,201,40.340,backend-3,true
0.002,message,201,39.850,backend-3,true
0.002,message,201,39.700,backend-3,true
0.001,message,201,40.850,backend-1,true
0.002,message,201,39.750,backend-3,true
0.003,message,201,38.290,backend-3,true
0.003,message,201,38.230,backend-1,true
0.001,message,201,40.240,backend-1,true
0.000,message,201,41.210,backend-2,true
0.000,message,201,41.160,backend-1,true
0.003,message,201,38.460,backend-2,true
0.002,message,201,39.850,backend-3,true
0.006,message,201,35.140,backend-1,true
0.002,message,201,39.970,backend-1,true
0.002,message,201,40.190,backend-2,true
0.008,message,201,33.790,backend-1,true
0.003,message,201,38.600,backend-3,true
0.007,message,201,34.900,backend-1,true
0.001,message,201,40.820,backend-1,true
0.001,message,201,41.070,backend-2,true
0.006,message,201,36.400,backend-3,true
0.005,message,201,38.070,backend-3,true
0.004,message,201,39.380,backend-3,true
0.004,message,201,39.260,backend-3,true
0.007,message,201,36.170,backend-3,true
0.004,message,201,40.460,backend-3,true
0.007,message,201,37.520,backend-3,true
0.002,message,201,42.660,backend-2,true
0.001,message,201,42.900,backend-2,true
0.006,message,201,38.650,backend-2,true
0.006,message,201,38.060,backend-2,true
0.007,message,201,37.120,backend-2,true
0.004,message,201,40.620,backend-2,true
0.005,message,201,39.650,backend-2,true
0.007,message,201,37.710,backend-2,true
0.006,message,201,38.030,backend-2,true
0.003,message,201,41.330,backend-2,true
0.007,message,201,37.660,backend-2,true
0.004,message,201,40.070,backend-2,true
0.004,message,201,40.370,backend-2,true
0.003,message,201,41.160,backend-2,true
0.002,message,201,42.230,backend-2,true
0.002,message,201,43.030,backend-3,true
0.004,message,201,41.060,backend-2,true
0.004,message,201,41.110,backend-2,true
0.002,message,201,42.900,backend-3,true
0.007,message,201,37.730,backend-3,true
0.001,message,201,44.050,backend-3,true
0.008,message,201,36.670,backend-2,true
0.001,message,201,43.940,backend-2,true
0.007,message,201,38.270,backend-2,true
0.004,message,201,40.390,backend-2,true
0.001,message,201,43.450,backend-2,true
0.001,message,201,44.300,backend-2,true
0.001,message,201,43.740,backend-2,true
0.001,message,201,43.870,backend-2,true
0.001,message,201,43.920,backend-2,true
0.007,message,201,38.090,backend-2,true
0.004,message,201,40.510,backend-2,true
0.005,message,201,40.100,backend-2,true
0.006,message,201,39.370,backend-2,true
0.005,message,201,40.370,backend-2,true
0.006,message,201,38.660,backend-2,true
0.004,message,201,40.920,backend-2,true
0.004,message,201,40.800,backend-2,true
0.004,message,201,41.500,backend-2,true
0.002,message,201,43.520,backend-2,true
0.005,message,201,40.490,backend-2,true
0.007,message,201,38.540,backend-2,true
0.001,message,201,44.030,backend-2,true
0.004,message,201,41.640,backend-2,true
0.001,message,201,44.210,backend-2,true
0.005,message,201,45.450,backend-1,true
0.005,message,201,45.390,backend-1,true
0.002,message,201,48.130,backend-3,true
0.004,message,201,46.460,backend-1,true
0.001,message,201,49.480,backend-1,true
0.008,message,201,42.420,backend-3,true
0.004,message,201,46.650,backend-1,true
0.006,message,201,43.980,backend-1,true
0.008,message,201,42.740,backend-3,true
0.005,message,201,44.930,backend-3,true
0.006,message,201,44.010,backend-1,true
0.005,message,201,45.730,backend-3,true
0.001,message,201,49.850,backend-3,true
0.006,message,201,44.370,backend-3,true
0.001,message,201,49.670,backend-3,true
0.007,message,201,43.540,backend-1,true
0.004,message,201,47.030,backend-3,true
0.002,message,201,49.120,backend-1,true
0.008,message,201,42.850,backend-1,true
0.007,message,201,44.260,backend-3,true
0.003,message,201,47.600,backend-1,true
0.008,message,201,42.890,backend-1,true
0.007,message,201,44.200,backend-1,true
0.004,message,201,47.160,backend-1,true
0.007,message,201,44.170,backend-3,true
0.005,message,201,46.380,backend-1,true
0.003,message,201,47.550,backend-1,true
0.004,message,201,46.910,backend-1,true
0.005,message,201,46.530,backend-1,true
0.008,message,201,43.550,backend-3,true
0.000,message,201,51.020,backend-1,true
0.008,message,201,43.150,backend-3,true
0.003,message,201,48.840,backend-1,true
0.007,message,201,44.530,backend-1,true
0.001,message,201,50.190,backend-1,true
0.008,message,201,43.020,backend-3,true
0.003,message,201,48.060,backend-1,true
0.004,message,201,47.810,backend-3,true
0.032,message,201,19.620,backend-3,true
0.008,message,201,43.060,backend-3,true
0.008,message,201,43.620,backend-3,true
0.034,message,201,17.420,backend-3,true
0.006,message,201,45.090,backend-1,true
0.008,message,201,43.320,backend-1,true
0.001,message,201,50.690,backend-1,true
0.005,message,201,46.890,backend-3,true
0.004,message,201,47.230,backend-3,true
0.007,message,201,45.000,backend-3,true
0.008,message,201,43.430,backend-1,true
0.001,message,201,51.080,backend-3,true
0.008,message,201,43.570,backend-3,true
0.007,message,201,45.200,backend-2,true
0.008,message,201,44.210,backend-3,true
0.032,message,201,19.980,backend-3,true
0.042,message,201,10.470,backend-3,true
0.005,message,201,46.880,backend-2,true
0.036,message,201,16.440,backend-2,true
0.008,message,201,44.450,backend-3,true
0.007,message,201,45.560,backend-2,true
0.036,message,201,16.630,backend-2,true
0.006,message,201,46.500,backend-3,true
0.000,message,201,51.710,backend-2,true
0.006,message,201,46.580,backend-3,true
0.036,message,201,16.640,backend-2,true
0.008,message,201,44.500,backend-3,true
0.036,message,201,16.520,backend-2,true
0.004,message,201,47.960,backend-3,true
0.041,message,201,11.310,backend-3,true
0.001,message,201,51.360,backend-2,true
0.043,message,201,9.370,backend-3,true
0.041,message,201,11.050,backend-3,true
0.008,message,201,44.720,backend-3,true
0.041,message,201,11.150,backend-3,true
0.040,message,201,12.550,backend-3,true
0.036,message,201,16.720,backend-2,true
0.005,message,201,47.660,backend-2,true
0.041,message,201,11.120,backend-3,true
0.040,message,201,12.670,backend-3,true
0.008,message,201,44.320,backend-3,true
0.035,message,201,17.390,backend-2,true
0.041,message,201,11.390,backend-3,true
0.042,message,201,10.930,backend-3,true
0.040,message,201,12.420,backend-3,true
0.041,message,201,11.110,backend-3,true
0.041,message,201,11.250,backend-3,true
0.041,message,201,11.320,backend-3,true
0.041,message,201,11.300,backend-3,true
0.041,message,201,11.370,backend-3,true
0.040,message,201,12.570,backend-3,true
0.004,message,201,48.430,backend-1,true
0.041,message,201,11.500,backend-3,true
0.008,message,201,44.300,backend-3,true
0.006,message,201,46.230,backend-1,true
0.032,message,201,21.120,backend-3,true
0.008,message,201,44.530,backend-3,true
0.006,message,201,46.290,backend-3,true
0.005,message,201,48.030,backend-3,true
0.001,message,201,51.810,backend-3,true
0.036,message,201,16.910,backend-3,true
0.008,message,201,45.140,backend-3,true
0.008,message,201,44.420,backend-3,true
0.008,message,201,45.090,backend-3,true
0.007,message,201,45.900,backend-3,true
0.008,message,201,45.310,backend-3,true
0.007,message,201,46.050,backend-3,true
0.007,message,201,45.760,backend-3,true
0.001,message,201,51.860,backend-3,true
0.007,message,201,46.280,backend-1,true
0.001,message,201,52.390,backend-1,true
0.005,message,201,48.570,backend-3,true
0.032,message,201,21.420,backend-3,true
0.005,message,201,48.370,backend-3,true
0.005,message,201,48.360,backend-3,true
0.000,message,201,52.990,backend-3,true
0.032,message,201,21.700,backend-3,true
0.007,message,201,46.670,backend-1,true
0.004,message,201,49.540,backend-3,true
0.001,message,201,52.330,backend-3,true
0.002,message,201,51.690,backend-1,true
0.003,message,201,50.070,backend-1,true
0.003,message,201,50.180,backend-3,true
0.008,message,201,45.520,backend-3,true
0.004,message,201,49.120,backend-1,true
0.007,message,201,46.080,backend-3,true
0.001,message,201,52.470,backend-3,true
0.005,message,201,48.590,backend-3,true
0.005,message,201,49.670,backend-1,true
0.039,message,201,15.160,backend-1,true
0.039,message,201,15.110,backend-1,true
0.039,message,201,15.290,backend-1,true
0.039,message,201,15.800,backend-1,true
0.039,message,201,15.830,backend-1,true
0.039,message,201,15.380,backend-1,true
0.039,message,201,15.480,backend-1,true
0.039,message,201,15.570,backend-1,true
0.039,message,201,15.930,backend-1,true
0.039,message,201,15.390,backend-1,true
0.039,message,201,15.480,backend-1,true
0.039,message,201,15.400,backend-1,true
0.039,message,201,16.250,backend-1,true
0.039,message,201,15.700,backend-1,true
0.036,message,201,19.000,backend-1,true
0.038,message,201,16.540,backend-1,true
0.039,message,201,16.350,backend-1,true
0.041,message,201,14.310,backend-3,true
0.040,message,201,15.040,backend-3,true
0.043,message,201,12.550,backend-3,true
0.043,message,201,12.480,backend-3,true
0.042,message,201,13.750,backend-3,true
0.044,message,201,11.200,backend-3,true
0.004,message,201,52.030,backend-3,true
0.033,message,201,25.670,backend-3,true
0.004,message,201,55.160,backend-3,true
0.040,message,201,19.940,backend-1,true
0.040,message,201,19.990,backend-1,true
0.040,message,201,19.530,backend-1,true
0.039,message,201,20.100,backend-1,true
0.040,message,201,19.850,backend-1,true
0.040,message,201,20.110,backend-1,true
0.039,message,201,20.210,backend-1,true
0.040,message,201,19.730,backend-1,true
0.040,message,201,20.110,backend-1,true
0.040,message,201,19.490,backend-1,true
0.040,message,201,19.840,backend-1,true
0.006,message,201,53.350,backend-3,true
0.040,message,201,19.700,backend-1,true
0.040,message,201,19.460,backend-1,true
0.039,message,201,20.240,backend-1,true
0.039,message,201,20.390,backend-1,true
0.040,message,201,19.580,backend-1,true
0.040,message,201,20.020,backend-1,true
0.042,message,201,18.110,backend-1,true
0.039,message,201,20.360,backend-1,true
0.039,message,201,20.370,backend-1,true
0.041,message,201,19.820,backend-1,true
0.041,message,201,19.800,backend-1,true
0.042,message,201,19.560,backend-1,true
0.041,message,201,19.800,backend-1,true
0.040,message,201,20.980,backend-1,true
0.041,message,201,19.790,backend-1,true
0.042,message,201,19.710,backend-1,true
0.042,message,201,19.730,backend-1,true
0.041,message,201,20.300,backend-1,true
0.041,message,201,19.800,backend-1,true
0.041,message,201,19.910,backend-1,true
0.039,message,201,22.720,backend-2,true
0.039,message,201,22.760,backend-2,true
0.039,message,201,22.810,backend-2,true
0.039,message,201,23.110,backend-2,true
0.039,message,201,22.880,backend-2,true
0.041,message,201,20.860,backend-1,true
0.045,message,201,18.520,backend-3,true
0.039,message,201,24.050,backend-2,true
0.045,message,201,18.990,backend-3,true
0.051,message,201,13.060,backend-3,true
0.051,message,201,13.150,backend-3,true
0.050,message,201,13.690,backend-3,true
0.039,message,201,24.760,backend-2,true
0.051,message,201,13.450,backend-3,true
0.039,message,201,24.700,backend-2,true
0.040,message,201,24.650,backend-2,true
0.050,message,201,14.060,backend-3,true
0.040,message,201,24.690,backend-2,true
0.040,message,201,24.760,backend-2,true
0.050,message,201,14.460,backend-3,true
0.040,message,201,25.130,backend-2,true
0.050,message,201,14.730,backend-3,true
0.040,message,201,25.250,backend-2,true
0.043,message,201,21.830,backend-1,true
0.039,message,201,25.800,backend-2,true
0.045,message,201,20.050,backend-3,true
0.045,message,201,20.630,backend-3,true
0.039,message,201,26.650,backend-2,true
0.045,message,201,20.960,backend-1,true
0.050,message,201,15.820,backend-3,true
0.050,message,201,15.950,backend-3,true
0.041,message,201,28.180,backend-2,true
0.041,message,201,28.190,backend-2,true
0.041,message,201,28.590,backend-2,true
0.052,message,201,18.020,backend-1,true
0.052,message,201,17.990,backend-1,true
0.041,message,201,28.750,backend-1,true
0.039,message,201,30.630,backend-2,true
0.044,message,201,25.630,backend-3,true
0.051,message,201,18.600,backend-1,true
0.041,message,201,29.110,backend-1,true
0.053,message,201,16.760,backend-1,true
0.052,message,201,18.250,backend-1,true
0.038,message,201,31.600,backend-2,true
0.041,message,201,29.170,backend-2,true
0.050,message,201,20.020,backend-3,true
0.045,message,201,25.240,backend-2,true
0.039,message,201,31.570,backend-2,true
0.041,message,201,28.890,backend-1,true
0.044,message,201,25.740,backend-2,true
0.052,message,201,17.820,backend-3,true
0.052,message,201,18.130,backend-3,true
0.045,message,201,25.180,backend-2,true
0.052,message,201,18.630,backend-1,true
0.045,message,201,25.290,backend-2,true
0.052,message,201,17.730,backend-3,true
0.052,message,201,18.060,backend-3,true
0.051,message,201,18.790,backend-1,true
0.045,message,201,25.350,backend-2,true
0.045,message,201,25.150,backend-2,true
0.038,message,201,31.790,backend-2,true
0.044,message,201,26.050,backend-2,true
0.041,message,201,29.200,backend-1,true
0.041,message,201,29.160,backend-1,true
0.044,message,201,26.040,backend-2,true
0.040,message,201,30.800,backend-2,true
0.044,message,201,26.040,backend-2,true
0.041,message,201,29.170,backend-1,true
0.052,message,201,18.130,backend-3,true
0.038,message,201,31.980,backend-2,true
0.050,message,201,20.190,backend-3,true
0.041,message,201,29.790,backend-1,true
0.052,message,201,18.160,backend-3,true
0.045,message,201,25.450,backend-2,true
0.045,message,201,25.820,backend-1,true
0.040,message,201,30.540,backend-2,true
0.045,message,201,25.170,backend-2,true
0.039,message,201,31.490,backend-2,true
0.045,message,201,25.710,backend-2,true
0.041,message,201,29.670,backend-1,true
0.052,message,201,18.150,backend-3,true
0.044,message,201,26.140,backend-2,true
0.039,message,201,31.540,backend-2,true
0.053,message,201,17.440,backend-3,true
0.045,message,201,25.340,backend-2,true
0.039,message,201,31.270,backend-2,true
0.052,message,201,18.450,backend-3,true
0.045,message,201,26.080,backend-2,true
0.045,message,201,25.920,backend-3,true
0.051,message,201,19.970,backend-3,true
0.045,message,201,25.700,backend-3,true
0.052,message,201,18.280,backend-3,true
0.041,message,201,29.830,backend-1,true
0.045,message,201,25.460,backend-2,true
0.045,message,201,25.960,backend-2,true
0.045,message,201,26.080,backend-1,true
0.041,message,201,29.820,backend-2,true
0.041,message,201,29.890,backend-2,true
0.045,message,201,25.920,backend-3,true
0.053,message,201,18.370,backend-3,true
0.051,message,201,19.430,backend-3,true
0.051,message,201,19.440,backend-3,true
0.053,message,201,18.420,backend-3,true
0.051,message,201,19.530,backend-3,true
0.051,message,201,20.300,backend-1,true
0.052,message,201,18.700,backend-3,true
0.051,message,201,20.300,backend-3,true
0.052,message,201,19.550,backend-3,true
0.052,message,201,19.370,backend-3,true
0.052,message,201,19.570,backend-3,true
0.051,message,201,20.340,backend-1,true
0.052,message,201,19.640,backend-3,true
0.051,message,201,20.170,backend-1,true
0.051,message,201,19.880,backend-3,true
0.051,message,201,20.520,backend-1,true
0.052,message,201,19.540,backend-3,true
0.051,message,201,20.170,backend-3,true
0.042,message,201,29.620,backend-2,true
0.041,message,201,30.590,backend-2,true
0.045,message,201,26.910,backend-2,true
0.043,message,201,28.600,backend-2,true
0.051,message,201,20.120,backend-3,true
0.041,message,201,30.070,backend-2,true
0.045,message,201,26.320,backend-2,true
0.041,message,201,30.350,backend-2,true
0.051,message,201,20.210,backend-3,true
0.045,message,201,26.840,backend-2,true
0.042,message,201,29.780,backend-2,true
0.042,message,201,29.900,backend-2,true
0.044,message,201,27.150,backend-2,true
0.042,message,201,29.870,backend-2,true
0.051,message,201,20.680,backend-3,true
0.051,message,201,20.320,backend-3,true
0.045,message,201,26.420,backend-2,true
0.050,message,201,21.390,backend-1,true
0.053,message,201,18.450,backend-3,true
0.051,message,201,20.810,backend-3,true
0.045,message,201,26.500,backend-2,true
0.053,message,201,18.500,backend-3,true
0.053,message,201,18.540,backend-3,true
0.051,message,201,20.870,backend-3,true
0.050,message,201,21.490,backend-1,true
0.044,message,201,27.290,backend-2,true
0.051,message,201,20.970,backend-3,true
0.042,message,201,29.940,backend-1,true
0.051,message,201,20.870,backend-3,true
0.051,message,201,20.850,backend-3,true
0.051,message,201,20.680,backend-3,true
0.041,message,201,30.970,backend-2,true
0.041,message,201,31.080,backend-2,true
0.041,message,201,31.130,backend-2,true
0.041,message,201,31.170,backend-2,true
0.041,message,201,31.220,backend-2,true
0.041,message,201,31.350,backend-2,true
0.041,message,201,31.080,backend-2,true
0.041,message,201,31.130,backend-2,true
0.041,message,201,31.190,backend-2,true
0.044,message,201,27.980,backend-1,true
0.042,message,201,30.510,backend-1,true
0.040,message,201,32.360,backend-2,true
0.040,message,201,32.080,backend-2,true
0.042,message,201,30.450,backend-1,true
0.041,message,201,31.480,backend-1,true
0.044,message,201,27.880,backend-1,true
0.040,message,201,32.210,backend-2,true
0.041,message,201,31.140,backend-2,true
0.041,message,201,31.120,backend-2,true
0.045,message,201,27.270,backend-1,true
0.045,message,201,27.450,backend-1,true
0.045,message,201,27.380,backend-1,true
0.041,message,201,31.300,backend-2,true
0.051,message,201,21.470,backend-1,true
0.052,message,201,20.850,backend-1,true
0.051,message,201,21.110,backend-3,true
0.052,message,201,20.430,backend-3,true
0.052,message,201,19.970,backend-3,true
0.052,message,201,20.010,backend-3,true
0.052,message,201,20.390,backend-3,true
0.052,message,201,20.370,backend-3,true
0.052,message,201,20.050,backend-3,true
0.053,message,201,19.990,backend-3,true
0.052,message,201,20.450,backend-3,true
0.052,message,201,20.120,backend-3,true
0.052,message,201,20.120,backend-3,true
0.052,message,201,20.190,backend-3,true
0.052,message,201,20.380,backend-3,true
0.052,message,201,20.140,backend-3,true
0.052,message,201,20.420,backend-3,true
0.052,message,201,20.320,backend-3,true
0.052,message,201,20.490,backend-3,true
0.052,message,201,20.180,backend-3,true
0.052,message,201,20.360,backend-3,true
0.050,message,201,22.390,backend-1,true
0.052,message,201,20.850,backend-3,true
0.053,message,201,21.620,backend-3,true
0.053,message,201,21.680,backend-3,true
0.053,message,201,21.790,backend-3,true
0.053,message,201,21.770,backend-3,true
0.045,message,201,29.670,backend-2,true
0.052,message,201,22.090,backend-3,true
0.045,message,201,29.350,backend-2,true
0.055,message,201,19.150,backend-3,true
0.056,message,201,19.050,backend-3,true
0.055,message,201,19.590,backend-3,true
0.053,message,201,21.370,backend-3,true
0.053,message,201,21.370,backend-3,true
0.053,message,201,21.730,backend-3,true
0.055,message,201,19.670,backend-3,true
0.053,message,201,22.440,backend-3,true
0.053,message,201,21.850,backend-3,true
0.053,message,201,22.610,backend-3,true
0.053,message,201,21.900,backend-3,true
0.053,message,201,22.340,backend-3,true
0.053,message,201,21.850,backend-3,true
0.053,message,201,22.490,backend-3,true
0.053,message,201,22.280,backend-3,true
0.060,message,201,15.610,backend-3,true
0.060,message,201,15.530,backend-3,true
0.053,message,201,22.520,backend-3,true
0.054,message,201,21.110,backend-3,true
0.053,message,201,22.840,backend-3,true
0.053,message,201,22.820,backend-3,true
0.055,message,201,20.970,backend-3,true
0.055,message,201,20.660,backend-3,true
0.061,message,201,14.650,backend-3,true
0.061,message,201,14.670,backend-3,true
0.055,message,201,21.090,backend-3,true
0.055,message,201,21.150,backend-3,true
0.053,message,201,24.440,backend-3,true
0.060,message,201,18.190,backend-3,true
0.045,message,201,33.170,backend-2,true
0.062,message,201,15.860,backend-2,true
0.060,message,201,18.210,backend-3,true
0.060,message,201,18.220,backend-3,true
0.064,message,201,14.090,backend-2,true
0.053,message,201,25.040,backend-3,true
0.054,message,201,23.660,backend-3,true
0.065,message,201,13.390,backend-2,true
0.061,message,201,16.970,backend-1,true
0.061,message,201,17.030,backend-1,true
0.061,message,201,16.900,backend-1,true
0.060,message,201,18.510,backend-1,true
0.060,message,201,18.470,backend-1,true
0.060,message,201,18.570,backend-1,true
0.060,message,201,18.520,backend-1,true
0.060,message,201,18.640,backend-1,true
0.060,message,201,18.670,backend-1,true
0.060,message,201,18.670,backend-1,true
0.055,message,201,23.580,backend-3,true
0.060,message,201,18.630,backend-1,true
0.061,message,201,17.220,backend-1,true
0.060,message,201,18.700,backend-3,true
0.054,message,201,24.030,backend-3,true
0.053,message,201,25.020,backend-3,true
0.053,message,201,25.100,backend-3,true
0.052,message,201,26.840,backend-2,true
0.053,message,201,25.370,backend-3,true
0.053,message,201,25.490,backend-3,true
0.055,message,201,23.390,backend-3,true
0.064,message,201,14.170,backend-1,true
0.053,message,201,25.930,backend-3,true
0.053,message,201,25.400,backend-3,true
0.064,message,201,14.110,backend-1,true
0.064,message,201,14.510,backend-1,true
0.064,message,201,14.170,backend-1,true
0.064,message,201,14.550,backend-1,true
0.054,message,201,24.210,backend-3,true
0.062,message,201,16.480,backend-1,true
0.053,message,201,25.940,backend-3,true
0.061,message,201,17.360,backend-1,true
0.062,message,201,16.540,backend-1,true
0.064,message,201,14.420,backend-1,true
0.053,message,201,26.990,backend-3,true
0.065,message,201,14.860,backend-1,true
0.065,message,201,15.030,backend-1,true
0.062,message,201,17.610,backend-1,true
0.064,message,201,16.020,backend-1,true
0.064,message,201,16.120,backend-1,true
0.063,message,201,16.250,backend-1,true
0.063,message,201,16.370,backend-1,true
0.065,message,201,14.890,backend-1,true
0.062,message,201,17.640,backend-1,true
0.053,message,201,27.690,backend-3,true
0.060,message,201,20.630,backend-3,true
0.060,message,201,20.690,backend-3,true
0.060,message,201,20.690,backend-3,true
0.060,message,201,20.670,backend-3,true
0.070,message,201,10.490,backend-2,true
0.066,message,201,14.590,backend-2,true
0.062,message,201,18.590,backend-2,true
0.070,message,201,10.550,backend-2,true
0.065,message,201,15.860,backend-2,true
0.061,message,201,19.550,backend-3,true
0.070,message,201,10.570,backend-2,true
0.065,message,201,15.970,backend-2,true
0.070,message,201,10.560,backend-2,true
0.070,message,201,10.560,backend-2,true
0.070,message,201,10.610,backend-2,true
0.070,message,201,10.610,backend-2,true
0.070,message,201,10.900,backend-2,true
0.053,message,201,27.630,backend-3,true
0.070,message,201,10.920,backend-2,true
0.054,message,201,26.660,backend-3,true
0.070,message,201,11.150,backend-2,true
0.070,message,201,11.060,backend-2,true
0.061,message,201,19.930,backend-3,true
0.053,message,201,28.490,backend-3,true
0.070,message,201,10.950,backend-2,true
0.070,message,201,11.120,backend-2,true
0.070,message,201,11.140,backend-2,true
0.052,message,201,29.290,backend-2,true
0.055,message,201,26.650,backend-3,true
0.070,message,201,11.100,backend-2,true
0.071,message,201,10.430,backend-2,true
0.071,message,201,9.860,backend-2,true
0.061,message,201,20.010,backend-3,true
0.075,message,201,6.620,backend-2,true
0.071,message,201,10.450,backend-2,true
0.075,message,201,6.110,backend-3,true
0.071,message,201,10.090,backend-2,true
0.064,message,201,17.540,backend-2,true
0.075,message,201,6.210,backend-3,true
0.066,message,201,15.770,backend-2,true
0.070,message,201,11.260,backend-2,true
0.054,message,201,26.870,backend-3,true
0.071,message,201,10.240,backend-3,true
0.061,message,201,20.200,backend-3,true
0.045,message,201,36.320,backend-2,true
0.052,message,201,29.250,backend-3,true
0.070,message,201,11.290,backend-2,true
0.044,message,201,36.910,backend-2,true
0.056,message,201,25.800,backend-1,true
0.059,message,201,22.740,backend-1,true
0.054,message,201,27.130,backend-1,true
0.055,message,201,26.180,backend-1,true
0.072,message,201,9.200,backend-3,true
0.059,message,201,22.770,backend-1,true
0.071,message,201,10.530,backend-3,true
0.045,message,201,37.030,backend-2,true
0.053,message,201,28.270,backend-3,true
0.053,message,201,28.750,backend-3,true
0.060,message,201,21.970,backend-3,true
0.060,message,201,22.070,backend-3,true
0.054,message,201,27.260,backend-1,true
0.053,message,201,29.170,backend-3,true
0.053,message,201,28.400,backend-1,true
0.055,message,201,27.170,backend-1,true
0.054,message,201,27.320,backend-3,true
0.054,message,201,27.460,backend-1,true
0.070,message,201,11.820,backend-2,true
0.055,message,201,27.110,backend-1,true
0.052,message,201,29.930,backend-3,true
0.060,message,201,22.100,backend-3,true
0.053,message,201,28.920,backend-3,true
0.070,message,201,11.970,backend-2,true
0.072,message,201,9.960,backend-3,true
0.075,message,201,6.910,backend-3,true
0.071,message,201,11.280,backend-3,true
0.075,message,201,6.910,backend-3,true
0.073,message,201,9.570,backend-3,true
0.073,message,201,9.630,backend-3,true
0.072,message,201,10.430,backend-3,true
0.073,message,201,10.030,backend-3,true
0.072,message,201,10.120,backend-3,true
0.072,message,201,10.430,backend-3,true
0.071,message,201,18.200,backend-2,true
0.075,message,201,13.490,backend-2,true
0.075,message,201,13.710,backend-2,true
0.076,message,201,13.000,backend-2,true
0.073,message,201,16.460,backend-2,true
0.072,message,201,16.730,backend-2,true
0.074,message,201,14.610,backend-3,true
0.072,message,201,17.020,backend-2,true
0.075,message,201,14.140,backend-2,true
0.073,message,201,16.580,backend-2,true
0.072,message,201,17.710,backend-2,true
0.072,message,201,17.700,backend-2,true
0.072,message,201,16.980,backend-2,true
0.071,message,201,18.750,backend-2,true
0.075,message,201,14.160,backend-3,true
0.072,message,201,18.110,backend-2,true
0.072,message,201,18.120,backend-2,true
0.071,message,201,18.260,backend-2,true
0.071,message,201,19.150,backend-3,true
0.071,message,201,18.900,backend-2,true
0.071,message,201,18.750,backend-2,true
0.070,message,201,20.890,backend-3,true
0.072,message,201,19.850,backend-3,true
0.078,message,201,13.190,backend-2,true
0.070,message,201,21.140,backend-3,true
0.078,message,201,13.430,backend-2,true
0.072,message,201,19.470,backend-2,true
0.071,message,201,20.580,backend-1,true
0.075,message,201,16.490,backend-1,true
0.072,message,201,20.000,backend-3,true
0.072,message,201,19.990,backend-1,true
0.074,message,201,17.340,backend-3,true
0.072,message,201,19.420,backend-1,true
0.072,message,201,20.090,backend-3,true
0.072,message,201,19.330,backend-1,true
0.076,message,201,16.190,backend-1,true
0.080,message,201,11.530,backend-3,true
0.074,message,201,17.420,backend-3,true
0.076,message,201,15.840,backend-3,true
0.075,message,201,16.560,backend-1,true
0.075,message,201,16.600,backend-1,true
0.072,message,201,19.880,backend-2,true
0.070,message,201,21.430,backend-3,true
0.070,message,201,22.210,backend-1,true
0.070,message,201,21.440,backend-2,true
0.070,message,201,21.760,backend-1,true
0.079,message,201,13.340,backend-2,true
0.072,message,201,19.740,backend-3,true
0.075,message,201,17.290,backend-3,true
0.072,message,201,19.960,backend-3,true
0.076,message,201,15.910,backend-3,true
0.074,message,201,17.580,backend-3,true
0.070,message,201,22.320,backend-1,true
0.070,message,201,21.740,backend-1,true
0.070,message,201,22.280,backend-1,true
0.072,message,201,19.480,backend-1,true
0.070,message,201,21.790,backend-1,true
0.070,message,201,21.800,backend-1,true
0.080,message,201,12.280,backend-3,true
0.079,message,201,13.430,backend-2,true
0.071,message,201,20.990,backend-3,true
0.070,message,201,22.300,backend-1,true
0.071,message,201,20.790,backend-1,true
0.066,message,201,25.920,backend-3,true
0.071,message,201,21.340,backend-1,true
0.070,message,201,21.770,backend-1,true
0.072,message,201,20.320,backend-3,true
0.078,message,201,13.550,backend-2,true
0.075,message,201,17.520,backend-3,true
0.070,message,201,21.590,backend-3,true
0.071,message,201,21.360,backend-1,true
0.078,message,201,14.250,backend-3,true
0.079,message,201,13.500,backend-2,true
0.078,message,201,13.630,backend-3,true
0.070,message,201,21.620,backend-2,true
0.070,message,201,21.910,backend-1,true
0.070,message,201,22.430,backend-1,true
0.072,message,201,20.310,backend-3,true
0.070,message,201,21.900,backend-1,true
0.078,message,201,13.690,backend-3,true
0.074,message,201,17.660,backend-3,true
0.070,message,201,22.050,backend-1,true
0.071,message,201,21.390,backend-1,true
0.080,message,201,12.540,backend-3,true
0.078,message,201,13.770,backend-2,true
0.079,message,201,13.660,backend-3,true
0.080,message,201,12.450,backend-3,true
0.073,message,201,19.650,backend-3,true
0.078,message,201,13.750,backend-3,true
0.071,message,201,21.380,backend-1,true
0.071,message,201,20.830,backend-2,true
0.078,message,201,13.910,backend-3,true
0.073,message,201,19.830,backend-2,true
0.071,message,201,21.890,backend-2,true
0.076,message,201,16.800,backend-3,true
0.072,message,201,21.160,backend-3,true
0.080,message,201,14.100,backend-2,true
0.075,message,201,19.290,backend-2,true
0.080,message,201,14.250,backend-2,true
0.072,message,201,22.310,backend-2,true
0.080,message,201,13.800,backend-2,true
0.080,message,201,13.820,backend-2,true
0.071,message,201,23.590,backend-2,true
0.080,message,201,14.020,backend-2,true
0.071,message,201,23.160,backend-2,true
0.071,message,201,23.210,backend-2,true
0.072,message,201,22.340,backend-2,true
0.080,message,201,14.330,backend-2,true
0.072,message,201,22.370,backend-2,true
0.072,message,201,22.860,backend-2,true
0.072,message,201,22.980,backend-2,true
0.075,message,201,20.190,backend-2,true
0.080,message,201,15.140,backend-2,true
0.081,message,201,14.320,backend-2,true
0.081,message,201,14.260,backend-2,true
0.071,message,201,24.070,backend-2,true
0.081,message,201,14.330,backend-2,true
0.081,message,201,14.340,backend-2,true
0.073,message,201,22.500,backend-2,true
0.073,message,201,22.450,backend-2,true
0.081,message,201,14.420,backend-2,true
0.073,message,201,22.590,backend-2,true
0.081,message,201,13.970,backend-2,true
0.081,message,201,14.000,backend-2,true
0.075,message,201,20.200,backend-1,true
0.081,message,201,14.240,backend-3,true
0.081,message,201,14.270,backend-3,true
0.081,message,201,14.020,backend-2,true
0.072,message,201,23.180,backend-3,true
0.081,message,201,14.490,backend-3,true
0.081,message,201,14.550,backend-2,true
0.072,message,201,23.120,backend-3,true
0.081,message,201,14.640,backend-2,true
0.081,message,201,14.610,backend-3,true
0.081,message,201,14.360,backend-2,true
0.081,message,201,14.050,backend-2,true
0.081,message,201,14.190,backend-3,true
0.072,message,201,23.820,backend-3,true
0.081,message,201,14.610,backend-2,true
0.074,message,201,21.140,backend-3,true
0.081,message,201,14.430,backend-2,true
0.081,message,201,14.240,backend-3,true
0.072,message,201,23.980,backend-3,true
0.081,message,201,14.760,backend-2,true
0.071,message,201,24.470,backend-2,true
0.073,message,201,23.010,backend-3,true
0.072,message,201,23.350,backend-2,true
0.081,message,201,14.310,backend-2,true
0.081,message,201,14.330,backend-3,true
0.081,message,201,14.960,backend-2,true
0.073,message,201,23.130,backend-3,true
0.081,message,201,14.720,backend-3,true
0.081,message,201,14.620,backend-2,true
0.073,message,201,23.170,backend-3,true
0.081,message,201,14.620,backend-3,true
0.081,message,201,15.230,backend-2,true
0.081,message,201,14.790,backend-3,true
0.081,message,201,14.550,backend-3,true
0.072,message,201,23.530,backend-2,true
0.071,message,201,25.010,backend-2,true
0.081,message,201,14.710,backend-2,true
0.072,message,201,23.620,backend-2,true
0.081,message,201,14.650,backend-3,true
0.071,message,201,25.410,backend-3,true
0.071,message,201,25.350,backend-2,true
0.075,message,201,25.950,backend-1,true
0.076,message,201,24.560,backend-1,true
0.071,message,201,29.110,backend-1,true
0.071,message,201,29.880,backend-1,true
0.071,message,201,30.020,backend-1,true
0.078,message,201,22.720,backend-1,true
0.071,message,201,29.350,backend-1,true
0.078,message,201,22.700,backend-1,true
0.079,message,201,22.050,backend-1,true
0.070,message,201,30.220,backend-1,true
0.071,message,201,30.110,backend-1,true
0.070,message,201,30.260,backend-1,true
0.079,message,201,22.080,backend-1,true
0.079,message,201,22.110,backend-1,true
0.081,message,201,19.820,backend-2,true
0.079,message,201,22.160,backend-1,true
0.078,message,201,22.670,backend-1,true
0.075,message,201,25.400,backend-1,true
0.078,message,201,22.390,backend-1,true
0.079,message,201,22.270,backend-1,true
0.078,message,201,22.500,backend-1,true
0.071,message,201,30.310,backend-1,true
0.081,message,201,19.560,backend-2,true
0.078,message,201,22.590,backend-1,true
0.065,message,201,35.630,backend-1,true
0.081,message,201,19.710,backend-2,true
0.079,message,201,22.390,backend-1,true
0.078,message,201,22.700,backend-1,true
0.078,message,201,22.760,backend-1,true
0.081,message,201,19.840,backend-2,true
0.078,message,201,22.470,backend-1,true
0.078,message,201,22.740,backend-1,true
0.078,message,201,23.030,backend-1,true
0.078,message,201,22.740,backend-1,true
0.090,message,201,11.290,backend-2,true
0.078,message,201,22.530,backend-1,true
0.078,message,201,22.820,backend-1,true
0.072,message,201,28.850,backend-1,true
0.078,message,201,23.130,backend-1,true
0.090,message,201,11.270,backend-2,true
0.078,message,201,22.940,backend-1,true
0.078,message,201,22.590,backend-1,true
0.070,message,201,30.870,backend-1,true
0.079,message,201,22.530,backend-1,true
0.071,message,201,30.370,backend-1,true
0.071,message,201,30.580,backend-1,true
0.071,message,201,30.600,backend-1,true
0.090,message,201,11.380,backend-2,true
0.065,message,201,35.890,backend-1,true
0.075,message,201,25.860,backend-1,true
0.072,message,201,29.200,backend-1,true
0.070,message,201,30.670,backend-1,true
0.090,message,201,11.450,backend-2,true
0.075,message,201,25.930,backend-1,true
0.089,message,201,12.120,backend-2,true
0.072,message,201,29.510,backend-1,true
0.089,message,201,12.160,backend-2,true
0.070,message,201,30.740,backend-1,true
0.078,message,201,22.800,backend-1,true
0.072,message,201,28.760,backend-1,true
0.072,message,201,29.010,backend-1,true
0.073,message,201,28.650,backend-1,true
0.071,message,201,29.820,backend-1,true
0.078,message,201,23.500,backend-1,true
0.071,message,201,30.660,backend-1,true
0.078,message,201,23.460,backend-1,true
0.065,message,201,36.050,backend-1,true
0.082,message,201,19.580,backend-3,true
0.071,message,201,30.410,backend-1,true
0.081,message,201,20.190,backend-3,true
0.081,message,201,20.140,backend-3,true
0.081,message,201,20.220,backend-3,true
0.072,message,201,28.970,backend-1,true
0.082,message,201,19.660,backend-3,true
0.078,message,201,23.000,backend-1,true
0.081,message,201,20.150,backend-3,true
0.082,message,201,19.590,backend-3,true
0.071,message,201,30.090,backend-1,true
0.082,message,201,19.590,backend-3,true
0.082,message,201,19.640,backend-3,true
0.072,message,201,29.230,backend-1,true
0.082,message,201,19.650,backend-3,true
0.082,message,201,19.670,backend-3,true
0.082,message,201,19.700,backend-3,true
0.072,message,201,29.910,backend-1,true
0.076,message,201,25.580,backend-1,true
0.070,message,201,31.060,backend-1,true
0.071,message,201,30.050,backend-1,true
0.081,message,201,20.240,backend-2,true
0.072,message,201,29.450,backend-1,true
0.081,message,201,20.360,backend-3,true
0.072,message,201,29.990,backend-1,true
0.072,message,201,30.090,backend-1,true
0.072,message,201,30.160,backend-1,true
0.071,message,201,30.390,backend-1,true
0.070,message,201,33.100,backend-1,true
0.078,message,201,25.370,backend-1,true
0.078,message,201,25.470,backend-1,true
0.095,message,201,8.340,backend-1,true
0.096,message,201,7.960,backend-1,true
0.096,message,201,7.910,backend-1,true
0.095,message,201,8.540,backend-1,true
0.096,message,201,7.900,backend-1,true
0.095,message,201,8.140,backend-1,true
0.079,message,201,25.100,backend-1,true
0.095,message,201,8.210,backend-1,true
0.095,message,201,8.250,backend-1,true
0.095,message,201,8.240,backend-1,true
0.081,feed,200,25.630,backend-3,true
0.082,message,201,25.310,backend-3,true
0.082,message,201,25.450,backend-3,true
0.082,message,201,25.400,backend-3,true
0.082,message,201,25.570,backend-3,true
0.081,message,201,26.130,backend-3,true
0.082,message,201,25.550,backend-3,true
0.082,message,201,26.060,backend-3,true
0.083,message,201,25.070,backend-3,true
0.081,message,201,26.180,backend-3,true
0.082,message,201,26.090,backend-3,true
0.082,message,201,25.890,backend-3,true
0.082,message,201,25.950,backend-3,true
0.082,message,201,25.640,backend-3,true
0.083,message,201,25.120,backend-3,true
0.082,message,201,25.620,backend-3,true
0.082,message,201,26.260,backend-3,true
0.082,message,201,26.160,backend-3,true
0.082,message,201,26.280,backend-3,true
0.082,message,201,26.160,backend-3,true
0.082,message,201,25.720,backend-3,true
0.081,feed,200,30.360,backend-2,true
0.091,message,201,21.220,backend-3,true
0.092,message,201,21.060,backend-3,true
0.092,message,201,21.000,backend-3,true
0.092,message,201,22.150,backend-3,true
0.092,message,201,22.070,backend-3,true
0.092,message,201,22.050,backend-3,true
0.092,message,201,22.000,backend-3,true
0.092,message,201,21.960,backend-3,true
0.092,message,201,22.040,backend-3,true
0.092,message,201,22.080,backend-3,true
0.092,message,201,22.050,backend-3,true
0.092,message,201,22.040,backend-3,true
0.092,message,201,22.220,backend-3,true
0.092,message,201,21.900,backend-3,true
0.092,message,201,22.070,backend-3,true
0.092,message,201,21.960,backend-3,true
0.092,message,201,22.300,backend-3,true
0.092,message,201,22.300,backend-3,true
0.094,message,201,21.020,backend-3,true
0.096,message,201,19.310,backend-3,true
0.095,message,201,19.960,backend-3,true
0.096,message,201,19.530,backend-3,true
0.089,message,201,25.930,backend-2,true
0.095,message,201,20.160,backend-3,true
0.095,message,201,20.590,backend-3,true
0.095,message,201,19.920,backend-3,true
0.096,message,201,19.430,backend-3,true
0.095,message,201,20.520,backend-3,true
0.094,message,201,21.760,backend-3,true
0.089,message,201,26.390,backend-2,true
0.089,message,201,26.040,backend-2,true
0.090,message,201,25.750,backend-2,true
0.089,message,201,26.130,backend-2,true
0.089,message,201,26.570,backend-2,true
0.096,message,201,19.520,backend-3,true
0.096,message,201,19.550,backend-3,true
0.090,message,201,25.810,backend-2,true
0.095,message,201,20.830,backend-3,true
0.094,message,201,21.500,backend-3,true
0.095,message,201,20.950,backend-3,true
0.092,message,201,23.410,backend-3,true
0.092,message,201,25.000,backend-3,true
0.095,message,201,21.880,backend-2,true
0.094,message,201,22.780,backend-2,true
0.095,message,201,21.890,backend-2,true
0.094,message,201,22.980,backend-2,true
0.096,message,201,21.530,backend-2,true
0.095,message,201,22.640,backend-2,true
0.096,message,201,21.400,backend-2,true
0.092,message,201,26.060,backend-3,true
0.092,message,201,26.310,backend-2,true
0.092,message,201,26.540,backend-2,true
0.092,message,201,26.780,backend-2,true
0.092,message,201,26.770,backend-2,true
0.092,message,201,27.050,backend-2,true
0.092,message,201,26.850,backend-2,true
0.092,message,201,26.910,backend-2,true
0.092,message,201,27.110,backend-2,true
0.092,message,201,27.420,backend-2,true
0.092,message,201,27.830,backend-2,true
0.092,message,201,27.540,backend-2,true
0.092,message,201,27.770,backend-2,true
0.092,message,201,27.990,backend-2,true
0.092,message,201,28.080,backend-2,true
0.092,message,201,28.020,backend-2,true
0.089,message,201,31.290,backend-2,true
0.092,message,201,28.240,backend-2,true
0.092,message,201,28.340,backend-2,true
0.092,message,201,28.560,backend-2,true
0.089,message,201,31.050,backend-2,true
0.092,message,201,28.310,backend-2,true
0.092,message,201,28.590,backend-2,true
0.092,message,201,28.840,backend-2,true
0.094,feed,200,27.320,backend-1,true
0.092,message,201,29.520,backend-2,true
0.092,message,201,29.540,backend-2,true
0.092,message,201,29.290,backend-2,true
0.089,message,201,32.230,backend-2,true
0.092,message,201,29.410,backend-2,true
0.092,message,201,29.610,backend-2,true
0.092,message,201,29.570,backend-2,true
0.101,message,201,20.410,backend-1,true
0.101,message,201,20.350,backend-3,true
0.095,message,201,26.240,backend-1,true
0.096,message,201,26.200,backend-1,true
0.096,message,201,26.270,backend-1,true
0.096,message,201,26.250,backend-1,true
0.101,message,201,20.510,backend-1,true
0.072,message,201,49.970,backend-1,true
0.101,message,201,20.740,backend-3,true
0.101,message,201,20.640,backend-1,true
0.101,message,201,20.450,backend-3,true
0.101,message,201,21.070,backend-1,true
0.072,message,201,50.110,backend-1,true
0.096,message,201,26.390,backend-2,true
0.101,message,201,20.690,backend-1,true
0.070,message,201,51.630,backend-1,true
0.092,message,201,29.880,backend-2,true
0.070,message,201,51.660,backend-1,true
0.101,message,201,20.830,backend-1,true
0.101,message,201,20.750,backend-1,true
0.093,message,201,29.550,backend-2,true
0.101,message,201,20.860,backend-1,true
0.101,message,201,20.950,backend-1,true
0.101,message,201,20.690,backend-3,true
0.104,message,201,18.580,backend-3,true
0.101,message,201,21.060,backend-2,true
0.101,message,201,21.070,backend-1,true
0.102,message,201,20.500,backend-2,true
0.101,message,201,21.130,backend-2,true
0.101,message,201,20.740,backend-2,true
0.101,message,201,21.120,backend-1,true
0.101,message,201,21.560,backend-2,true
0.101,message,201,20.990,backend-2,true
0.102,message,201,20.740,backend-1,true
0.096,message,201,26.500,backend-2,true
0.102,message,201,20.460,backend-2,true
0.101,message,201,21.180,backend-1,true
0.102,message,201,20.520,backend-2,true
0.104,message,201,18.670,backend-2,true
0.101,message,201,21.230,backend-1,true
0.101,message,201,22.030,backend-1,true
0.101,message,201,21.810,backend-1,true
0.101,message,201,21.840,backend-1,true
0.101,message,201,22.320,backend-1,true
0.101,message,201,21.890,backend-1,true
0.101,message,201,22.020,backend-1,true
0.102,message,201,21.340,backend-1,true
0.101,message,201,22.150,backend-1,true
0.101,message,201,21.950,backend-1,true
0.101,message,201,22.150,backend-1,true
0.102,message,201,21.660,backend-1,true
0.101,message,201,21.870,backend-1,true
0.101,message,201,22.550,backend-1,true
0.101,message,201,21.760,backend-1,true
0.101,message,201,22.570,backend-1,true
0.072,message,201,51.510,backend-1,true
0.101,message,201,22.070,backend-1,true
0.101,message,201,22.670,backend-1,true
0.101,message,201,22.700,backend-1,true
0.101,message,201,21.850,backend-1,true
0.101,message,201,22.500,backend-1,true
0.101,message,201,22.460,backend-1,true
0.101,message,201,22.350,backend-1,true
0.101,message,201,22.170,backend-1,true
0.102,message,201,21.830,backend-1,true
0.101,message,201,22.900,backend-1,true
0.101,message,201,22.210,backend-1,true
0.101,message,201,22.690,backend-1,true
0.101,message,201,23.170,backend-1,true
0.101,message,201,23.150,backend-1,true
0.101,message,201,24.040,backend-1,true
0.101,message,201,23.850,backend-1,true
0.103,message,201,21.370,backend-1,true
0.107,message,201,17.720,backend-1,true
0.107,message,201,18.100,backend-1,true
0.080,message,201,45.160,backend-1,true
0.082,feed,200,42.740,backend-3,true
0.107,message,201,17.730,backend-1,true
0.108,message,201,17.420,backend-1,true
0.108,message,201,17.300,backend-1,true
0.107,message,201,17.900,backend-1,true
0.115,message,201,10.020,backend-3,true
0.115,message,201,9.870,backend-3,true
0.072,message,201,53.520,backend-1,true
0.113,message,201,12.870,backend-3,true
0.114,message,201,11.500,backend-3,true
0.115,message,201,10.150,backend-3,true
0.115,message,201,10.010,backend-3,true
0.089,feed,200,40.050,backend-2,true
0.107,message,201,23.660,backend-2,true
0.119,message,201,11.960,backend-3,true
0.122,message,201,9.820,backend-3,true
0.122,message,201,9.440,backend-3,true
0.122,message,201,9.530,backend-3,true
0.122,message,201,9.960,backend-3,true
0.122,message,201,9.920,backend-3,true
0.125,message,201,6.490,backend-3,true
0.123,message,201,8.640,backend-3,true
0.122,message,201,9.850,backend-3,true
0.095,feed,200,38.820,backend-1,true
0.072,message,201,62.380,backend-1,true
0.082,feed,200,52.030,backend-3,true
0.125,message,201,9.390,backend-1,true
0.114,message,201,20.520,backend-1,true
0.112,message,201,22.700,backend-1,true
0.080,message,201,54.820,backend-1,true
0.123,message,201,11.330,backend-1,true
0.072,message,201,62.990,backend-1,true
0.125,message,201,9.800,backend-1,true
0.080,message,201,55.120,backend-1,true
0.080,message,201,55.210,backend-1,true
0.072,message,201,63.310,backend-1,true
0.072,message,201,63.370,backend-1,true
0.120,message,201,16.680,backend-2,true
0.118,message,201,18.810,backend-2,true
0.120,message,201,17.380,backend-2,true
0.119,message,201,18.390,backend-2,true
0.117,message,201,19.740,backend-2,true
0.119,message,201,18.600,backend-2,true
0.121,message,201,15.860,backend-2,true
0.122,message,201,15.270,backend-2,true
0.122,message,201,15.410,backend-2,true
0.122,message,201,15.190,backend-2,true
0.122,message,201,15.260,backend-2,true
0.123,message,201,14.140,backend-2,true
0.123,message,201,14.320,backend-2,true
0.089,feed,200,49.710,backend-2,true
0.129,message,201,11.990,backend-1,true
0.135,message,201,6.560,backend-3,true
0.135,message,201,6.740,backend-3,true
0.134,message,201,7.240,backend-3,true
0.134,message,201,7.220,backend-3,true
0.134,message,201,7.640,backend-3,true
0.135,message,201,6.840,backend-3,true
0.134,message,201,7.210,backend-3,true
0.135,message,201,6.830,backend-3,true
0.135,message,201,6.850,backend-2,true
0.134,message,201,7.720,backend-2,true
0.135,message,201,7.290,backend-3,true
0.139,message,201,3.200,backend-2,true
0.137,message,201,4.860,backend-3,true
0.137,message,201,4.690,backend-3,true
0.135,message,201,6.990,backend-2,true
0.095,feed,200,47.940,backend-1,true
0.082,feed,200,60.940,backend-3,true
0.089,feed,200,55.460,backend-2,true
0.141,message,201,6.050,backend-2,true
0.143,message,201,4.140,backend-2,true
0.143,message,201,4.030,backend-2,true
0.095,feed,200,53.320,backend-1,true
0.082,feed,200,67.050,backend-3,true
0.142,message,201,8.440,backend-3,true
0.142,message,201,8.550,backend-3,true
0.142,message,201,8.440,backend-3,true
0.141,message,201,8.640,backend-3,true
0.142,message,201,8.290,backend-3,true
0.142,message,201,8.570,backend-3,true
0.142,message,201,8.480,backend-3,true
0.142,message,201,8.500,backend-3,true
0.144,message,201,6.070,backend-3,true
0.147,message,201,3.380,backend-3,true
0.089,feed,200,61.740,backend-2,true
0.150,message,201,3.760,backend-2,true
0.150,message,201,3.820,backend-2,true
0.150,message,201,3.470,backend-2,true
0.149,message,201,5.130,backend-2,true
0.147,message,201,6.890,backend-2,true
0.147,message,201,6.840,backend-2,true
0.150,message,201,3.970,backend-2,true
0.149,message,201,5.850,backend-1,true
0.083,feed,200,74.090,backend-3,true
0.150,message,201,7.220,backend-3,true
0.095,feed,200,61.870,backend-1,true
0.150,message,201,7.220,backend-3,true
0.151,message,201,6.320,backend-3,true
0.150,message,201,7.060,backend-3,true
0.150,message,201,7.160,backend-3,true
0.150,message,201,7.420,backend-3,true
0.151,message,201,7.070,backend-3,true
0.089,feed,200,69.010,backend-2,true
0.155,message,201,6.550,backend-2,true
0.154,message,201,7.710,backend-2,true
0.154,message,201,7.830,backend-2,true
0.154,message,201,7.710,backend-2,true
0.154,message,201,7.840,backend-2,true
0.154,message,201,7.840,backend-2,true
0.157,message,201,5.090,backend-2,true
0.154,message,201,7.900,backend-2,true
0.083,feed,200,81.920,backend-3,true
0.096,feed,200,69.080,backend-1,true
0.158,message,201,6.430,backend-3,true
0.157,message,201,8.500,backend-2,true
0.157,message,201,8.660,backend-2,true
0.158,message,201,8.400,backend-2,true
0.158,message,201,8.530,backend-2,true
0.157,message,201,8.630,backend-2,true
0.158,message,201,8.600,backend-2,true
0.162,message,201,4.550,backend-2,true
0.162,message,201,4.500,backend-2,true
0.162,message,201,4.530,backend-2,true
0.162,message,201,4.640,backend-2,true
0.092,feed,200,74.790,backend-2,true
0.092,feed,200,79.530,backend-3,true
0.166,message,201,5.630,backend-2,true
0.166,message,201,5.410,backend-2,true
0.166,message,201,5.590,backend-2,true
0.166,message,201,5.370,backend-2,true
0.165,message,201,7.030,backend-2,true
0.165,message,201,7.080,backend-2,true
0.165,message,201,7.230,backend-2,true
0.166,message,201,5.540,backend-2,true
0.166,message,201,5.950,backend-2,true
0.167,message,201,5.000,backend-2,true
0.092,feed,200,80.580,backend-2,true
0.096,feed,200,77.000,backend-1,true
0.092,feed,200,84.890,backend-2,true
0.092,feed,200,86.620,backend-2,true
0.173,message,201,5.990,backend-1,true
0.172,message,201,7.700,backend-2,true
0.172,message,201,7.660,backend-2,true
0.172,message,201,7.680,backend-2,true
0.172,message,201,7.760,backend-2,true
0.172,message,201,7.710,backend-2,true
0.172,message,201,7.800,backend-2,true
0.172,message,201,7.830,backend-2,true
0.171,message,201,8.490,backend-2,true
0.173,message,201,7.040,backend-2,true
0.092,feed,200,88.390,backend-3,true
0.096,feed,200,84.990,backend-1,true
0.177,message,201,6.790,backend-1,true
0.178,message,201,5.110,backend-1,true
0.180,message,201,4.080,backend-1,true
0.092,feed,200,93.340,backend-2,true
0.179,message,201,6.830,backend-3,true
0.180,message,201,5.790,backend-2,true
0.180,message,201,5.960,backend-2,true
0.179,message,201,6.130,backend-2,true
0.179,message,201,6.420,backend-2,true
0.180,message,201,6.350,backend-2,true
0.179,message,201,6.450,backend-2,true
0.180,message,201,5.980,backend-2,true
0.181,message,201,5.500,backend-2,true
0.101,feed,200,86.810,backend-1,true
0.186,message,201,4.610,backend-2,true
0.186,message,201,4.520,backend-2,true
0.185,message,201,5.160,backend-2,true
0.185,message,201,5.200,backend-2,true
0.092,feed,200,98.540,backend-3,true
0.184,message,201,6.980,backend-2,true
0.188,message,201,2.620,backend-2,true
0.186,message,201,4.620,backend-2,true
0.184,message,201,7.010,backend-2,true
0.184,message,201,7.190,backend-1,true
0.185,message,201,5.720,backend-1,true
0.186,message,201,5.120,backend-1,true
0.186,message,201,5.510,backend-1,true
0.092,feed,200,100.820,backend-2,true
0.101,feed,200,94.770,backend-1,true
0.191,message,201,7.120,backend-2,true
0.196,message,201,1.870,backend-1,true
0.193,message,201,5.420,backend-1,true
0.191,message,201,7.380,backend-2,true
0.191,message,201,7.440,backend-2,true
0.191,message,201,7.450,backend-2,true
0.191,message,201,7.430,backend-2,true
0.191,message,201,7.490,backend-2,true
0.191,message,201,7.380,backend-2,true
0.191,message,201,7.940,backend-2,true
0.191,message,201,7.940,backend-2,true
0.191,message,201,7.900,backend-2,true
0.092,feed,200,106.830,backend-3,true
0.092,feed,200,107.840,backend-2,true
0.198,message,201,9.010,backend-2,true
0.199,message,201,8.940,backend-2,true
0.198,message,201,9.050,backend-2,true
0.199,message,201,8.770,backend-2,true
0.101,feed,200,106.480,backend-1,true
0.198,message,201,9.670,backend-2,true
0.198,message,201,9.740,backend-2,true
0.198,message,201,9.820,backend-2,true
0.092,feed,200,117.520,backend-2,true
0.198,message,201,11.250,backend-1,true
0.198,message,201,11.310,backend-1,true
0.198,message,201,11.380,backend-1,true
0.199,message,201,10.850,backend-1,true
0.200,message,201,9.840,backend-1,true
0.092,feed,200,119.100,backend-3,true
0.208,message,201,13.620,backend-2,true
0.208,message,201,13.730,backend-2,true
0.208,message,201,13.910,backend-2,true
0.209,message,201,12.180,backend-2,true
0.092,feed,200,130.570,backend-2,true
0.209,message,201,12.880,backend-1,true
0.209,message,201,13.120,backend-1,true
0.209,message,201,13.060,backend-1,true
0.208,message,201,14.600,backend-1,true
0.092,feed,200,130.370,backend-3,true
0.208,message,201,14.800,backend-1,true
0.211,message,201,11.420,backend-1,true
0.207,message,201,15.160,backend-1,true
0.101,feed,200,121.820,backend-1,true
0.223,message,201,5.930,backend-2,true
0.221,message,201,7.180,backend-2,true
0.222,message,201,7.120,backend-2,true
0.222,message,201,6.300,backend-2,true
0.222,message,201,6.450,backend-2,true
0.222,message,201,7.160,backend-1,true
0.221,message,201,8.210,backend-1,true
0.222,message,201,7.300,backend-1,true
0.222,message,201,7.230,backend-1,true
0.222,message,201,7.390,backend-1,true
0.223,message,201,6.410,backend-1,true
0.221,message,201,8.250,backend-1,true
0.092,feed,200,138.070,backend-3,true
0.092,feed,200,138.440,backend-2,true
0.101,feed,200,129.670,backend-1,true
0.230,message,201,9.680,backend-1,true
0.230,message,201,9.730,backend-1,true
0.230,message,201,9.780,backend-1,true
0.231,message,201,8.810,backend-1,true
0.229,message,201,10.830,backend-1,true
0.231,message,201,8.710,backend-1,true
0.228,message,201,11.070,backend-1,true
0.101,feed,200,139.410,backend-1,true
0.229,message,201,11.290,backend-2,true
0.230,message,201,10.540,backend-2,true
0.230,message,201,10.470,backend-2,true
0.230,message,201,10.410,backend-2,true
0.092,feed,200,149.990,backend-2,true
0.092,feed,200,150.640,backend-3,true
0.240,message,201,7.280,backend-1,true
0.240,message,201,7.290,backend-1,true
0.239,message,201,7.340,backend-1,true
0.239,message,201,7.470,backend-1,true
0.240,message,201,7.050,backend-1,true
0.240,message,201,7.580,backend-1,true
0.240,message,201,6.900,backend-1,true
0.240,message,201,7.610,backend-2,true
0.240,message,201,7.230,backend-2,true
0.242,message,201,5.070,backend-1,true
0.240,message,201,7.080,backend-2,true
0.243,message,201,4.540,backend-1,true
0.101,feed,200,146.900,backend-1,true
0.092,feed,200,156.850,backend-3,true
0.092,feed,200,157.440,backend-2,true
0.101,feed,200,152.760,backend-1,true
0.247,message,201,7.270,backend-1,true
0.247,message,201,7.460,backend-1,true
0.247,message,201,7.350,backend-1,true
0.247,message,201,7.510,backend-1,true
0.247,message,201,7.450,backend-1,true
0.247,message,201,7.810,backend-1,true
0.247,message,201,7.410,backend-1,true
0.247,message,201,7.750,backend-1,true
0.247,message,201,7.890,backend-1,true
0.247,message,201,7.480,backend-1,true
0.248,message,201,7.260,backend-2,true
0.250,message,201,5.720,backend-1,true
0.247,message,201,8.100,backend-1,true
0.249,message,201,6.270,backend-2,true
0.092,feed,200,163.710,backend-3,true
0.093,feed,200,164.610,backend-2,true
0.101,feed,200,159.060,backend-1,true
0.255,message,201,5.520,backend-1,true
0.255,message,201,5.590,backend-1,true
0.255,message,201,6.250,backend-1,true
0.255,message,201,6.370,backend-1,true
0.255,message,201,6.340,backend-1,true
0.255,message,201,6.460,backend-1,true
0.254,message,201,7.190,backend-1,true
0.257,message,201,3.650,backend-1,true
0.256,message,201,5.170,backend-1,true
0.255,message,201,6.180,backend-1,true
0.255,message,201,6.160,backend-1,true
0.255,message,201,7.160,backend-1,true
0.094,feed,200,170.150,backend-3,true
0.092,feed,200,172.450,backend-2,true
0.101,feed,200,165.750,backend-1,true
0.261,message,201,5.400,backend-1,true
0.261,message,201,5.410,backend-1,true
0.261,message,201,5.390,backend-1,true
0.260,message,201,6.370,backend-1,true
0.261,message,201,5.610,backend-1,true
0.261,message,201,5.600,backend-1,true
0.261,message,201,5.750,backend-1,true
0.261,message,201,6.000,backend-1,true
0.264,message,201,2.770,backend-1,true
0.261,message,201,5.410,backend-1,true
0.261,message,201,5.440,backend-1,true
0.101,feed,200,169.720,backend-1,true
0.094,feed,200,177.650,backend-3,true
0.266,message,201,5.630,backend-2,true
0.101,feed,200,171.470,backend-1,true
0.265,message,201,7.590,backend-1,true
0.266,message,201,6.110,backend-1,true
0.266,message,201,6.180,backend-1,true
0.266,message,201,6.230,backend-1,true
0.266,message,201,6.150,backend-1,true
0.267,message,201,5.980,backend-1,true
0.267,message,201,6.280,backend-1,true
0.267,message,201,6.020,backend-1,true
0.267,message,201,6.070,backend-1,true
0.267,message,201,6.080,backend-1,true
0.094,feed,200,179.620,backend-2,true
0.273,message,201,3.830,backend-2,true
0.273,message,201,4.140,backend-2,true
0.271,message,201,6.070,backend-2,true
0.273,message,201,4.240,backend-2,true
0.102,feed,200,176.600,backend-1,true
0.271,message,201,7.300,backend-1,true
0.272,message,201,6.360,backend-1,true
0.273,message,201,5.380,backend-1,true
0.273,message,201,5.990,backend-1,true
0.272,message,201,6.790,backend-1,true
0.272,message,201,6.400,backend-1,true
0.273,message,201,6.360,backend-1,true
0.095,feed,200,184.730,backend-3,true
0.095,feed,200,185.580,backend-2,true
0.277,message,201,6.220,backend-2,true
0.279,message,201,4.250,backend-2,true
0.280,message,201,3.520,backend-2,true
0.279,message,201,4.340,backend-2,true
0.277,message,201,6.580,backend-1,true
0.277,message,201,6.720,backend-1,true
0.277,message,201,6.800,backend-1,true
0.278,message,201,5.470,backend-1,true
0.279,message,201,4.850,backend-1,true
0.279,message,201,4.840,backend-1,true
0.279,message,201,4.790,backend-1,true
0.281,message,201,2.780,backend-1,true
0.101,feed,200,184.800,backend-1,true
0.096,feed,200,190.260,backend-3,true
0.283,message,201,5.560,backend-2,true
0.286,message,201,3.150,backend-2,true
0.096,feed,200,193.120,backend-2,true
0.283,message,201,6.720,backend-1,true
0.283,message,201,6.780,backend-1,true
0.284,message,201,6.500,backend-1,true
0.284,message,201,6.440,backend-1,true
0.283,message,201,6.860,backend-1,true
0.284,message,201,6.400,backend-1,true
0.284,message,201,6.450,backend-1,true
0.284,message,201,6.540,backend-1,true
0.285,message,201,4.950,backend-1,true
0.095,feed,200,197.230,backend-3,true
0.101,feed,200,191.310,backend-1,true
0.289,message,201,5.580,backend-2,true
0.289,message,201,5.590,backend-2,true
0.292,message,201,2.340,backend-2,true
0.290,message,201,4.570,backend-2,true
0.289,message,201,6.080,backend-1,true
0.290,message,201,5.190,backend-1,true
0.290,message,201,5.240,backend-1,true
0.290,message,201,5.520,backend-1,true
0.290,message,201,5.430,backend-1,true
0.290,message,201,5.540,backend-1,true
0.290,message,201,5.300,backend-1,true
0.290,message,201,5.350,backend-1,true
0.095,feed,200,201.990,backend-2,true
0.096,feed,200,203.220,backend-3,true
0.101,feed,200,199.990,backend-1,true
0.295,message,201,5.330,backend-1,true
0.295,message,201,6.110,backend-1,true
0.292,message,201,8.610,backend-1,true
0.295,message,201,6.120,backend-2,true
0.296,message,201,5.160,backend-1,true
0.295,message,201,6.110,backend-2,true
0.295,message,201,5.460,backend-1,true
0.296,message,201,5.120,backend-2,true
0.296,message,201,5.120,backend-1,true
0.297,message,201,5.980,backend-1,true
0.301,message,201,2.710,backend-1,true
0.299,message,201,4.370,backend-1,true
0.300,message,201,3.190,backend-1,true
0.301,message,201,2.970,backend-1,true
0.095,feed,200,210.730,backend-2,true
0.301,message,201,6.280,backend-2,true
0.301,message,201,6.260,backend-2,true
0.096,feed,200,211.580,backend-3,true
0.301,message,201,6.770,backend-1,true
0.303,message,201,4.270,backend-1,true
0.304,message,201,4.150,backend-1,true
0.304,message,201,3.970,backend-1,true
0.303,message,201,4.300,backend-1,true
0.305,message,201,2.470,backend-1,true
0.304,message,201,4.090,backend-1,true
0.101,feed,200,207.650,backend-1,true
0.096,feed,200,217.270,backend-2,true
0.307,message,201,6.790,backend-1,true
0.308,message,201,6.400,backend-1,true
0.308,message,201,6.450,backend-1,true
0.308,message,201,6.460,backend-1,true
0.307,message,201,6.630,backend-1,true
0.096,feed,200,218.290,backend-3,true
0.308,message,201,6.370,backend-1,true
0.308,message,201,6.470,backend-1,true
0.309,message,201,5.690,backend-1,true
0.101,feed,200,213.790,backend-1,true
0.314,message,201,5.540,backend-2,true
0.313,message,201,6.570,backend-2,true
0.101,feed,200,219.190,backend-1,true
0.314,message,201,6.800,backend-1,true
0.314,message,201,6.780,backend-1,true
0.314,message,201,6.780,backend-1,true
0.314,message,201,6.860,backend-1,true
0.314,message,201,6.920,backend-1,true
0.314,message,201,6.960,backend-1,true
0.315,message,201,6.630,backend-1,true
0.096,feed,200,226.700,backend-3,true
0.096,feed,200,226.770,backend-2,true
0.320,message,201,5.250,backend-2,true
0.321,message,201,3.980,backend-2,true
0.320,message,201,4.880,backend-2,true
0.323,message,201,2.420,backend-2,true
0.102,feed,200,224.640,backend-1,true
0.321,message,201,5.920,backend-1,true
0.321,message,201,5.970,backend-1,true
0.321,message,201,5.980,backend-1,true
0.321,message,201,5.770,backend-1,true
0.321,message,201,5.700,backend-1,true
0.323,message,201,4.520,backend-1,true
0.325,message,201,2.230,backend-1,true
0.325,message,201,2.280,backend-1,true
0.325,message,201,2.370,backend-1,true
0.094,feed,200,235.590,backend-2,true
0.327,message,201,3.060,backend-2,true
0.325,message,201,5.010,backend-2,true
0.326,message,201,3.880,backend-2,true
0.095,feed,200,234.810,backend-3,true
0.101,feed,200,232.560,backend-1,true
0.327,message,201,7.630,backend-1,true
0.327,message,201,7.450,backend-1,true
0.327,message,201,7.560,backend-1,true
0.327,message,201,7.670,backend-1,true
0.327,message,201,7.490,backend-1,true
0.330,message,201,4.780,backend-1,true
0.330,message,201,4.880,backend-1,true
0.330,message,201,4.820,backend-1,true
0.330,message,201,6.330,backend-2,true
0.330,message,201,6.070,backend-2,true
0.095,feed,200,241.920,backend-2,true
0.096,feed,200,241.970,backend-3,true
0.335,message,201,4.050,backend-2,true
0.335,message,201,4.160,backend-2,true
0.333,message,201,5.410,backend-2,true
0.336,message,201,2.920,backend-2,true
0.336,message,201,2.910,backend-2,true
0.335,message,201,5.680,backend-1,true
0.335,message,201,5.520,backend-1,true
0.335,message,201,5.710,backend-1,true
0.337,message,201,3.140,backend-1,true
0.335,message,201,5.650,backend-1,true
0.101,feed,200,240.010,backend-1,true
0.338,message,201,5.350,backend-2,true
0.339,message,201,4.320,backend-2,true
0.339,message,201,5.810,backend-1,true
0.339,message,201,5.820,backend-1,true
0.340,message,201,4.450,backend-1,true
0.340,message,201,4.620,backend-1,true
0.341,message,201,4.570,backend-1,true
0.096,feed,200,249.390,backend-3,true
0.341,message,201,4.690,backend-1,true
0.343,message,201,2.170,backend-1,true
0.096,feed,200,250.150,backend-2,true
0.345,message,201,2.360,backend-2,true
0.341,message,201,5.600,backend-2,true
0.101,feed,200,247.940,backend-1,true
0.345,message,201,3.680,backend-1,true
0.343,message,201,5.610,backend-1,true
0.345,message,201,3.630,backend-1,true
0.345,message,201,3.710,backend-1,true
0.346,message,201,3.010,backend-1,true
0.345,message,201,4.140,backend-1,true
0.101,feed,200,250.070,backend-2,true
0.095,feed,200,256.400,backend-3,true
0.347,message,201,5.880,backend-2,true
0.347,message,201,6.160,backend-2,true
0.349,message,201,4.550,backend-2,true
0.101,feed,200,254.390,backend-1,true
0.349,message,201,7.860,backend-1,true
0.349,message,201,7.810,backend-1,true
0.349,message,201,7.800,backend-1,true
0.349,message,201,7.840,backend-1,true
0.351,message,201,5.460,backend-1,true
0.352,message,201,6.900,backend-2,true
0.353,message,201,5.450,backend-2,true
0.356,message,201,23.920,backend-1,true
0.357,message,201,23.060,backend-1,true
0.357,message,201,23.140,backend-1,true
0.357,message,201,23.120,backend-1,true
0.359,message,201,21.200,backend-1,true
0.359,message,201,21.220,backend-1,true
0.101,feed,200,280.710,backend-2,true
0.357,message,201,25.880,backend-2,true
0.357,message,201,26.070,backend-2,true
0.094,feed,200,289.940,backend-3,true
0.380,message,201,25.090,backend-2,true
0.380,message,201,25.240,backend-2,true
0.101,feed,200,304.210,backend-1,true
0.380,message,201,30.450,backend-1,true
0.380,message,201,30.510,backend-1,true
0.380,message,201,31.220,backend-1,true
0.383,message,201,28.170,backend-1,true
0.383,message,201,28.340,backend-1,true
0.384,message,201,26.790,backend-2,true
0.382,message,201,29.610,backend-1,true
0.405,message,201,39.830,backend-2,true
0.405,message,201,39.970,backend-2,true
0.405,message,201,39.910,backend-2,true
0.410,message,201,37.150,backend-1,true
0.411,message,201,36.500,backend-1,true
0.411,message,201,36.600,backend-1,true
0.411,message,201,36.500,backend-1,true
0.101,feed,200,347.810,backend-2,true
0.411,message,201,37.900,backend-2,true
0.095,feed,200,356.250,backend-3,true
0.445,message,201,7.730,backend-1,true
0.445,message,201,7.830,backend-1,true
0.448,message,201,4.960,backend-1,true
0.449,message,201,4.180,backend-1,true
0.449,message,201,3.810,backend-1,true
0.101,feed,200,355.380,backend-1,true
0.453,message,201,9.680,backend-2,true
0.451,message,201,11.140,backend-2,true
0.453,message,201,9.660,backend-2,true
0.453,message,201,11.430,backend-1,true
0.453,message,201,11.380,backend-1,true
0.457,message,201,8.170,backend-2,true
0.101,feed,200,367.550,backend-3,true
0.101,feed,200,369.230,backend-2,true
0.462,message,201,8.540,backend-2,true
0.464,message,201,6.900,backend-2,true
0.465,message,201,6.100,backend-2,true
0.464,message,201,9.210,backend-1,true
0.468,message,201,6.840,backend-2,true
0.471,message,201,4.240,backend-2,true
0.101,feed,200,375.090,backend-1,true
0.470,message,201,8.080,backend-1,true
0.473,message,201,4.690,backend-1,true
0.471,message,201,7.120,backend-1,true
0.101,feed,200,380.220,backend-2,true
0.476,message,201,8.050,backend-2,true
0.478,message,201,5.840,backend-2,true
0.478,message,201,6.200,backend-1,true
0.475,message,201,8.950,backend-1,true
0.475,message,201,9.030,backend-1,true
0.101,feed,200,383.070,backend-3,true
0.101,feed,200,386.300,backend-1,true
0.484,message,201,3.890,backend-1,true
0.482,message,201,6.180,backend-1,true
0.488,message,201,4.740,backend-2,true
0.484,message,201,8.030,backend-2,true
0.484,message,201,9.740,backend-1,true
0.484,message,201,10.000,backend-1,true
0.488,message,201,6.650,backend-1,true
0.101,feed,200,392.980,backend-3,true
0.488,message,201,6.540,backend-1,true
0.104,feed,200,391.700,backend-2,true
0.492,message,201,7.050,backend-2,true
0.494,message,201,5.570,backend-2,true
0.492,message,201,7.060,backend-1,true
0.101,feed,200,398.170,backend-1,true
0.495,message,201,4.220,backend-2,true
0.494,message,201,5.310,backend-1,true
0.494,message,201,5.420,backend-1,true
0.494,message,201,5.500,backend-1,true
0.494,message,201,5.530,backend-1,true
0.104,feed,200,401.380,backend-2,true
0.104,feed,200,402.640,backend-3,true
0.500,message,201,6.900,backend-2,true
0.500,message,201,7.260,backend-2,true
0.500,message,201,7.930,backend-1,true
0.500,message,201,7.940,backend-1,true
0.500,message,201,8.000,backend-1,true
0.500,message,201,7.850,backend-1,true
0.500,message,201,7.780,backend-1,true
0.101,feed,200,407.470,backend-1,true
0.505,message,201,8.810,backend-1,true
0.509,message,201,4.880,backend-1,true
0.508,message,201,6.190,backend-1,true
0.508,message,201,6.160,backend-1,true
0.506,message,201,7.440,backend-1,true
0.507,message,201,7.810,backend-2,true
0.507,message,201,7.870,backend-2,true
0.508,message,201,7.010,backend-2,true
0.104,feed,200,414.290,backend-3,true
0.104,feed,200,415.070,backend-1,true
0.104,feed,200,415.620,backend-2,true
0.514,message,201,8.110,backend-1,true
0.514,message,201,8.120,backend-1,true
0.514,message,201,8.130,backend-1,true
0.515,message,201,7.230,backend-1,true
0.514,message,201,10.570,backend-2,true
0.514,message,201,10.690,backend-2,true
0.515,message,201,9.720,backend-2,true
0.519,message,201,7.350,backend-1,true
0.522,message,201,4.170,backend-1,true
0.518,message,201,9.180,backend-2,true
0.522,message,201,5.250,backend-2,true
0.519,message,201,7.850,backend-2,true
0.524,message,201,2.730,backend-2,true
0.114,feed,200,415.550,backend-3,true
0.104,feed,200,426.000,backend-1,true
0.524,message,201,6.750,backend-1,true
0.526,message,201,5.150,backend-1,true
0.527,message,201,4.090,backend-1,true
0.524,message,201,6.890,backend-1,true
0.107,feed,200,424.130,backend-2,true
0.530,message,201,2.870,backend-2,true
0.527,message,201,5.450,backend-2,true
0.526,message,201,6.580,backend-2,true
0.114,feed,200,420.920,backend-3,true
0.104,feed,200,432.170,backend-1,true
0.529,message,201,6.400,backend-1,true
0.531,message,201,4.730,backend-1,true
0.531,message,201,4.650,backend-1,true
0.531,message,201,4.710,backend-1,true
0.531,message,201,4.600,backend-1,true
0.533,message,201,3.380,backend-1,true
0.533,message,201,3.400,backend-1,true
0.533,message,201,3.410,backend-1,true
0.108,feed,200,429.600,backend-2,true
0.114,feed,200,426.120,backend-3,true
0.536,message,201,5.280,backend-1,true
0.536,message,201,5.110,backend-1,true
0.536,message,201,5.170,backend-1,true
0.536,message,201,5.280,backend-1,true
0.536,message,201,5.190,backend-1,true
0.535,message,201,6.350,backend-2,true
0.536,message,201,5.360,backend-2,true
0.536,message,201,5.380,backend-2,true
0.536,message,201,5.360,backend-2,true
0.537,message,201,3.910,backend-2,true
0.104,feed,200,438.520,backend-1,true
0.108,feed,200,435.960,backend-2,true
0.540,message,201,5.430,backend-1,true
0.541,message,201,4.340,backend-1,true
0.541,message,201,4.380,backend-1,true
0.541,message,201,4.110,backend-1,true
0.541,message,201,4.370,backend-1,true
0.544,message,201,1.780,backend-1,true
0.541,message,201,4.240,backend-1,true
0.542,message,201,3.440,backend-1,true
0.541,message,201,5.460,backend-2,true
0.545,message,201,1.290,backend-2,true
0.114,feed,200,433.380,backend-3,true
0.104,feed,200,443.920,backend-1,true
0.108,feed,200,441.600,backend-2,true
0.545,message,201,5.110,backend-2,true
0.547,message,201,3.900,backend-2,true
0.547,message,201,3.500,backend-2,true
0.545,message,201,6.330,backend-1,true
0.545,message,201,6.350,backend-1,true
0.546,message,201,6.320,backend-1,true
0.546,message,201,6.300,backend-1,true
0.546,message,201,6.330,backend-1,true
0.545,message,201,6.390,backend-1,true
0.547,message,201,4.410,backend-1,true
0.547,message,201,5.200,backend-1,true
0.107,feed,200,445.920,backend-1,true
0.114,feed,200,440.980,backend-3,true
0.549,message,201,6.010,backend-2,true
0.553,message,201,2.200,backend-2,true
0.551,message,201,4.680,backend-2,true
0.552,message,201,3.520,backend-2,true
0.552,message,201,3.590,backend-2,true
0.551,message,201,6.050,backend-1,true
0.552,message,201,4.810,backend-1,true
0.552,message,201,4.880,backend-1,true
0.552,message,201,4.930,backend-1,true
0.552,message,201,4.950,backend-1,true
0.108,feed,200,450.120,backend-2,true
0.108,feed,200,450.880,backend-1,true
0.555,message,201,5.150,backend-2,true
0.555,message,201,4.480,backend-2,true
0.555,message,201,4.520,backend-2,true
0.555,message,201,4.540,backend-2,true
0.558,message,201,2.170,backend-2,true
0.557,message,201,3.190,backend-2,true
0.114,feed,200,446.820,backend-3,true
0.557,message,201,4.280,backend-1,true
0.557,message,201,4.430,backend-1,true
0.559,message,201,2.570,backend-1,true
0.555,message,201,5.790,backend-1,true
0.108,feed,200,456.170,backend-1,true
0.120,feed,200,444.700,backend-2,true
0.561,message,201,4.330,backend-1,true
0.560,message,201,5.600,backend-1,true
0.560,message,201,6.160,backend-2,true
0.561,message,201,5.350,backend-2,true
0.561,message,201,4.980,backend-2,true
0.561,message,201,4.950,backend-2,true
0.560,message,201,6.250,backend-2,true
0.560,message,201,6.270,backend-2,true
0.114,feed,200,454.940,backend-3,true
0.564,message,201,5.960,backend-1,true
0.566,message,201,4.410,backend-1,true
0.565,message,201,4.460,backend-1,true
0.566,message,201,4.220,backend-2,true
0.566,message,201,4.230,backend-2,true
0.566,message,201,4.180,backend-2,true
0.564,message,201,5.940,backend-2,true
0.566,message,201,4.210,backend-2,true
0.120,feed,200,451.380,backend-2,true
0.108,feed,200,463.900,backend-1,true
0.114,feed,200,461.210,backend-3,true
0.569,message,201,6.560,backend-2,true
0.570,message,201,4.920,backend-2,true
0.570,message,201,5.320,backend-2,true
0.570,message,201,4.920,backend-2,true
0.570,message,201,4.920,backend-2,true
0.570,message,201,4.890,backend-2,true
0.572,message,201,3.710,backend-2,true
0.571,message,201,4.420,backend-1,true
0.570,message,201,5.980,backend-1,true
0.570,message,201,5.960,backend-1,true
0.120,feed,200,456.720,backend-2,true
0.108,feed,200,469.410,backend-1,true
0.575,message,201,5.410,backend-1,true
0.577,message,201,3.510,backend-1,true
0.575,message,201,6.260,backend-2,true
0.575,message,201,6.320,backend-2,true
0.575,message,201,6.470,backend-2,true
0.575,message,201,6.270,backend-2,true
0.575,message,201,6.310,backend-2,true
0.576,message,201,5.700,backend-2,true
0.577,message,201,4.770,backend-2,true
0.120,feed,200,461.990,backend-2,true
0.116,feed,200,466.960,backend-3,true
0.108,feed,200,475.470,backend-1,true
0.581,message,201,7.160,backend-2,true
0.582,message,201,6.370,backend-2,true
0.582,message,201,5.540,backend-2,true
0.583,message,201,4.780,backend-2,true
0.582,message,201,6.450,backend-2,true
0.582,message,201,6.480,backend-2,true
0.118,feed,200,470.640,backend-2,true
0.581,message,201,8.270,backend-1,true
0.582,message,201,7.380,backend-1,true
0.582,message,201,7.390,backend-1,true
0.582,message,201,7.410,backend-1,true
0.582,message,201,7.110,backend-1,true
0.115,feed,200,476.230,backend-3,true
0.108,feed,200,484.200,backend-1,true
0.588,message,201,4.750,backend-2,true
0.588,message,201,4.720,backend-2,true
0.589,message,201,3.920,backend-2,true
0.589,message,201,3.840,backend-2,true
0.588,message,201,6.430,backend-1,true
0.588,message,201,6.240,backend-1,true
0.589,message,201,5.420,backend-1,true
0.588,message,201,6.240,backend-1,true
0.589,message,201,5.360,backend-1,true
0.592,message,201,2.690,backend-1,true
0.589,message,201,5.390,backend-1,true
0.589,message,201,5.610,backend-1,true
0.593,message,201,1.680,backend-1,true
0.120,feed,200,474.800,backend-2,true
0.592,message,201,5.290,backend-2,true
0.593,message,201,4.390,backend-2,true
0.594,message,201,2.970,backend-2,true
0.594,message,201,2.830,backend-2,true
0.594,message,201,2.920,backend-2,true
0.594,message,201,2.960,backend-2,true
0.115,feed,200,482.990,backend-3,true
0.108,feed,200,492.190,backend-1,true
0.594,message,201,6.150,backend-1,true
0.594,message,201,6.050,backend-1,true
0.594,message,201,6.170,backend-1,true
0.595,message,201,5.350,backend-1,true
0.594,message,201,6.210,backend-1,true
0.597,message,201,3.340,backend-1,true
0.597,message,201,3.300,backend-1,true
0.598,message,201,2.220,backend-1,true
0.118,feed,200,483.570,backend-2,true
0.597,message,201,5.810,backend-2,true
0.601,message,201,2.570,backend-2,true
0.601,message,201,5.740,backend-1,true
0.601,message,201,5.800,backend-1,true
0.600,message,201,5.870,backend-1,true
0.600,message,201,6.520,backend-1,true
0.115,feed,200,490.960,backend-3,true
0.600,message,201,5.950,backend-1,true
0.603,message,201,3.290,backend-1,true
0.601,message,201,5.850,backend-1,true
0.108,feed,200,499.940,backend-1,true
0.602,message,201,6.130,backend-2,true
0.119,feed,200,490.720,backend-2,true
0.113,feed,200,500.250,backend-1,true
0.606,message,201,6.620,backend-1,true
0.606,message,201,6.680,backend-1,true
0.608,message,201,5.500,backend-1,true
0.606,message,201,6.720,backend-1,true
0.610,message,201,3.390,backend-1,true
0.606,message,201,6.730,backend-1,true
0.606,message,201,6.620,backend-1,true
0.608,message,201,5.020,backend-1,true
0.115,feed,200,498.720,backend-3,true
0.121,feed,200,494.410,backend-2,true
0.113,feed,200,504.650,backend-1,true
0.613,message,201,10.430,backend-1,true
0.613,message,201,10.510,backend-1,true
0.613,message,201,10.780,backend-1,true
0.613,message,201,10.660,backend-1,true
0.613,message,201,10.580,backend-1,true
0.613,message,201,10.570,backend-1,true
0.613,message,201,10.630,backend-1,true
0.616,message,201,9.780,backend-1,true
0.114,feed,200,511.750,backend-1,true
0.614,message,201,11.520,backend-1,true
0.613,message,201,14.110,backend-2,true
0.617,message,201,9.930,backend-2,true
0.115,feed,200,512.720,backend-3,true
0.120,feed,200,508.560,backend-2,true
0.628,message,201,3.570,backend-2,true
0.624,message,201,7.990,backend-2,true
0.123,feed,200,508.390,backend-1,true
0.626,message,201,6.080,backend-2,true
0.624,message,201,8.050,backend-2,true
0.626,message,201,6.110,backend-2,true
0.624,message,201,8.130,backend-2,true
0.627,message,201,4.580,backend-2,true
0.629,message,201,3.540,backend-1,true
0.624,message,201,8.790,backend-1,true
0.626,message,201,6.930,backend-1,true
0.624,message,201,8.950,backend-1,true
0.624,message,201,8.900,backend-1,true
0.115,feed,200,518.530,backend-3,true
0.122,feed,200,513.730,backend-2,true
0.632,message,201,5.140,backend-1,true
0.634,message,201,2.960,backend-1,true
0.635,message,201,1.590,backend-1,true
0.632,message,201,5.220,backend-1,true
0.632,message,201,5.930,backend-2,true
0.633,message,201,5.150,backend-2,true
0.632,message,201,6.100,backend-2,true
0.633,message,201,5.180,backend-2,true
0.632,message,201,5.320,backend-2,true
0.632,message,201,6.120,backend-2,true
0.632,message,201,6.090,backend-2,true
0.632,message,201,5.330,backend-2,true
0.632,message,201,6.120,backend-2,true
0.123,feed,200,515.860,backend-1,true
0.115,feed,200,524.700,backend-3,true
0.637,message,201,4.810,backend-1,true
0.640,message,201,1.750,backend-1,true
0.639,message,201,2.710,backend-1,true
0.121,feed,200,520.880,backend-2,true
0.637,message,201,6.230,backend-2,true
0.638,message,201,5.420,backend-2,true
0.638,message,201,5.470,backend-2,true
0.638,message,201,5.610,backend-2,true
0.638,message,201,5.710,backend-2,true
0.638,message,201,5.680,backend-2,true
0.638,message,201,5.710,backend-2,true
0.637,message,201,6.610,backend-2,true
0.638,message,201,5.980,backend-2,true
0.115,feed,200,530.840,backend-3,true
0.123,feed,200,522.950,backend-1,true
0.122,feed,200,526.050,backend-2,true
0.642,message,201,6.220,backend-2,true
0.643,message,201,4.710,backend-2,true
0.643,message,201,4.630,backend-2,true
0.644,message,201,4.540,backend-2,true
0.644,message,201,4.520,backend-2,true
0.642,message,201,6.900,backend-1,true
0.642,message,201,7.450,backend-1,true
0.643,message,201,6.160,backend-1,true
0.642,message,201,7.510,backend-1,true
0.643,message,201,5.830,backend-1,true
0.649,message,201,3.500,backend-2,true
0.646,message,201,6.650,backend-2,true
0.648,message,201,4.910,backend-2,true
0.649,message,201,3.580,backend-2,true
0.115,feed,200,537.350,backend-3,true
0.649,message,201,3.550,backend-2,true
0.648,message,201,4.950,backend-2,true
0.646,message,201,6.660,backend-2,true
0.649,message,201,3.560,backend-2,true
0.123,feed,200,529.920,backend-1,true
0.122,feed,200,532.160,backend-2,true
0.648,message,201,6.710,backend-1,true
0.115,feed,200,542.400,backend-3,true
0.122,feed,200,536.230,backend-2,true
0.653,message,201,6.010,backend-2,true
0.653,message,201,6.090,backend-2,true
0.653,message,201,6.140,backend-2,true
0.653,message,201,6.370,backend-2,true
0.653,message,201,5.960,backend-2,true
0.654,message,201,5.290,backend-2,true
0.654,message,201,4.920,backend-2,true
0.124,feed,200,536.280,backend-1,true
0.653,message,201,7.530,backend-1,true
0.658,message,201,2.470,backend-1,true
0.653,message,201,7.520,backend-1,true
0.122,feed,200,541.470,backend-2,true
0.115,feed,200,549.420,backend-3,true
0.658,message,201,6.860,backend-2,true
0.659,message,201,6.270,backend-2,true
0.659,message,201,6.450,backend-2,true
0.659,message,201,6.230,backend-2,true
0.659,message,201,6.380,backend-1,true
0.659,message,201,6.400,backend-2,true
0.660,message,201,5.930,backend-1,true
0.659,message,201,6.440,backend-1,true
0.660,message,201,5.480,backend-1,true
0.660,message,201,5.550,backend-1,true
0.125,feed,200,542.050,backend-1,true
0.122,feed,200,545.390,backend-2,true
0.663,message,201,5.510,backend-2,true
0.665,message,201,3.650,backend-2,true
0.665,message,201,3.540,backend-2,true
0.666,message,201,3.570,backend-2,true
0.666,message,201,3.560,backend-2,true
0.667,message,201,2.610,backend-2,true
0.666,message,201,3.430,backend-2,true
0.667,message,201,2.490,backend-2,true
0.665,message,201,6.530,backend-1,true
0.665,message,201,6.560,backend-1,true
0.665,message,201,6.070,backend-1,true
0.666,message,201,5.900,backend-1,true
0.666,message,201,6.030,backend-1,true
0.666,message,201,6.110,backend-1,true
0.115,feed,200,556.600,backend-3,true
0.669,message,201,3.380,backend-1,true
0.122,feed,200,550.910,backend-2,true
0.125,feed,200,547.950,backend-1,true
0.669,message,201,5.830,backend-1,true
0.672,message,201,3.490,backend-1,true
0.673,message,201,2.700,backend-1,true
0.672,message,201,3.200,backend-1,true
0.669,message,201,6.800,backend-2,true
0.669,message,201,6.520,backend-2,true
0.669,message,201,6.730,backend-2,true
0.670,message,201,6.740,backend-2,true
0.671,message,201,4.940,backend-2,true
0.671,message,201,5.020,backend-2,true
0.671,message,201,5.120,backend-2,true
0.672,message,201,4.820,backend-2,true
0.672,message,201,4.660,backend-2,true
0.673,message,201,4.020,backend-2,true
0.115,feed,200,562.660,backend-3,true
0.122,feed,200,557.770,backend-2,true
0.125,feed,200,554.640,backend-1,true
0.675,message,201,5.680,backend-1,true
0.676,message,201,4.910,backend-1,true
0.675,message,201,5.570,backend-1,true
0.676,message,201,4.470,backend-1,true
0.677,message,201,4.430,backend-1,true
0.675,message,201,6.590,backend-2,true
0.677,message,201,5.340,backend-2,true
0.676,message,201,5.820,backend-2,true
0.676,message,201,5.830,backend-2,true
0.678,message,201,4.250,backend-2,true
0.679,message,201,3.240,backend-2,true
0.679,message,201,3.250,backend-2,true
0.117,feed,200,565.850,backend-3,true
0.122,feed,200,563.510,backend-2,true
0.125,feed,200,561.700,backend-1,true
0.681,message,201,6.860,backend-1,true
0.681,message,201,6.890,backend-1,true
0.681,message,201,6.740,backend-1,true
0.682,message,201,5.970,backend-1,true
0.682,message,201,5.900,backend-1,true
0.683,message,201,5.810,backend-1,true
0.683,message,201,5.300,backend-1,true
0.686,message,201,3.150,backend-1,true
0.682,message,201,6.650,backend-2,true
0.682,message,201,7.000,backend-2,true
0.682,message,201,7.030,backend-2,true
0.683,message,201,6.490,backend-2,true
0.122,feed,200,567.820,backend-2,true
0.117,feed,200,573.350,backend-3,true
0.688,message,201,3.760,backend-2,true
0.688,message,201,3.750,backend-2,true
0.689,message,201,3.020,backend-2,true
0.688,message,201,4.490,backend-2,true
0.687,message,201,5.620,backend-2,true
0.125,feed,200,569.760,backend-1,true
0.688,message,201,7.350,backend-1,true
0.689,message,201,6.900,backend-1,true
0.688,message,201,7.700,backend-1,true
0.689,message,201,6.900,backend-1,true
0.689,message,201,6.700,backend-1,true
0.690,message,201,6.070,backend-1,true
0.691,message,201,5.490,backend-1,true
0.692,message,201,3.920,backend-1,true
0.692,message,201,3.940,backend-1,true
0.117,feed,200,579.180,backend-3,true
0.122,feed,200,574.640,backend-2,true
0.692,message,201,5.670,backend-2,true
0.692,message,201,5.690,backend-2,true
0.695,message,201,3.150,backend-2,true
0.125,feed,200,575.670,backend-1,true
0.120,feed,200,581.030,backend-3,true
0.696,message,201,6.720,backend-2,true
0.696,message,201,5.860,backend-2,true
0.698,message,201,4.330,backend-2,true
0.698,message,201,4.430,backend-2,true
0.696,message,201,7.430,backend-1,true
0.696,message,201,7.160,backend-1,true
0.696,message,201,7.470,backend-1,true
0.696,message,201,7.240,backend-1,true
0.696,message,201,7.220,backend-1,true
0.696,message,201,7.300,backend-1,true
0.697,message,201,6.870,backend-1,true
0.698,message,201,5.660,backend-1,true
0.122,feed,200,582.080,backend-2,true
0.702,message,201,4.020,backend-2,true
0.701,message,201,4.990,backend-2,true
0.701,message,201,5.590,backend-2,true
0.703,message,201,3.280,backend-2,true
0.120,feed,200,586.980,backend-3,true
0.114,feed,200,593.570,backend-1,true
0.704,message,201,6.590,backend-1,true
0.702,message,201,7.850,backend-1,true
0.704,message,201,6.610,backend-1,true
0.703,message,201,6.830,backend-1,true
0.703,message,201,7.150,backend-1,true
0.704,message,201,6.200,backend-1,true
0.706,message,201,3.940,backend-1,true
0.702,message,201,7.930,backend-1,true
0.706,message,201,4.070,backend-1,true
0.122,feed,200,589.440,backend-2,true
0.706,message,201,5.810,backend-2,true
0.710,message,201,2.040,backend-2,true
0.707,message,201,4.750,backend-2,true
0.120,feed,200,592.930,backend-3,true
0.114,feed,200,599.730,backend-1,true
0.707,message,201,7.210,backend-1,true
0.710,message,201,3.570,backend-1,true
0.710,message,201,3.700,backend-1,true
0.710,message,201,3.740,backend-1,true
0.710,message,201,4.020,backend-1,true
0.711,message,201,2.920,backend-1,true
0.710,message,201,6.110,backend-2,true
0.710,message,201,6.180,backend-2,true
0.714,message,201,3.010,backend-2,true
0.713,message,201,3.450,backend-2,true
0.712,message,201,4.340,backend-2,true
0.714,message,201,3.040,backend-2,true
0.714,message,201,3.080,backend-2,true
0.714,message,201,2.720,backend-2,true
0.122,feed,200,596.100,backend-2,true
0.114,feed,200,605.010,backend-1,true
0.120,feed,200,599.200,backend-3,true
0.714,message,201,6.380,backend-1,true
0.714,message,201,5.870,backend-1,true
0.714,message,201,6.120,backend-1,true
0.717,message,201,3.650,backend-1,true
0.717,message,201,5.170,backend-2,true
0.717,message,201,5.160,backend-2,true
0.717,message,201,5.170,backend-2,true
0.717,message,201,4.950,backend-2,true
0.717,message,201,4.970,backend-2,true
0.719,message,201,2.700,backend-2,true
0.720,message,201,2.060,backend-2,true
0.718,message,201,4.320,backend-2,true
0.719,message,201,5.220,backend-1,true
0.720,message,201,3.890,backend-1,true
0.122,feed,200,602.250,backend-2,true
0.720,message,201,5.300,backend-2,true
0.722,message,201,3.830,backend-2,true
0.722,message,201,3.850,backend-2,true
0.722,message,201,3.720,backend-2,true
0.722,message,201,3.410,backend-2,true
0.722,message,201,3.520,backend-2,true
0.724,message,201,1.750,backend-2,true
0.722,message,201,3.450,backend-2,true
0.114,feed,200,612.320,backend-1,true
0.119,feed,200,607.420,backend-3,true
0.122,feed,200,606.970,backend-2,true
0.724,message,201,6.320,backend-1,true
0.726,message,201,4.810,backend-1,true
0.726,message,201,4.770,backend-1,true
0.724,message,201,6.260,backend-1,true
0.726,message,201,4.810,backend-1,true
0.726,message,201,4.650,backend-1,true
0.726,message,201,5.630,backend-2,true
0.726,message,201,5.070,backend-2,true
0.727,message,201,4.880,backend-2,true
0.726,message,201,5.730,backend-2,true
0.729,message,201,2.110,backend-2,true
0.119,feed,200,613.760,backend-3,true
0.115,feed,200,617.480,backend-1,true
0.122,feed,200,613.010,backend-2,true
0.730,message,201,5.390,backend-2,true
0.731,message,201,4.420,backend-2,true
0.731,message,201,4.380,backend-2,true
0.733,message,201,2.960,backend-2,true
0.730,message,201,6.400,backend-1,true
0.731,message,201,5.430,backend-1,true
0.731,message,201,5.410,backend-1,true
0.730,message,201,6.420,backend-1,true
0.731,message,201,5.480,backend-1,true
0.733,message,201,4.410,backend-1,true
0.115,feed,200,623.560,backend-1,true
0.121,feed,200,619.490,backend-3,true
0.737,message,201,4.400,backend-2,true
0.739,message,201,2.360,backend-2,true
0.737,message,201,4.510,backend-2,true
0.736,message,201,5.490,backend-2,true
0.122,feed,200,619.510,backend-2,true
0.735,message,201,6.820,backend-1,true
0.736,message,201,6.280,backend-1,true
0.737,message,201,5.070,backend-1,true
0.737,message,201,5.330,backend-1,true
0.737,message,201,5.340,backend-1,true
0.115,feed,200,630.310,backend-1,true
0.740,message,201,6.400,backend-1,true
0.742,message,201,4.780,backend-1,true
0.742,message,201,4.780,backend-1,true
0.742,message,201,4.800,backend-1,true
0.741,message,201,5.620,backend-1,true
0.741,message,201,6.240,backend-2,true
0.741,message,201,6.220,backend-2,true
0.741,message,201,6.270,backend-2,true
0.742,message,201,5.980,backend-2,true
0.742,message,201,5.420,backend-2,true
0.122,feed,200,625.590,backend-2,true
0.122,feed,200,626.580,backend-3,true
0.747,message,201,4.920,backend-2,true
0.746,message,201,6.200,backend-2,true
0.747,message,201,4.950,backend-2,true
0.747,message,201,5.020,backend-2,true
0.748,message,201,4.250,backend-2,true
0.748,message,201,5.100,backend-1,true
0.747,message,201,5.730,backend-1,true
0.748,message,201,5.120,backend-1,true
0.747,message,201,5.820,backend-1,true
0.748,message,201,4.560,backend-1,true
0.748,message,201,4.830,backend-1,true
0.115,feed,200,637.880,backend-1,true
0.122,feed,200,631.450,backend-2,true
0.122,feed,200,633.120,backend-3,true
0.752,message,201,6.620,backend-1,true
0.752,message,201,6.680,backend-1,true
0.753,message,201,5.820,backend-1,true
0.752,message,201,6.700,backend-1,true
0.755,message,201,3.710,backend-1,true
0.753,message,201,5.910,backend-1,true
0.753,message,201,6.000,backend-1,true
0.115,feed,200,643.790,backend-1,true
0.754,message,201,5.400,backend-2,true
0.752,message,201,7.370,backend-2,true
0.753,message,201,6.090,backend-2,true
0.753,message,201,6.540,backend-2,true
0.123,feed,200,636.800,backend-2,true
0.122,feed,200,639.730,backend-3,true
0.759,message,201,5.030,backend-1,true
0.759,message,201,5.450,backend-1,true
0.759,message,201,5.510,backend-1,true
0.759,message,201,5.560,backend-1,true
0.759,message,201,4.920,backend-1,true
0.761,message,201,2.690,backend-1,true
0.760,message,201,4.520,backend-1,true
0.759,message,201,5.540,backend-1,true
0.117,feed,200,647.780,backend-1,true
0.123,feed,200,642.750,backend-2,true
0.759,message,201,7.580,backend-2,true
0.759,message,201,6.990,backend-2,true
0.759,message,201,6.940,backend-2,true
0.759,message,201,7.000,backend-2,true
0.120,feed,200,648.420,backend-3,true
0.766,message,201,4.290,backend-2,true
0.764,message,201,6.450,backend-2,true
0.766,message,201,4.280,backend-2,true
0.764,message,201,6.450,backend-2,true
0.764,message,201,6.440,backend-2,true
0.765,message,201,5.610,backend-2,true
0.764,message,201,6.750,backend-2,true
0.117,feed,200,655.480,backend-1,true
0.766,message,201,7.270,backend-1,true
0.764,message,201,8.780,backend-1,true
0.764,message,201,8.810,backend-1,true
0.764,message,201,8.820,backend-1,true
0.123,feed,200,650.090,backend-2,true
0.769,message,201,5.360,backend-2,true
0.771,message,201,3.650,backend-2,true
0.771,message,201,3.640,backend-2,true
0.771,message,201,3.700,backend-2,true
0.771,message,201,3.400,backend-2,true
0.122,feed,200,653.960,backend-3,true
0.771,message,201,5.630,backend-1,true
0.773,message,201,3.390,backend-1,true
0.773,message,201,3.320,backend-1,true
0.771,message,201,5.770,backend-1,true
0.117,feed,200,661.390,backend-1,true
0.123,feed,200,655.660,backend-2,true
0.773,message,201,6.200,backend-2,true
0.773,message,201,6.250,backend-2,true
0.774,message,201,4.920,backend-2,true
0.776,message,201,3.210,backend-2,true
0.774,message,201,5.570,backend-1,true
0.776,message,201,3.620,backend-1,true
0.776,message,201,3.570,backend-1,true
0.776,message,201,3.570,backend-1,true
0.776,message,201,3.490,backend-1,true
0.122,feed,200,661.560,backend-3,true
0.779,message,201,5.740,backend-2,true
0.779,message,201,5.400,backend-2,true
0.779,message,201,5.430,backend-2,true
0.779,message,201,5.650,backend-2,true
0.117,feed,200,667.750,backend-1,true
0.779,message,201,6.940,backend-1,true
0.780,message,201,6.260,backend-1,true
0.780,message,201,6.260,backend-1,true
0.780,message,201,6.300,backend-1,true
0.780,message,201,6.320,backend-1,true
0.779,message,201,7.090,backend-1,true
0.123,feed,200,663.060,backend-2,true
0.783,message,201,5.380,backend-2,true
0.784,message,201,4.470,backend-2,true
0.784,message,201,4.400,backend-2,true
0.785,message,201,4.340,backend-2,true
0.786,message,201,2.770,backend-2,true
0.785,message,201,3.910,backend-2,true
0.785,message,201,5.460,backend-1,true
0.786,message,201,3.960,backend-1,true
0.786,message,201,3.790,backend-1,true
0.786,message,201,4.120,backend-1,true
0.131,feed,200,660.340,backend-1,true
0.122,feed,200,669.290,backend-3,true
0.123,feed,200,669.580,backend-2,true
0.789,message,201,5.000,backend-1,true
0.790,message,201,3.760,backend-1,true
0.789,message,201,4.990,backend-1,true
0.791,message,201,2.680,backend-1,true
0.790,message,201,3.780,backend-1,true
0.789,message,201,5.810,backend-2,true
0.789,message,201,5.820,backend-2,true
0.791,message,201,3.240,backend-2,true
0.790,message,201,4.660,backend-2,true
0.122,feed,200,675.570,backend-3,true
0.132,feed,200,666.020,backend-1,true
0.793,message,201,5.770,backend-1,true
0.795,message,201,3.900,backend-1,true
0.794,message,201,4.720,backend-1,true
0.795,message,201,3.870,backend-1,true
0.794,message,201,4.750,backend-1,true
0.795,message,201,3.930,backend-1,true
0.123,feed,200,676.870,backend-2,true
0.795,message,201,5.660,backend-2,true
0.798,message,201,2.420,backend-2,true
0.794,message,201,6.430,backend-2,true
0.798,message,201,5.230,backend-1,true
0.800,message,201,2.980,backend-1,true
0.799,message,201,4.500,backend-1,true
0.799,message,201,4.480,backend-1,true
0.800,message,201,2.830,backend-1,true
0.799,message,201,4.610,backend-1,true
0.800,message,201,2.860,backend-1,true
0.800,message,201,3.630,backend-2,true
0.799,message,201,5.310,backend-2,true
0.122,feed,200,682.870,backend-3,true
0.179,feed,200,626.030,backend-1,true
0.123,feed,200,683.020,backend-2,true
0.806,message,201,3.400,backend-2,true
0.804,message,201,4.940,backend-2,true
0.803,message,201,5.810,backend-2,true
0.806,message,201,4.320,backend-1,true
0.804,message,201,6.700,backend-1,true
0.803,message,201,7.550,backend-1,true
0.803,message,201,7.600,backend-1,true
0.805,message,201,5.500,backend-1,true
0.803,message,201,7.480,backend-1,true
0.186,feed,200,625.570,backend-1,true
0.123,feed,200,690.100,backend-2,true
0.122,feed,200,691.580,backend-3,true
0.809,message,201,6.050,backend-2,true
0.811,message,201,4.350,backend-2,true
0.811,message,201,4.360,backend-2,true
0.811,message,201,4.370,backend-2,true
0.809,message,201,6.640,backend-1,true
0.811,message,201,5.150,backend-1,true
0.811,message,201,5.120,backend-1,true
0.813,message,201,2.380,backend-1,true
0.811,message,201,4.370,backend-1,true
0.811,message,201,5.160,backend-1,true
0.209,feed,200,608.200,backend-1,true
0.814,message,201,5.630,backend-3,true
0.124,feed,200,695.000,backend-2,true
0.816,message,201,5.060,backend-2,true
0.818,message,201,3.410,backend-2,true
0.122,feed,200,698.730,backend-3,true
0.815,message,201,6.090,backend-1,true
0.816,message,201,5.360,backend-1,true
0.816,message,201,5.380,backend-1,true
0.816,message,201,5.640,backend-1,true
0.816,message,201,5.390,backend-1,true
0.816,message,201,5.400,backend-1,true
0.819,message,201,1.800,backend-1,true
0.223,feed,200,600.950,backend-1,true
0.819,message,201,5.520,backend-2,true
0.821,message,201,3.600,backend-2,true
0.821,message,201,3.870,backend-2,true
0.821,message,201,5.170,backend-1,true
0.821,message,201,5.190,backend-1,true
0.821,message,201,5.020,backend-1,true
0.821,message,201,4.940,backend-1,true
0.821,message,201,5.030,backend-1,true
0.821,message,201,5.030,backend-1,true
0.823,message,201,2.820,backend-1,true
0.125,feed,200,702.110,backend-2,true
0.122,feed,200,706.450,backend-3,true
0.222,feed,200,607.120,backend-1,true
0.825,message,201,5.440,backend-1,true
0.826,message,201,4.010,backend-1,true
0.826,message,201,4.090,backend-1,true
0.827,message,201,3.320,backend-1,true
0.826,message,201,4.060,backend-1,true
0.829,message,201,1.700,backend-1,true
0.826,message,201,4.090,backend-1,true
0.825,message,201,6.070,backend-2,true
0.826,message,201,4.760,backend-2,true
0.825,message,201,6.120,backend-2,true
0.125,feed,200,708.630,backend-2,true
0.122,feed,200,713.310,backend-3,true
0.229,feed,200,607.230,backend-1,true
0.830,message,201,6.310,backend-1,true
0.830,message,201,5.570,backend-1,true
0.830,message,201,5.700,backend-1,true
0.831,message,201,5.140,backend-1,true
0.831,message,201,5.210,backend-1,true
0.830,message,201,5.780,backend-3,true
0.830,message,201,5.760,backend-1,true
0.830,message,201,5.770,backend-1,true
0.834,message,201,2.400,backend-1,true
0.125,feed,200,714.320,backend-2,true
0.230,feed,200,611.340,backend-1,true
0.836,message,201,5.670,backend-1,true
0.836,message,201,5.650,backend-1,true
0.836,message,201,6.000,backend-1,true
0.836,message,201,5.440,backend-1,true
0.836,message,201,5.680,backend-1,true
0.836,message,201,5.590,backend-1,true
0.121,feed,200,721.900,backend-3,true
0.836,message,201,6.450,backend-3,true
0.836,message,201,6.490,backend-3,true
0.842,message,201,3.610,backend-1,true
0.843,message,201,2.560,backend-1,true
0.842,message,201,2.760,backend-1,true
0.842,message,201,3.620,backend-1,true
0.840,message,201,5.460,backend-1,true
0.841,message,201,4.190,backend-1,true
0.137,feed,200,709.560,backend-2,true
0.842,message,201,5.380,backend-3,true
0.845,message,201,1.770,backend-3,true
0.843,message,201,4.390,backend-3,true
0.841,message,201,5.530,backend-3,true
0.230,feed,200,617.710,backend-1,true
0.122,feed,200,727.590,backend-3,true
0.845,message,201,6.090,backend-1,true
0.845,message,201,6.110,backend-1,true
0.847,message,201,4.340,backend-1,true
0.847,message,201,5.080,backend-3,true
0.846,message,201,5.740,backend-3,true
0.847,message,201,4.670,backend-3,true
0.137,feed,200,715.040,backend-2,true
0.845,message,201,6.970,backend-3,true
0.845,message,201,6.950,backend-3,true
0.850,message,201,5.480,backend-3,true
0.852,message,201,3.080,backend-3,true
0.851,message,201,3.970,backend-3,true
0.852,message,201,3.140,backend-3,true
0.852,message,201,3.230,backend-3,true
0.852,message,201,3.300,backend-3,true
0.247,feed,200,609.740,backend-1,true
0.851,message,201,5.410,backend-1,true
0.852,message,201,4.770,backend-1,true
0.852,message,201,4.820,backend-1,true
0.851,message,201,5.490,backend-1,true
0.122,feed,200,736.970,backend-3,true
0.137,feed,200,723.010,backend-2,true
0.855,message,201,6.510,backend-3,true
0.855,message,201,6.520,backend-3,true
0.857,message,201,5.030,backend-3,true
0.855,message,201,6.520,backend-3,true
0.855,message,201,6.550,backend-3,true
0.857,message,201,5.210,backend-3,true
0.857,message,201,4.950,backend-3,true
0.857,message,201,5.010,backend-3,true
0.255,feed,200,609.210,backend-1,true
0.859,message,201,5.870,backend-1,true
0.862,message,201,3.220,backend-1,true
0.862,message,201,3.200,backend-1,true
0.122,feed,200,743.160,backend-3,true
0.137,feed,200,729.950,backend-2,true
0.860,message,201,7.020,backend-3,true
0.862,message,201,5.380,backend-3,true
0.862,message,201,5.370,backend-3,true
0.862,message,201,5.280,backend-3,true
0.862,message,201,5.370,backend-3,true
0.864,message,201,3.390,backend-3,true
0.867,message,201,2.500,backend-1,true
0.865,message,201,4.120,backend-1,true
0.865,message,201,4.600,backend-1,true
0.865,message,201,5.690,backend-3,true
0.865,message,201,5.790,backend-3,true
0.867,message,201,3.650,backend-3,true
0.867,message,201,3.700,backend-3,true
0.867,message,201,3.730,backend-3,true
0.867,message,201,3.590,backend-3,true
0.123,feed,200,748.640,backend-3,true
0.255,feed,200,617.120,backend-1,true
0.137,feed,200,736.300,backend-2,true
0.870,message,201,6.070,backend-3,true
0.871,message,201,4.810,backend-3,true
0.871,message,201,4.860,backend-3,true
0.870,message,201,6.080,backend-3,true
0.871,message,201,4.880,backend-3,true
0.870,message,201,6.160,backend-1,true
0.874,message,201,2.240,backend-3,true
0.872,message,201,4.070,backend-3,true
0.871,message,201,4.340,backend-1,true
0.255,feed,200,622.380,backend-1,true
0.123,feed,200,754.430,backend-3,true
0.137,feed,200,743.350,backend-2,true
0.876,message,201,5.550,backend-1,true
0.876,message,201,5.610,backend-1,true
0.876,message,201,6.380,backend-3,true
0.876,message,201,6.310,backend-3,true
0.876,message,201,6.420,backend-3,true
0.876,message,201,6.300,backend-3,true
0.876,message,201,6.400,backend-3,true
0.876,message,201,6.270,backend-3,true
0.877,message,201,5.000,backend-3,true
0.877,message,201,4.880,backend-3,true
0.123,feed,200,760.350,backend-3,true
0.261,feed,200,623.620,backend-1,true
0.882,message,201,4.280,backend-3,true
0.882,message,201,4.330,backend-3,true
0.881,message,201,5.650,backend-3,true
0.881,message,201,4.970,backend-3,true
0.882,message,201,4.160,backend-3,true
0.882,message,201,4.280,backend-3,true
0.883,message,201,3.190,backend-3,true
0.882,message,201,4.320,backend-3,true
0.882,message,201,5.480,backend-1,true
0.137,feed,200,750.570,backend-2,true
0.123,feed,200,766.630,backend-3,true
0.885,message,201,4.970,backend-3,true
0.886,message,201,3.160,backend-3,true
0.888,message,201,1.640,backend-3,true
0.888,message,201,2.020,backend-3,true
0.261,feed,200,630.400,backend-1,true
0.886,message,201,6.210,backend-1,true
0.886,message,201,6.190,backend-1,true
0.886,message,201,6.200,backend-1,true
0.886,message,201,6.250,backend-1,true
0.886,message,201,6.250,backend-1,true
0.138,feed,200,756.160,backend-2,true
0.123,feed,200,771.400,backend-3,true
0.890,message,201,5.670,backend-3,true
0.890,message,201,5.680,backend-3,true
0.890,message,201,5.710,backend-3,true
0.890,message,201,5.700,backend-3,true
0.893,message,201,2.720,backend-3,true
0.893,message,201,2.720,backend-3,true
0.891,message,201,5.420,backend-1,true
0.894,message,201,3.010,backend-1,true
0.893,message,201,4.160,backend-1,true
0.895,message,201,1.500,backend-1,true
0.262,feed,200,635.640,backend-1,true
0.895,message,201,5.900,backend-3,true
0.895,message,201,5.390,backend-3,true
0.897,message,201,3.860,backend-3,true
0.895,message,201,5.390,backend-3,true
0.895,message,201,5.330,backend-3,true
0.897,message,201,3.970,backend-3,true
0.897,message,201,3.180,backend-3,true
0.897,message,201,3.960,backend-3,true
0.138,feed,200,764.460,backend-2,true
0.123,feed,200,779.440,backend-3,true
0.897,message,201,6.300,backend-1,true
0.267,feed,200,637.720,backend-1,true
0.901,message,201,5.900,backend-3,true
0.901,message,201,5.890,backend-3,true
0.901,message,201,6.080,backend-3,true
0.901,message,201,5.970,backend-3,true
0.901,message,201,6.000,backend-3,true
0.901,message,201,6.010,backend-3,true
0.901,message,201,6.050,backend-3,true
0.902,message,201,4.720,backend-3,true
0.903,message,201,3.730,backend-3,true
0.903,message,201,4.120,backend-3,true
0.123,feed,200,784.360,backend-3,true
0.154,feed,200,753.970,backend-2,true
0.904,message,201,6.640,backend-1,true
0.907,message,201,4.340,backend-1,true
0.907,message,201,4.500,backend-1,true
0.907,message,201,4.530,backend-1,true
0.273,feed,200,639.660,backend-1,true
0.123,feed,200,789.240,backend-3,true
0.907,message,201,5.930,backend-3,true
0.908,message,201,5.140,backend-3,true
0.907,message,201,5.950,backend-3,true
0.907,message,201,5.920,backend-3,true
0.908,message,201,4.870,backend-3,true
0.157,feed,200,758.020,backend-2,true
0.913,message,201,4.600,backend-3,true
0.911,message,201,6.310,backend-3,true
0.912,message,201,5.100,backend-3,true
0.915,message,201,1.990,backend-3,true
0.913,message,201,4.720,backend-3,true
0.913,message,201,4.790,backend-3,true
0.911,message,201,7.160,backend-1,true
0.913,message,201,5.710,backend-1,true
0.911,message,201,7.260,backend-1,true
0.913,message,201,5.710,backend-1,true
0.123,feed,200,795.780,backend-3,true
0.273,feed,200,646.080,backend-1,true
0.158,feed,200,763.640,backend-2,true
0.917,message,201,5.420,backend-1,true
0.917,message,201,5.580,backend-1,true
0.918,message,201,4.850,backend-1,true
0.918,message,201,4.740,backend-1,true
0.921,message,201,1.990,backend-1,true
0.917,message,201,5.840,backend-3,true
0.917,message,201,5.900,backend-3,true
0.917,message,201,5.900,backend-3,true
0.917,message,201,5.850,backend-3,true
0.919,message,201,4.330,backend-3,true
0.919,message,201,4.330,backend-3,true
0.124,feed,200,801.520,backend-3,true
0.273,feed,200,652.750,backend-1,true
0.162,feed,200,766.650,backend-2,true
0.923,message,201,5.860,backend-3,true
0.923,message,201,6.050,backend-3,true
0.923,message,201,5.960,backend-3,true
0.923,message,201,6.000,backend-3,true
0.923,message,201,6.200,backend-3,true
0.923,message,201,6.030,backend-3,true
0.923,message,201,6.030,backend-3,true
0.926,message,201,3.750,backend-3,true
0.923,message,201,6.570,backend-1,true
0.923,message,201,6.620,backend-1,true
0.925,message,201,4.760,backend-1,true
0.125,feed,200,806.880,backend-3,true
0.279,feed,200,653.340,backend-1,true
0.929,message,201,4.650,backend-3,true
0.930,message,201,4.240,backend-3,true
0.930,message,201,4.220,backend-3,true
0.932,message,201,1.870,backend-3,true
0.929,message,201,5.590,backend-3,true
0.929,message,201,4.890,backend-3,true
0.929,message,201,6.140,backend-1,true
0.929,message,201,5.830,backend-1,true
0.929,message,201,5.890,backend-1,true
0.929,message,201,5.960,backend-1,true
0.929,message,201,5.950,backend-1,true
0.931,message,201,3.770,backend-1,true
0.162,feed,200,773.960,backend-2,true
0.125,feed,200,812.710,backend-3,true
0.283,feed,200,656.490,backend-1,true
0.934,message,201,6.000,backend-3,true
0.935,message,201,4.870,backend-3,true
0.934,message,201,5.970,backend-3,true
0.935,message,201,4.910,backend-3,true
0.936,message,201,4.440,backend-3,true
0.934,message,201,6.040,backend-3,true
0.934,message,201,6.390,backend-1,true
0.934,message,201,6.390,backend-1,true
0.935,message,201,5.300,backend-1,true
0.937,message,201,3.320,backend-1,true
0.162,feed,200,781.730,backend-2,true
0.125,feed,200,818.400,backend-3,true
0.943,message,201,2.130,backend-1,true
0.940,message,201,5.560,backend-1,true
0.940,message,201,5.550,backend-1,true
0.940,message,201,5.610,backend-1,true
0.939,message,201,6.230,backend-1,true
0.940,message,201,5.580,backend-1,true
0.284,feed,200,663.070,backend-1,true
0.940,message,201,6.900,backend-3,true
0.940,message,201,6.520,backend-3,true
0.941,message,201,6.500,backend-3,true
0.941,message,201,6.420,backend-3,true
0.944,message,201,3.360,backend-3,true
0.946,message,201,5.310,backend-1,true
0.946,message,201,5.240,backend-1,true
0.947,message,201,3.880,backend-1,true
0.947,message,201,3.970,backend-1,true
0.162,feed,200,789.480,backend-2,true
0.125,feed,200,826.080,backend-3,true
0.946,message,201,6.110,backend-3,true
0.946,message,201,6.100,backend-3,true
0.947,message,201,5.160,backend-3,true
0.947,message,201,4.770,backend-3,true
0.947,message,201,4.830,backend-3,true
0.947,message,201,4.880,backend-3,true
0.284,feed,200,669.960,backend-1,true
0.952,message,201,5.440,backend-3,true
0.951,message,201,6.270,backend-3,true
0.952,message,201,5.470,backend-3,true
0.951,message,201,6.360,backend-3,true
0.952,message,201,5.480,backend-3,true
0.952,message,201,5.410,backend-3,true
0.954,message,201,3.660,backend-3,true
0.166,feed,200,791.740,backend-2,true
0.951,message,201,7.060,backend-1,true
0.951,message,201,6.890,backend-1,true
0.951,message,201,6.600,backend-1,true
0.125,feed,200,832.770,backend-3,true
0.295,feed,200,665.140,backend-1,true
0.957,message,201,6.420,backend-1,true
0.958,message,201,6.090,backend-1,true
0.958,message,201,5.750,backend-1,true
0.960,message,201,4.090,backend-1,true
0.958,message,201,5.800,backend-1,true
0.957,message,201,6.630,backend-3,true
0.957,message,201,6.630,backend-3,true
0.958,message,201,5.890,backend-3,true
0.957,message,201,6.670,backend-3,true
0.125,feed,200,838.560,backend-3,true
0.957,message,201,6.710,backend-3,true
0.958,message,201,5.810,backend-3,true
0.166,feed,200,798.960,backend-2,true
0.296,feed,200,670.910,backend-1,true
0.964,message,201,5.130,backend-1,true
0.964,message,201,5.080,backend-1,true
0.964,message,201,5.170,backend-1,true
0.964,message,201,5.730,backend-3,true
0.964,message,201,5.620,backend-3,true
0.964,message,201,5.550,backend-3,true
0.964,message,201,5.660,backend-3,true
0.964,message,201,5.730,backend-3,true
0.966,message,201,3.100,backend-3,true
0.965,message,201,4.690,backend-3,true
0.125,feed,200,845.420,backend-3,true
0.166,feed,200,806.530,backend-2,true
0.301,feed,200,672.540,backend-1,true
0.970,message,201,4.990,backend-3,true
0.969,message,201,5.570,backend-3,true
0.970,message,201,5.010,backend-3,true
0.973,message,201,1.870,backend-3,true
0.973,message,201,1.440,backend-3,true
0.970,message,201,5.020,backend-3,true
0.969,message,201,6.530,backend-1,true
0.970,message,201,6.070,backend-1,true
0.969,message,201,6.100,backend-1,true
0.969,message,201,6.100,backend-1,true
0.971,message,201,4.850,backend-1,true
0.970,message,201,6.040,backend-1,true
0.131,feed,200,845.740,backend-3,true
0.307,feed,200,671.850,backend-1,true
0.166,feed,200,814.100,backend-2,true
0.975,message,201,5.890,backend-1,true
0.975,message,201,5.930,backend-1,true
0.976,message,201,4.890,backend-1,true
0.977,message,201,3.690,backend-1,true
0.976,message,201,4.970,backend-1,true
0.975,message,201,6.510,backend-3,true
0.975,message,201,6.580,backend-3,true
0.975,message,201,6.570,backend-3,true
0.976,message,201,5.580,backend-3,true
0.979,message,201,2.410,backend-3,true
0.976,message,201,5.630,backend-3,true
0.131,feed,200,852.180,backend-3,true
0.981,message,201,5.390,backend-3,true
0.981,message,201,4.830,backend-3,true
0.308,feed,200,678.440,backend-1,true
0.981,message,201,4.860,backend-3,true
0.981,message,201,4.830,backend-3,true
0.980,message,201,6.770,backend-1,true
0.983,message,201,3.790,backend-1,true
0.980,message,201,6.820,backend-1,true
0.981,message,201,6.110,backend-1,true
0.981,message,201,6.770,backend-1,true
0.981,message,201,6.800,backend-1,true
0.172,feed,200,816.000,backend-2,true
0.131,feed,200,858.980,backend-3,true
0.988,message,201,4.460,backend-1,true
0.987,message,201,5.010,backend-1,true
0.986,message,201,6.250,backend-1,true
0.990,message,201,1.830,backend-1,true
0.986,message,201,6.680,backend-3,true
0.987,message,201,5.400,backend-3,true
0.986,message,201,6.710,backend-3,true
0.987,message,201,5.400,backend-3,true
0.987,message,201,5.430,backend-3,true
0.987,message,201,5.440,backend-3,true
0.308,feed,200,685.820,backend-1,true
0.172,feed,200,823.560,backend-2,true
0.992,message,201,5.510,backend-3,true
0.992,message,201,5.540,backend-3,true
0.992,message,201,5.550,backend-3,true
0.995,message,201,2.580,backend-3,true
0.993,message,201,4.370,backend-3,true
0.132,feed,200,866.840,backend-3,true
0.992,message,201,6.530,backend-1,true
0.993,message,201,6.040,backend-1,true
0.993,message,201,6.150,backend-1,true
0.993,message,201,6.180,backend-1,true
0.993,message,201,6.140,backend-1,true
0.314,feed,200,686.270,backend-1,true
0.998,message,201,5.250,backend-3,true
0.998,message,201,5.220,backend-3,true
0.172,feed,200,831.360,backend-2,true
0.999,message,201,4.420,backend-3,true
0.998,message,201,5.300,backend-3,true
0.999,message,201,4.320,backend-3,true
1.000,message,201,3.000,backend-1,true
0.998,message,201,5.520,backend-1,true
0.999,message,201,4.520,backend-1,true
0.999,message,201,4.590,backend-1,true
0.132,feed,200,873.610,backend-3,true
0.320,feed,200,687.650,backend-1,true
1.003,message,201,5.390,backend-1,true
1.005,message,201,3.300,backend-1,true
1.007,message,201,1.470,backend-1,true
1.003,message,201,5.710,backend-1,true
1.003,message,201,5.690,backend-1,true
0.180,feed,200,830.680,backend-2,true
1.003,message,201,7.220,backend-3,true
1.003,message,201,7.280,backend-3,true
1.003,message,201,7.280,backend-3,true
1.003,message,201,6.980,backend-3,true
1.003,message,201,6.960,backend-3,true
1.003,message,201,6.930,backend-3,true
0.132,feed,200,884.340,backend-3,true
1.010,message,201,8.740,backend-3,true
1.010,message,201,8.770,backend-3,true
1.010,message,201,8.790,backend-3,true
1.010,message,201,9.100,backend-1,true
1.010,message,201,9.030,backend-1,true
1.009,message,201,10.560,backend-1,true
1.009,message,201,10.590,backend-1,true
1.009,message,201,10.580,backend-1,true
0.321,feed,200,699.270,backend-1,true
1.019,message,201,2.520,backend-1,true
1.019,message,201,2.350,backend-1,true
1.019,message,201,2.320,backend-1,true
1.016,message,201,5.540,backend-1,true
1.019,message,201,2.390,backend-1,true
0.186,feed,200,839.100,backend-2,true
1.019,message,201,6.060,backend-3,true
1.019,message,201,6.020,backend-3,true
1.020,message,201,4.910,backend-3,true
1.022,message,201,3.740,backend-3,true
0.132,feed,200,895.130,backend-3,true
1.022,message,201,5.340,backend-1,true
1.022,message,201,5.380,backend-1,true
1.025,message,201,2.370,backend-1,true
1.022,message,201,5.370,backend-1,true
0.327,feed,200,701.290,backend-1,true
1.025,message,201,5.130,backend-1,true
1.027,message,201,3.680,backend-1,true
1.027,message,201,3.440,backend-1,true
0.190,feed,200,841.040,backend-2,true
1.025,message,201,6.430,backend-3,true
1.025,message,201,6.470,backend-3,true
1.028,message,201,3.740,backend-3,true
1.025,message,201,6.540,backend-3,true
1.027,message,201,4.890,backend-3,true
0.327,feed,200,707.120,backend-1,true
0.132,feed,200,902.880,backend-3,true
1.031,message,201,5.490,backend-3,true
1.032,message,201,4.250,backend-3,true
1.032,message,201,4.560,backend-3,true
1.034,message,201,2.100,backend-3,true
1.032,message,201,4.250,backend-3,true
1.031,message,201,5.910,backend-1,true
1.032,message,201,4.560,backend-1,true
0.191,feed,200,846.490,backend-2,true
1.035,message,201,4.910,backend-3,true
1.036,message,201,3.580,backend-3,true
1.036,message,201,3.650,backend-3,true
1.036,message,201,3.280,backend-3,true
1.037,message,201,2.470,backend-3,true
1.036,message,201,3.650,backend-3,true
1.036,message,201,3.710,backend-3,true
0.135,feed,200,906.580,backend-3,true
0.335,feed,200,707.390,backend-1,true
1.036,message,201,6.490,backend-1,true
1.040,message,201,2.830,backend-1,true
1.040,message,201,2.890,backend-1,true
0.191,feed,200,853.390,backend-2,true
1.040,message,201,5.400,backend-3,true
1.040,message,201,5.370,backend-3,true
1.040,message,201,5.420,backend-3,true
1.041,message,201,3.960,backend-3,true
1.043,message,201,2.600,backend-3,true
0.134,feed,200,912.770,backend-3,true
1.043,message,201,5.190,backend-1,true
1.042,message,201,5.780,backend-1,true
1.045,message,201,2.720,backend-1,true
0.335,feed,200,714.620,backend-1,true
1.044,message,201,5.520,backend-3,true
1.045,message,201,4.800,backend-3,true
1.047,message,201,2.820,backend-3,true
1.048,message,201,2.110,backend-3,true
1.045,message,201,4.830,backend-3,true
1.045,message,201,4.840,backend-3,true
0.198,feed,200,853.240,backend-2,true
0.137,feed,200,916.020,backend-3,true
1.050,message,201,4.490,backend-3,true
1.051,message,201,3.600,backend-3,true
1.050,message,201,4.540,backend-3,true
1.050,message,201,4.520,backend-3,true
1.053,message,201,1.450,backend-3,true
1.050,message,201,4.610,backend-3,true
1.050,message,201,5.460,backend-1,true
1.049,message,201,6.140,backend-1,true
1.050,message,201,5.360,backend-1,true
0.341,feed,200,717.200,backend-1,true
0.198,feed,200,859.960,backend-2,true
0.137,feed,200,922.070,backend-3,true
1.054,message,201,6.350,backend-3,true
1.054,message,201,6.370,backend-3,true
1.055,message,201,5.510,backend-3,true
1.054,message,201,6.390,backend-3,true
1.055,message,201,6.350,backend-3,true
1.055,message,201,5.560,backend-3,true
1.058,message,201,3.260,backend-3,true
1.055,message,201,6.570,backend-1,true
1.058,message,201,3.800,backend-1,true
0.345,feed,200,719.730,backend-1,true
1.062,message,201,2.470,backend-3,true
1.061,message,201,3.680,backend-3,true
1.059,message,201,5.360,backend-3,true
1.061,message,201,4.950,backend-1,true
1.061,message,201,4.910,backend-1,true
1.061,message,201,4.930,backend-1,true
1.061,message,201,4.920,backend-1,true
0.141,feed,200,924.420,backend-3,true
1.061,message,201,4.900,backend-1,true
0.207,feed,200,859.230,backend-2,true
1.065,message,201,5.760,backend-3,true
1.066,message,201,4.610,backend-3,true
1.066,message,201,4.580,backend-3,true
1.067,message,201,3.710,backend-3,true
1.065,message,201,5.780,backend-3,true
1.065,message,201,5.790,backend-3,true
1.065,message,201,5.770,backend-1,true
1.066,message,201,4.640,backend-1,true
1.066,message,201,4.640,backend-1,true
0.141,feed,200,931.200,backend-3,true
0.345,feed,200,727.760,backend-1,true
0.208,feed,200,865.630,backend-2,true
1.070,message,201,5.210,backend-1,true
1.070,message,201,5.230,backend-1,true
1.070,message,201,5.200,backend-1,true
1.070,message,201,5.250,backend-1,true
1.073,message,201,2.660,backend-1,true
1.073,message,201,3.100,backend-1,true
1.073,message,201,3.640,backend-3,true
1.070,message,201,6.420,backend-3,true
1.070,message,201,6.370,backend-3,true
0.142,feed,200,937.090,backend-3,true
0.345,feed,200,734.300,backend-1,true
0.209,feed,200,871.290,backend-2,true
1.076,message,201,5.460,backend-1,true
1.077,message,201,4.370,backend-1,true
1.076,message,201,5.490,backend-1,true
1.077,message,201,4.370,backend-1,true
1.077,message,201,4.430,backend-1,true
1.076,message,201,5.570,backend-1,true
1.076,message,201,6.030,backend-3,true
1.079,message,201,3.030,backend-3,true
1.076,message,201,6.050,backend-3,true
1.080,message,201,5.800,backend-1,true
1.081,message,201,4.330,backend-1,true
1.081,message,201,4.360,backend-1,true
1.082,message,201,3.780,backend-1,true
1.081,message,201,4.970,backend-1,true
0.142,feed,200,943.760,backend-3,true
1.081,message,201,5.400,backend-3,true
1.082,message,201,4.860,backend-3,true
1.081,message,201,5.420,backend-3,true
1.082,message,201,4.980,backend-3,true
0.349,feed,200,738.170,backend-1,true
0.229,feed,200,858.980,backend-2,true
1.085,message,201,5.400,backend-3,true
1.087,message,201,3.860,backend-3,true
1.086,message,201,5.380,backend-3,true
1.087,message,201,4.300,backend-3,true
1.086,message,201,5.330,backend-3,true
1.086,message,201,5.980,backend-1,true
1.086,message,201,6.030,backend-1,true
1.086,message,201,6.030,backend-1,true
1.087,message,201,4.940,backend-1,true
1.088,message,201,3.970,backend-1,true
0.353,feed,200,740.170,backend-1,true
0.142,feed,200,951.690,backend-3,true
0.239,feed,200,855.440,backend-2,true
1.091,message,201,5.640,backend-3,true
1.091,message,201,5.630,backend-3,true
1.091,message,201,5.060,backend-3,true
1.092,message,201,5.000,backend-3,true
1.091,message,201,5.640,backend-3,true
1.091,message,201,5.700,backend-3,true
1.093,message,201,5.700,backend-1,true
1.097,message,201,2.560,backend-1,true
1.097,message,201,2.510,backend-1,true
1.094,message,201,5.560,backend-1,true
1.095,message,201,5.680,backend-3,true
1.097,message,201,3.940,backend-3,true
1.097,message,201,4.020,backend-3,true
1.097,message,201,4.000,backend-3,true
1.099,message,201,1.500,backend-3,true
0.353,feed,200,747.980,backend-1,true
0.142,feed,200,959.620,backend-3,true
0.240,feed,200,862.730,backend-2,true
1.101,message,201,4.980,backend-1,true
1.101,message,201,5.010,backend-1,true
1.099,message,201,6.520,backend-1,true
1.101,message,201,4.250,backend-1,true
1.099,message,201,6.710,backend-3,true
1.101,message,201,4.380,backend-3,true
1.101,message,201,5.240,backend-3,true
1.101,message,201,5.260,backend-3,true
1.103,message,201,2.990,backend-3,true
0.142,feed,200,965.920,backend-3,true
0.380,feed,200,729.660,backend-1,true
0.255,feed,200,856.530,backend-2,true
1.106,message,201,5.500,backend-1,true
1.108,message,201,3.400,backend-1,true
1.106,message,201,7.060,backend-3,true
1.106,message,201,6.850,backend-3,true
1.106,message,201,6.820,backend-3,true
1.106,message,201,7.110,backend-3,true
1.106,message,201,6.960,backend-3,true
0.830,feed,200,284.410,backend-3,true
1.113,message,201,2.780,backend-1,true
1.109,message,201,6.020,backend-1,true
1.113,message,201,2.740,backend-1,true
1.113,message,201,2.760,backend-1,true
1.111,message,201,4.460,backend-1,true
1.111,message,201,5.730,backend-3,true
1.115,message,201,2.170,backend-3,true
1.113,message,201,4.170,backend-3,true
1.113,message,201,4.300,backend-3,true
0.255,feed,200,863.650,backend-2,true
0.410,feed,200,709.450,backend-1,true
1.115,message,201,5.330,backend-1,true
1.116,message,201,5.280,backend-1,true
1.115,message,201,5.350,backend-1,true
1.117,message,201,3.930,backend-1,true
1.117,message,201,3.970,backend-1,true
0.830,feed,200,291.540,backend-3,true
1.117,message,201,5.090,backend-3,true
1.118,message,201,3.700,backend-3,true
1.117,message,201,5.190,backend-3,true
1.120,message,201,4.940,backend-1,true
1.121,message,201,3.780,backend-1,true
1.122,message,201,2.540,backend-1,true
1.122,message,201,2.770,backend-1,true
1.121,message,201,4.890,backend-3,true
1.122,message,201,3.760,backend-3,true
1.121,message,201,4.840,backend-3,true
1.122,message,201,3.790,backend-3,true
0.267,feed,200,859.490,backend-2,true
0.445,feed,200,682.370,backend-1,true
0.857,feed,200,271.650,backend-3,true
1.125,message,201,5.270,backend-3,true
1.126,message,201,4.140,backend-3,true
1.126,message,201,4.190,backend-3,true
1.125,message,201,5.260,backend-3,true
1.126,message,201,4.140,backend-3,true
1.126,message,201,4.150,backend-3,true
1.125,message,201,5.970,backend-1,true
1.127,message,201,3.500,backend-1,true
0.273,feed,200,859.840,backend-2,true
0.447,feed,200,685.960,backend-1,true
1.129,message,201,5.870,backend-3,true
1.131,message,201,3.810,backend-3,true
1.133,message,201,1.830,backend-3,true
1.130,message,201,4.340,backend-3,true
1.130,message,201,4.600,backend-3,true
1.130,message,201,5.580,backend-1,true
1.131,message,201,5.080,backend-1,true
0.867,feed,200,269.050,backend-3,true
0.279,feed,200,859.490,backend-2,true
1.133,message,201,5.650,backend-3,true
1.134,message,201,4.720,backend-3,true
1.135,message,201,4.610,backend-3,true
1.135,message,201,3.640,backend-3,true
1.134,message,201,4.660,backend-3,true
1.136,message,201,3.500,backend-3,true
1.135,message,201,4.690,backend-3,true
0.448,feed,200,693.840,backend-1,true
1.136,message,201,5.330,backend-1,true
1.139,message,201,2.430,backend-1,true
0.871,feed,200,271.070,backend-3,true
1.138,message,201,5.670,backend-3,true
1.139,message,201,4.840,backend-3,true
1.139,message,201,4.950,backend-3,true
1.139,message,201,5.010,backend-3,true
1.142,message,201,2.590,backend-3,true
1.141,message,201,2.740,backend-3,true
1.139,message,201,5.000,backend-3,true
0.290,feed,200,856.540,backend-2,true
1.142,message,201,5.320,backend-1,true
1.144,message,201,2.800,backend-1,true
1.142,message,201,5.130,backend-1,true
0.871,feed,200,277.350,backend-3,true
0.447,feed,200,701.820,backend-1,true
1.144,message,201,6.610,backend-3,true
1.144,message,201,6.590,backend-3,true
1.144,message,201,6.550,backend-3,true
1.144,message,201,6.550,backend-3,true
1.147,message,201,3.940,backend-3,true
1.147,message,201,3.920,backend-3,true
1.146,message,201,5.580,backend-1,true
1.148,message,201,3.860,backend-1,true
1.147,message,201,5.110,backend-1,true
0.295,feed,200,857.400,backend-2,true
0.871,feed,200,283.340,backend-3,true
1.149,message,201,5.920,backend-3,true
0.462,feed,200,692.870,backend-1,true
1.151,message,201,4.610,backend-3,true
1.152,message,201,3.250,backend-3,true
1.151,message,201,4.610,backend-3,true
1.151,message,201,4.510,backend-3,true
1.152,message,201,2.920,backend-3,true
1.152,message,201,3.340,backend-3,true
1.152,message,201,5.760,backend-1,true
1.154,message,201,3.680,backend-1,true
1.155,message,201,2.560,backend-1,true
0.296,feed,200,864.540,backend-2,true
0.876,feed,200,284.480,backend-3,true
1.155,message,201,6.040,backend-3,true
1.155,message,201,6.130,backend-3,true
1.155,message,201,6.170,backend-3,true
1.155,message,201,6.110,backend-3,true
1.155,message,201,6.210,backend-3,true
1.155,message,201,6.150,backend-3,true
1.158,message,201,3.670,backend-3,true
1.158,message,201,3.790,backend-3,true
0.471,feed,200,692.090,backend-1,true
1.158,message,201,5.270,backend-1,true
1.160,message,201,3.130,backend-1,true
0.301,feed,200,867.230,backend-2,true
1.160,message,201,8.100,backend-3,true
1.161,message,201,6.810,backend-3,true
1.161,message,201,6.900,backend-3,true
1.163,message,201,5.250,backend-3,true
1.163,message,201,5.130,backend-3,true
1.163,message,201,5.240,backend-3,true
0.882,feed,200,287.620,backend-3,true
0.478,feed,200,693.570,backend-1,true
1.162,message,201,10.160,backend-1,true
1.161,message,201,10.390,backend-1,true
1.161,message,201,10.430,backend-1,true
1.168,message,201,5.810,backend-3,true
1.168,message,201,5.630,backend-3,true
1.172,message,201,2.180,backend-3,true
1.172,message,201,2.420,backend-3,true
1.168,message,201,5.610,backend-3,true
1.172,message,201,2.170,backend-3,true
1.168,message,201,5.790,backend-3,true
1.168,message,201,5.740,backend-3,true
1.168,message,201,5.750,backend-3,true
1.170,message,201,5.660,backend-1,true
0.886,feed,200,290.930,backend-3,true
0.301,feed,200,876.870,backend-2,true
0.484,feed,200,694.010,backend-1,true
1.174,message,201,5.730,backend-3,true
1.174,message,201,5.520,backend-3,true
1.174,message,201,5.600,backend-3,true
1.174,message,201,5.570,backend-3,true
1.174,message,201,5.590,backend-3,true
1.174,message,201,5.580,backend-3,true
1.174,message,201,5.560,backend-3,true
1.174,message,201,5.680,backend-3,true
1.175,message,201,4.300,backend-3,true
1.178,message,201,2.020,backend-3,true
0.886,feed,200,296.210,backend-3,true
1.177,message,201,5.770,backend-1,true
1.180,message,201,4.010,backend-3,true
1.178,message,201,5.680,backend-3,true
1.180,message,201,4.030,backend-3,true
1.180,message,201,3.980,backend-3,true
1.180,message,201,4.020,backend-3,true
1.180,message,201,4.020,backend-3,true
1.180,message,201,4.000,backend-3,true
0.301,feed,200,884.120,backend-2,true
0.484,feed,200,700.780,backend-1,true
1.183,message,201,4.960,backend-1,true
1.185,message,201,2.700,backend-1,true
1.184,message,201,3.900,backend-1,true
1.184,message,201,3.910,backend-1,true
1.183,message,201,4.490,backend-1,true
0.893,feed,200,295.540,backend-3,true
1.184,message,201,5.130,backend-3,true
1.184,message,201,5.060,backend-3,true
1.184,message,201,5.100,backend-3,true
1.185,message,201,3.770,backend-3,true
1.184,message,201,5.190,backend-3,true
0.314,feed,200,877.600,backend-2,true
0.508,feed,200,684.260,backend-1,true
1.188,message,201,5.920,backend-3,true
1.187,message,201,5.950,backend-3,true
1.188,message,201,5.300,backend-3,true
1.188,message,201,5.970,backend-3,true
1.189,message,201,4.730,backend-3,true
1.189,message,201,4.810,backend-3,true
1.189,message,201,5.910,backend-1,true
1.189,message,201,5.860,backend-1,true
1.191,message,201,3.330,backend-1,true
0.895,feed,200,299.600,backend-3,true
1.193,message,201,6.970,backend-3,true
1.192,message,201,8.560,backend-3,true
1.193,message,201,7.040,backend-3,true
1.193,message,201,7.110,backend-3,true
1.193,message,201,7.070,backend-3,true
1.195,message,201,5.960,backend-3,true
1.193,message,201,7.130,backend-3,true
1.195,message,201,5.810,backend-3,true
0.508,feed,200,693.760,backend-1,true
1.195,message,201,6.720,backend-1,true
0.327,feed,200,874.480,backend-2,true
0.901,feed,200,302.330,backend-3,true
1.200,message,201,6.280,backend-1,true
1.201,message,201,6.090,backend-1,true
1.201,message,201,6.100,backend-1,true
1.202,message,201,4.930,backend-1,true
1.200,message,201,6.570,backend-3,true
1.201,message,201,6.470,backend-3,true
1.200,message,201,6.560,backend-3,true
1.201,message,201,5.640,backend-3,true
1.201,message,201,5.700,backend-3,true
1.203,message,201,4.140,backend-3,true
1.201,message,201,6.560,backend-3,true
0.907,feed,200,301.620,backend-3,true
0.339,feed,200,869.730,backend-2,true
0.515,feed,200,694.500,backend-1,true
1.207,message,201,6.600,backend-3,true
1.207,message,201,6.240,backend-3,true
1.207,message,201,6.650,backend-1,true
1.207,message,201,6.660,backend-3,true
1.209,message,201,4.860,backend-1,true
1.207,message,201,6.340,backend-3,true
1.207,message,201,6.350,backend-1,true
1.209,message,201,4.270,backend-1,true
1.207,message,201,6.450,backend-1,true
1.208,message,201,5.280,backend-3,true
0.907,feed,200,308.650,backend-3,true
0.522,feed,200,694.220,backend-1,true
0.339,feed,200,878.010,backend-2,true
1.215,message,201,3.700,backend-1,true
1.216,message,201,2.910,backend-1,true
1.213,message,201,5.510,backend-1,true
1.213,message,201,5.510,backend-1,true
1.213,message,201,5.560,backend-1,true
1.213,message,201,6.950,backend-3,true
1.213,message,201,6.910,backend-3,true
1.213,message,201,7.020,backend-3,true
1.213,message,201,7.010,backend-3,true
1.213,message,201,6.980,backend-3,true
1.217,message,201,3.440,backend-3,true
0.907,feed,200,315.240,backend-3,true
0.522,feed,200,700.680,backend-1,true
0.349,feed,200,875.600,backend-2,true
1.219,message,201,5.780,backend-3,true
1.220,message,201,4.420,backend-3,true
1.220,message,201,4.420,backend-3,true
1.222,message,201,2.960,backend-3,true
1.220,message,201,4.410,backend-3,true
1.223,message,201,2.290,backend-3,true
1.220,message,201,4.470,backend-3,true
1.219,message,201,6.370,backend-1,true
1.219,message,201,6.340,backend-1,true
1.219,message,201,6.390,backend-1,true
1.220,message,201,4.970,backend-1,true
1.220,message,201,4.970,backend-1,true
0.911,feed,200,317.700,backend-3,true
0.531,feed,200,698.640,backend-1,true
1.225,message,201,5.810,backend-1,true
1.225,message,201,5.800,backend-1,true
1.225,message,201,5.310,backend-1,true
1.225,message,201,6.420,backend-3,true
1.225,message,201,5.880,backend-3,true
1.225,message,201,6.450,backend-3,true
1.224,message,201,6.910,backend-3,true
1.225,message,201,5.930,backend-3,true
1.225,message,201,5.920,backend-3,true
0.411,feed,200,821.460,backend-2,true
1.229,message,201,5.040,backend-3,true
1.230,message,201,4.090,backend-3,true
1.231,message,201,2.630,backend-3,true
1.231,message,201,2.630,backend-3,true
1.231,message,201,3.260,backend-3,true
0.541,feed,200,694.920,backend-1,true
1.231,message,201,5.470,backend-1,true
1.231,message,201,4.830,backend-1,true
1.231,message,201,4.840,backend-1,true
1.231,message,201,4.860,backend-1,true
1.232,message,201,3.840,backend-1,true
0.918,feed,200,318.890,backend-3,true
0.453,feed,200,785.440,backend-2,true
1.234,message,201,5.780,backend-3,true
1.236,message,201,3.540,backend-3,true
1.236,message,201,3.660,backend-3,true
1.234,message,201,5.780,backend-3,true
1.236,message,201,3.520,backend-3,true
1.236,message,201,3.550,backend-3,true
1.236,message,201,3.490,backend-3,true
0.541,feed,200,701.260,backend-1,true
1.240,message,201,3.450,backend-1,true
1.238,message,201,5.130,backend-1,true
1.237,message,201,6.020,backend-1,true
1.240,message,201,3.570,backend-1,true
0.923,feed,200,321.250,backend-3,true
1.240,message,201,4.880,backend-3,true
1.242,message,201,2.130,backend-3,true
1.240,message,201,4.920,backend-3,true
1.240,message,201,4.920,backend-3,true
0.462,feed,200,782.430,backend-2,true
1.243,message,201,6.200,backend-1,true
1.245,message,201,4.870,backend-1,true
1.245,message,201,4.630,backend-1,true
1.243,message,201,6.790,backend-3,true
1.245,message,201,5.430,backend-3,true
1.244,message,201,5.920,backend-3,true
1.243,message,201,6.880,backend-3,true
1.245,message,201,5.420,backend-3,true
1.245,message,201,5.510,backend-3,true
0.500,feed,200,750.640,backend-2,true
0.541,feed,200,709.410,backend-1,true
0.929,feed,200,321.780,backend-3,true
1.250,message,201,5.330,backend-3,true
1.251,message,201,4.300,backend-3,true
1.250,message,201,5.270,backend-3,true
1.249,message,201,5.860,backend-3,true
1.249,message,201,5.950,backend-3,true
1.250,message,201,5.330,backend-3,true
1.251,message,201,4.670,backend-3,true
1.250,message,201,5.180,backend-3,true
1.249,message,201,6.380,backend-1,true
1.250,message,201,5.850,backend-1,true
1.250,message,201,5.910,backend-1,true
0.930,feed,200,326.800,backend-3,true
0.541,feed,200,716.510,backend-1,true
0.500,feed,200,758.370,backend-2,true
1.255,message,201,5.490,backend-3,true
1.258,message,201,3.080,backend-3,true
1.255,message,201,5.470,backend-3,true
1.258,message,201,2.940,backend-3,true
1.255,message,201,5.490,backend-3,true
1.256,message,201,5.000,backend-3,true
1.255,message,201,7.190,backend-1,true
1.257,message,201,5.940,backend-1,true
1.255,message,201,7.260,backend-1,true
1.255,message,201,7.240,backend-1,true
1.256,message,201,6.780,backend-1,true
0.934,feed,200,329.610,backend-3,true
0.552,feed,200,713.540,backend-1,true
1.261,message,201,5.500,backend-3,true
1.261,message,201,5.520,backend-3,true
0.527,feed,200,739.300,backend-2,true
1.263,message,201,3.850,backend-3,true
1.263,message,201,3.830,backend-3,true
1.263,message,201,3.930,backend-3,true
1.264,message,201,2.820,backend-3,true
1.261,message,201,6.210,backend-1,true
1.263,message,201,4.500,backend-1,true
1.261,message,201,6.240,backend-1,true
1.265,message,201,5.280,backend-1,true
1.266,message,201,4.270,backend-1,true
0.935,feed,200,335.580,backend-3,true
0.557,feed,200,714.670,backend-1,true
1.266,message,201,5.740,backend-3,true
1.266,message,201,5.730,backend-3,true
1.266,message,201,5.610,backend-3,true
1.267,message,201,5.080,backend-3,true
1.266,message,201,5.780,backend-3,true
1.267,message,201,5.050,backend-3,true
1.266,message,201,5.690,backend-3,true
0.527,feed,200,746.570,backend-2,true
1.271,message,201,5.910,backend-3,true
1.271,message,201,5.930,backend-3,true
1.272,message,201,4.530,backend-3,true
1.272,message,201,4.550,backend-3,true
1.274,message,201,2.960,backend-3,true
1.271,message,201,6.020,backend-3,true
1.272,message,201,5.100,backend-1,true
1.271,message,201,5.890,backend-1,true
1.272,message,201,5.090,backend-1,true
0.935,feed,200,342.560,backend-3,true
0.575,feed,200,703.560,backend-1,true
0.536,feed,200,745.360,backend-2,true
1.277,message,201,6.060,backend-3,true
1.277,message,201,5.550,backend-3,true
1.277,message,201,6.130,backend-3,true
1.277,message,201,6.110,backend-3,true
1.278,message,201,5.060,backend-3,true
1.281,message,201,1.580,backend-3,true
1.277,message,201,6.190,backend-3,true
1.279,message,201,4.020,backend-3,true
1.277,message,201,5.630,backend-3,true
0.935,feed,200,348.580,backend-3,true
0.593,feed,200,692.850,backend-1,true
0.551,feed,200,737.080,backend-2,true
1.283,message,201,5.250,backend-1,true
1.283,message,201,5.260,backend-1,true
1.283,message,201,5.390,backend-1,true
0.940,feed,200,348.440,backend-3,true
1.283,message,201,5.950,backend-3,true
1.283,message,201,5.990,backend-3,true
1.283,message,201,5.990,backend-3,true
1.283,message,201,5.990,backend-3,true
1.283,message,201,5.990,backend-3,true
1.284,message,201,5.080,backend-3,true
1.286,message,201,3.320,backend-3,true
0.594,feed,200,698.770,backend-1,true
1.289,message,201,5.670,backend-1,true
0.941,feed,200,354.380,backend-3,true
1.288,message,201,7.400,backend-3,true
1.288,message,201,6.970,backend-3,true
1.288,message,201,7.070,backend-3,true
1.288,message,201,6.650,backend-3,true
1.289,message,201,6.360,backend-3,true
1.288,message,201,7.100,backend-3,true
1.289,message,201,6.340,backend-3,true
1.289,message,201,6.440,backend-3,true
1.289,message,201,6.460,backend-3,true
1.289,message,201,6.410,backend-3,true
1.289,message,201,6.410,backend-3,true
0.552,feed,200,744.070,backend-2,true
1.295,message,201,4.340,backend-3,true
1.295,message,201,4.470,backend-3,true
1.295,message,201,4.420,backend-3,true
1.296,message,201,3.730,backend-3,true
1.295,message,201,4.690,backend-3,true
1.295,message,201,4.360,backend-3,true
1.295,message,201,4.380,backend-3,true
1.295,message,201,4.340,backend-3,true
1.293,message,201,6.460,backend-3,true
1.295,message,201,4.320,backend-3,true
0.597,feed,200,702.860,backend-1,true
1.295,message,201,5.610,backend-1,true
0.951,feed,200,349.910,backend-3,true
0.555,feed,200,748.510,backend-2,true
0.952,feed,200,353.380,backend-3,true
1.300,message,201,6.540,backend-3,true
1.300,message,201,6.550,backend-3,true
1.300,message,201,6.560,backend-3,true
1.300,message,201,6.590,backend-3,true
1.300,message,201,6.630,backend-3,true
1.300,message,201,6.590,backend-3,true
1.300,message,201,6.620,backend-3,true
1.300,message,201,6.610,backend-3,true
1.300,message,201,6.170,backend-3,true
1.301,message,201,5.430,backend-3,true
0.957,feed,200,349.770,backend-3,true
0.601,feed,200,707.290,backend-1,true
1.305,message,201,3.800,backend-1,true
1.304,message,201,5.200,backend-1,true
1.306,message,201,2.900,backend-1,true
1.306,message,201,3.000,backend-1,true
0.557,feed,200,754.920,backend-2,true
0.957,feed,200,354.560,backend-3,true
1.306,message,201,7.070,backend-3,true
1.306,message,201,7.110,backend-3,true
1.306,message,201,7.190,backend-3,true
1.306,message,201,7.170,backend-3,true
1.307,message,201,6.400,backend-3,true
1.306,message,201,7.310,backend-3,true
1.308,message,201,6.070,backend-1,true
0.603,feed,200,713.330,backend-1,true
0.964,feed,200,354.750,backend-3,true
0.560,feed,200,759.000,backend-2,true
0.606,feed,200,716.200,backend-1,true
0.560,feed,200,763.060,backend-2,true
0.964,feed,200,359.100,backend-3,true
0.606,feed,200,717.680,backend-1,true
0.561,feed,200,763.150,backend-2,true
0.964,feed,200,360.580,backend-3,true
0.606,feed,200,719.150,backend-1,true
0.566,feed,200,759.430,backend-2,true
0.964,feed,200,362.010,backend-3,true
0.566,feed,200,760.760,backend-2,true
0.613,feed,200,713.840,backend-1,true
0.969,feed,200,358.330,backend-3,true
0.570,feed,200,757.910,backend-2,true
0.624,feed,200,704.810,backend-1,true
0.975,feed,200,354.180,backend-3,true
0.575,feed,200,754.210,backend-2,true
0.627,feed,200,702.630,backend-1,true
0.976,feed,200,354.530,backend-3,true
0.576,feed,200,754.720,backend-2,true
0.643,feed,200,687.900,backend-1,true
0.976,feed,200,355.930,backend-3,true
0.576,feed,200,755.930,backend-2,true
0.644,feed,200,689.120,backend-1,true
0.980,feed,200,352.490,backend-3,true
0.582,feed,200,751.520,backend-2,true
0.648,feed,200,685.970,backend-1,true
0.588,feed,200,746.150,backend-2,true
0.981,feed,200,353.190,backend-3,true
0.649,feed,200,686.100,backend-1,true
0.593,feed,200,742.600,backend-2,true
0.986,feed,200,349.630,backend-3,true
0.597,feed,200,739.340,backend-2,true
0.659,feed,200,677.930,backend-1,true
0.987,feed,200,349.690,backend-3,true
0.597,feed,200,740.480,backend-2,true
0.669,feed,200,668.910,backend-1,true
0.998,feed,200,340.630,backend-3,true
0.600,feed,200,738.410,backend-2,true
0.675,feed,200,664.510,backend-1,true
1.009,feed,200,330.940,backend-3,true
0.632,feed,200,708.370,backend-2,true
0.676,feed,200,665.400,backend-1,true
1.009,feed,200,332.360,backend-3,true
0.633,feed,200,708.760,backend-2,true
0.676,feed,200,666.730,backend-1,true
1.010,feed,200,332.220,backend-3,true
0.637,feed,200,705.830,backend-2,true
0.638,feed,200,706.050,backend-2,true
0.677,feed,200,667.160,backend-1,true
1.010,feed,200,333.660,backend-3,true
0.638,feed,200,707.390,backend-2,true
1.019,feed,200,326.300,backend-3,true
0.681,feed,200,664.560,backend-1,true
0.643,feed,200,702.890,backend-2,true
1.031,feed,200,316.230,backend-3,true
0.688,feed,200,659.060,backend-1,true
0.648,feed,200,699.660,backend-2,true
1.032,feed,200,316.220,backend-3,true
0.688,feed,200,660.100,backend-1,true
0.648,feed,200,700.650,backend-2,true
1.036,feed,200,313.210,backend-3,true
0.689,feed,200,660.910,backend-1,true
0.653,feed,200,697.100,backend-2,true
1.040,feed,200,311.350,backend-3,true
0.653,feed,200,698.330,backend-2,true
0.696,feed,200,655.310,backend-1,true
0.653,feed,200,699.460,backend-2,true
1.040,feed,200,312.730,backend-3,true
0.702,feed,200,650.270,backend-1,true
0.660,feed,200,693.190,backend-2,true
1.043,feed,200,311.250,backend-3,true
0.706,feed,200,647.600,backend-1,true
0.669,feed,200,685.750,backend-2,true
1.054,feed,200,300.830,backend-3,true
0.710,feed,200,645.130,backend-1,true
0.672,feed,200,683.990,backend-2,true
1.055,feed,200,302.200,backend-3,true
0.710,feed,200,646.590,backend-1,true
0.677,feed,200,680.560,backend-2,true
0.712,feed,200,646.010,backend-1,true
1.061,feed,200,297.350,backend-3,true
0.681,feed,200,677.380,backend-2,true
0.692,feed,200,667.210,backend-2,true
1.062,feed,200,297.780,backend-3,true
0.712,feed,200,647.610,backend-1,true
0.696,feed,200,664.970,backend-2,true
1.066,feed,200,295.490,backend-3,true
0.717,feed,200,644.500,backend-1,true
0.703,feed,200,659.080,backend-2,true
0.722,feed,200,641.180,backend-1,true
1.070,feed,200,292.510,backend-3,true
0.703,feed,200,660.050,backend-2,true
0.730,feed,200,633.940,backend-1,true
1.076,feed,200,288.750,backend-3,true
0.703,feed,200,661.150,backend-2,true
0.730,feed,200,635.350,backend-1,true
0.717,feed,200,649.270,backend-2,true
1.081,feed,200,284.620,backend-3,true
0.720,feed,200,646.810,backend-2,true
0.730,feed,200,636.750,backend-1,true
1.087,feed,200,280.590,backend-3,true
0.722,feed,200,646.440,backend-2,true
0.737,feed,200,631.890,backend-1,true
1.091,feed,200,277.910,backend-3,true
0.726,feed,200,643.860,backend-2,true
0.752,feed,200,618.180,backend-1,true
1.092,feed,200,278.610,backend-3,true
0.726,feed,200,645.040,backend-2,true
0.759,feed,200,612.750,backend-1,true
1.097,feed,200,274.950,backend-3,true
0.736,feed,200,636.100,backend-2,true
0.764,feed,200,608.800,backend-1,true
1.101,feed,200,272.330,backend-3,true
0.736,feed,200,637.320,backend-2,true
0.742,feed,200,631.950,backend-2,true
0.771,feed,200,603.720,backend-1,true
1.106,feed,200,268.740,backend-3,true
0.748,feed,200,627.880,backend-2,true
0.773,feed,200,602.760,backend-1,true
1.106,feed,200,269.900,backend-3,true
0.748,feed,200,628.970,backend-2,true
0.774,feed,200,602.800,backend-1,true
1.115,feed,200,261.640,backend-3,true
0.753,feed,200,625.060,backend-2,true
0.774,feed,200,604.100,backend-1,true
1.116,feed,200,262.950,backend-3,true
0.753,feed,200,626.400,backend-2,true
0.786,feed,200,593.590,backend-1,true
1.121,feed,200,259.050,backend-3,true
0.758,feed,200,621.690,backend-2,true
0.789,feed,200,592.260,backend-1,true
1.130,feed,200,251.400,backend-3,true
0.766,feed,200,615.170,backend-2,true
0.766,feed,200,616.440,backend-2,true
0.794,feed,200,588.710,backend-1,true
1.135,feed,200,248.120,backend-3,true
0.773,feed,200,610.920,backend-2,true
0.799,feed,200,585.380,backend-1,true
1.139,feed,200,244.940,backend-3,true
0.774,feed,200,610.750,backend-2,true
1.144,feed,200,241.450,backend-3,true
0.803,feed,200,582.460,backend-1,true
0.780,feed,200,606.330,backend-2,true
1.144,feed,200,243.100,backend-3,true
0.815,feed,200,572.250,backend-1,true
0.786,feed,200,601.230,backend-2,true
1.151,feed,200,237.960,backend-3,true
0.786,feed,200,602.540,backend-2,true
0.815,feed,200,573.730,backend-1,true
0.789,feed,200,600.840,backend-2,true
1.151,feed,200,239.420,backend-3,true
0.821,feed,200,569.140,backend-1,true
0.790,feed,200,600.780,backend-2,true
1.161,feed,200,230.420,backend-3,true
0.826,feed,200,565.760,backend-1,true
0.794,feed,200,598.200,backend-2,true
0.799,feed,200,594.690,backend-2,true
1.161,feed,200,231.920,backend-3,true
0.831,feed,200,562.500,backend-1,true
0.803,feed,200,591.310,backend-2,true
1.168,feed,200,226.420,backend-3,true
0.836,feed,200,558.940,backend-1,true
0.803,feed,200,592.500,backend-2,true
0.836,feed,200,560.150,backend-1,true
1.172,feed,200,224.480,backend-3,true
0.809,feed,200,587.900,backend-2,true
1.174,feed,200,223.630,backend-3,true
0.836,feed,200,561.650,backend-1,true
0.815,feed,200,583.000,backend-2,true
1.180,feed,200,219.580,backend-3,true
0.842,feed,200,557.560,backend-1,true
0.821,feed,200,578.060,backend-2,true
0.826,feed,200,574.310,backend-2,true
0.842,feed,200,558.920,backend-1,true
1.180,feed,200,220.990,backend-3,true
1.180,feed,200,222.330,backend-3,true
0.845,feed,200,556.840,backend-1,true
0.847,feed,200,556.610,backend-1,true
1.180,feed,200,223.910,backend-3,true
1.188,feed,200,217.630,backend-3,true
0.847,feed,200,558.250,backend-1,true
1.189,feed,200,218.110,backend-3,true
0.855,feed,200,551.640,backend-1,true
1.194,feed,200,215.050,backend-3,true
0.855,feed,200,553.300,backend-1,true
0.862,feed,200,549.300,backend-1,true
1.195,feed,200,216.500,backend-3,true
1.201,feed,200,219.900,backend-3,true
0.862,feed,200,558.880,backend-1,true
1.207,feed,200,216.590,backend-3,true
0.867,feed,200,556.300,backend-1,true
1.207,feed,200,217.590,backend-3,true
0.881,feed,200,544.130,backend-1,true
1.207,feed,200,219.190,backend-3,true
0.882,feed,200,544.720,backend-1,true
1.213,feed,200,214.340,backend-3,true
0.890,feed,200,538.600,backend-1,true
1.225,feed,200,204.350,backend-3,true
0.893,feed,200,536.960,backend-1,true
1.225,feed,200,205.690,backend-3,true
0.895,feed,200,535.610,backend-1,true
1.225,feed,200,206.680,backend-3,true
0.907,feed,200,525.750,backend-1,true
1.231,feed,200,203.440,backend-3,true
0.913,feed,200,521.430,backend-1,true
0.918,feed,200,517.760,backend-1,true
1.234,feed,200,202.240,backend-3,true
1.234,feed,200,204.050,backend-3,true
0.923,feed,200,514.900,backend-1,true
0.946,feed,200,493.740,backend-1,true
1.234,feed,200,205.480,backend-3,true
0.946,feed,200,495.040,backend-1,true
1.236,feed,200,204.640,backend-3,true
1.240,feed,200,202.650,backend-3,true
0.952,feed,200,490.590,backend-1,true
0.981,feed,200,462.840,backend-1,true
1.243,feed,200,200.780,backend-3,true
1.255,feed,200,190.100,backend-3,true
0.986,feed,200,459.450,backend-1,true
0.993,feed,200,454.310,backend-1,true
1.255,feed,200,191.660,backend-3,true
0.993,feed,200,455.670,backend-1,true
1.256,feed,200,192.490,backend-3,true
1.261,feed,200,189.350,backend-3,true
0.999,feed,200,451.400,backend-1,true
1.263,feed,200,188.910,backend-3,true
0.999,feed,200,452.720,backend-1,true
1.266,feed,200,186.780,backend-3,true
1.003,feed,200,450.200,backend-1,true
1.267,feed,200,187.830,backend-3,true
1.019,feed,200,435.840,backend-1,true
1.022,feed,200,434.560,backend-1,true
1.272,feed,200,184.220,backend-3,true
1.027,feed,200,430.750,backend-1,true
1.272,feed,200,185.750,backend-3,true
1.027,feed,200,432.050,backend-1,true
1.272,feed,200,187.100,backend-3,true
1.032,feed,200,428.990,backend-1,true
1.277,feed,200,184.280,backend-3,true
1.277,feed,200,186.060,backend-3,true
1.045,feed,200,418.100,backend-1,true
1.277,feed,200,187.900,backend-3,true
1.048,feed,200,417.420,backend-1,true
1.048,feed,200,419.500,backend-1,true
1.283,feed,200,184.570,backend-3,true
1.066,feed,200,403.590,backend-1,true
1.294,feed,200,174.980,backend-3,true
1.070,feed,200,400.810,backend-1,true
1.295,feed,200,176.150,backend-3,true
1.300,feed,200,173.760,backend-3,true
1.070,feed,200,402.920,backend-1,true
1.300,feed,200,175.600,backend-3,true
1.081,feed,200,394.130,backend-1,true
1.301,feed,200,176.230,backend-3,true
1.087,feed,200,390.340,backend-1,true
1.092,feed,200,387.530,backend-1,true
1.306,feed,200,173.020,backend-3,true
1.306,feed,200,174.760,backend-3,true
1.092,feed,200,389.390,backend-1,true
1.306,feed,200,176.270,backend-3,true
1.099,feed,200,383.440,backend-1,true
1.106,feed,200,378.340,backend-1,true
1.313,feed,200,170.950,backend-3,true
1.111,feed,200,374.770,backend-1,true
1.121,feed,200,366.920,backend-1,true
1.125,feed,200,364.750,backend-1,true
1.126,feed,200,365.090,backend-1,true
1.130,feed,200,362.750,backend-1,true
1.130,feed,200,364.580,backend-1,true
1.139,feed,200,358.730,backend-1,true
1.151,feed,200,349.760,backend-1,true
1.155,feed,200,346.820,backend-1,true
1.161,feed,200,342.260,backend-1,true
1.184,feed,200,321.510,backend-1,true
1.188,feed,200,319.230,backend-1,true
1.207,feed,200,301.510,backend-1,true
1.213,feed,200,297.420,backend-1,true
1.219,feed,200,295.220,backend-1,true
1.225,feed,200,291.880,backend-1,true
1.231,feed,200,287.310,backend-1,true
1.240,feed,200,281.090,backend-1,true
1.250,feed,200,272.810,backend-1,true
1.261,feed,200,263.690,backend-1,true
1.295,feed,200,231.130,backend-1,true
1.295,feed,200,232.750,backend-1,true
